num__fixed acidity,num__volatile acidity,num__citric acid,num__residual sugar,num__chlorides,num__free sulfur dioxide,num__total sulfur dioxide,num__density,num__pH,num__sulphates,num__alcohol,cat__type_red,cat__type_white,quality
-0.4595666803102463,1.9043134051030803,-2.1657389015890915,-0.453257163630627,1.5385126540877172,-0.5286600440919229,-1.4816339173454955,0.6106684037859844,1.398283857613798,0.6259071207452813,-0.21147296350531794,1.0,0.0,5
0.07051906717282422,1.003717621984508,-0.9395181442001829,-0.6562731209226543,0.35310740095998505,-1.0470056740985194,-1.5349010776165177,1.0843357797933308,1.8319619656175528,1.2856876945420592,-0.8812646672316334,1.0,0.0,6
1.6607763096220358,1.4840353729810796,-1.2120116458421626,-0.6788304495106573,0.7219001463775018,-0.29828420853343557,-1.1797866758097024,1.2274582962847507,-0.5222906206885499,0.164060719087537,-0.7138167413000552,1.0,0.0,5
-0.15666053889134865,0.5233998709879362,-0.12203763927424371,-0.6788304495106573,0.7482424853358958,-1.3925694274362506,-1.3395881566227694,-0.35370474304911437,0.6548356724645014,-0.49571985470924124,1.1281104439473115,1.0,0.0,6
-0.913925892438592,0.10312183886593582,0.014209111546746275,-0.8818464068026846,-0.09471236133271399,-0.24069024964381375,1.0396783354828931,-0.12198257349155932,0.9646057496100402,0.03210460432818127,-1.4673324079921584,0.0,1.0,5
0.14624560252754895,0.10312183886593582,0.08233248695724127,-0.8141744210386755,-0.8322978521677473,-0.1830962907541919,-1.0554966351773172,-1.0216098200090993,-0.08861251268479507,-1.3534346006450526,0.542042703186785,0.0,1.0,6
-0.7624728217291432,-1.1577122575000651,-0.3264077655057283,-0.8141744210386755,-0.4108204288334425,1.1991587225967322,0.04535801042381023,-1.226070557854012,0.3450655953189598,-1.0235443137466638,0.542042703186785,0.0,1.0,6
-0.4595666803102463,-0.43723563100520724,0.014209111546746275,-0.8367317496266786,-0.33179341195826045,-0.7014419207607885,-0.3807792717443681,-1.3828237902017722,-0.7081526669758754,0.164060719087537,1.421144314327574,0.0,1.0,5
1.2064170974936899,1.6041148107302228,-0.8713947687896879,-0.22768387775059673,0.9853235359614421,-0.010314414085326379,-0.8069165539125465,1.1490816801108896,-0.026658497255685663,-0.23180762519053016,-0.4626448524026866,1.0,0.0,6
-0.38384014495552155,-1.1577122575000651,0.4229493640097159,-0.7465024352746664,-0.5161897846670188,-0.5862540029815447,-0.540580752557435,-1.376008432273602,-0.8320606978340915,-0.03387345305149659,0.7094906291183647,0.0,1.0,6
0.22197213788227302,-0.6173547876289218,2.0579103738615943,1.2610998090576033,-0.3054510729998664,1.1991587225967322,0.6845639336760777,1.1218202483982094,-0.39838258983033387,-0.6276759694685969,-1.4673324079921584,0.0,1.0,5
-0.6110197510196944,-0.13703703663234995,-0.3945311409162233,0.6520519371815215,-0.17373937820789603,1.314346640375976,1.1639683761152784,0.21878532291660321,-0.5222906206885499,-0.23180762519053016,-0.7975407042658443,0.0,1.0,5
0.37342520859172185,-0.5573150687543503,-0.12203763927424371,0.6294946085935185,-0.4898474457086247,2.1206620648306815,1.4480598975607306,0.35850016044395705,-0.7701066824049821,-0.23180762519053016,-0.37892088943689756,0.0,1.0,5
1.812229380331484,-0.13703703663234995,1.03605974270417,-0.8141744210386755,-0.015685344457531777,-1.219787550767385,-1.6059239579778808,0.8355752154153695,-0.026658497255685663,1.8794902109591591,-0.21147296350531794,1.0,0.0,7
-0.23238707424607272,-0.257116474381493,0.8998129918831804,-0.8141744210386755,-0.46350510675023066,0.3352493392524047,0.13413661087551404,-1.3317086057405534,-0.9559687286923076,-0.42974179732956375,0.458318740220996,0.0,1.0,7
0.07051906717282422,0.4633601521133647,0.4229493640097159,0.40392132271348813,-0.3054510729998664,-0.06790837297494821,0.13413661087551404,-0.6808419236009368,-0.21252054354301114,-1.0895223711263415,1.7141781847078363,0.0,1.0,7
2.6452212692334514,0.3432807143642219,1.104183118114665,-0.6562731209226543,1.8019360436716576,-0.874223797429654,-1.1620309557193618,1.1933815066439382,-1.2037847904087398,1.813512153579482,-0.7138167413000552,1.0,0.0,6
-0.0052074681818998474,1.4239956541065082,-1.9613687753576068,-0.6111584637466483,0.5375037736687432,-1.3349754685466286,-1.5349010776165177,0.4027999869770057,0.7787437033227175,-0.09985151043117445,-0.4626448524026866,1.0,0.0,5
-0.23238707424607272,-0.37719591213063575,0.6273194902412005,-0.8141744210386755,-1.0693789027932938,-1.3925694274362506,-1.0554966351773172,-1.9553138561674897,-0.39838258983033387,-0.891588198987308,2.3839698884341516,0.0,1.0,5
0.2976986732369971,1.6641545296047942,0.014209111546746275,-0.6337157923346513,0.6692154684607136,-1.3349754685466286,-1.0732523552676578,0.7163064516725258,0.8406977187518241,-0.09985151043117445,-0.9649886301974224,1.0,0.0,5
-0.08093400353662458,-0.0169575988832069,-1.1438882704316677,-0.8592890782146816,-0.09471236133271399,1.7750983114929506,1.2172355363863006,-0.3059972375519618,-0.8320606978340915,-0.6936540268482748,-1.132436556129002,0.0,1.0,5
-0.08093400353662458,0.6434793087370793,-0.5307778917372133,-0.5209291493946361,-0.4371627677918366,-0.35587816742305745,-0.4873135922864127,-2.0030213616646044,-1.7613709292707107,-1.0235443137466638,2.3839698884341516,0.0,1.0,8
-0.6110197510196944,-1.0376328197509221,0.014209111546746275,-0.5886011351586452,-0.2264240561246842,0.6232191337005138,1.5190827779220937,-0.23784365827033685,1.7080539347593366,-0.23180762519053016,-0.7138167413000552,0.0,1.0,6
-0.4595666803102463,-0.07699731775777843,-0.05391426386374872,-0.8367317496266786,-0.9640095469597175,-0.06790837297494821,-0.45180215210573116,-1.4134929008785184,0.22115756446074375,-0.6276759694685969,1.5467302587762581,0.0,1.0,8
-0.08093400353662458,-0.37719591213063575,0.8316896164726855,-0.7239451066866635,-0.647901479458989,0.1048735036939173,-0.1321991904795974,-1.2942241371356369,0.15920354903163708,-0.36376373994988587,1.3792823328446786,0.0,1.0,7
0.14624560252754895,-0.07699731775777843,0.8316896164726855,0.5843799514175123,-0.17373937820789603,0.565625174810892,1.9984872203612942,0.7810523519900469,-0.646198651546766,-0.09985151043117445,-1.2998844820605802,0.0,1.0,5
0.2976986732369971,-0.257116474381493,0.4229493640097159,-0.6562731209226543,-0.35813575091665456,-1.1621935918777633,-0.29200067129266427,-0.5240886912532146,-0.33642857440122725,0.757863235504637,0.37459477725520696,0.0,1.0,5
-0.15666053889134865,-1.0976725386254935,2.8072675033770382,-0.9044037353906876,2.1443864501307806,1.6023164348240853,0.6312967734050554,-0.3059972375519618,-0.8940147132631981,-1.5513687727840861,-1.132436556129002,0.0,1.0,5
0.2976986732369971,0.883638184235365,-0.3945311409162233,-0.7690597638626695,4.725935668053396,-1.1621935918777633,-0.4695578721960719,0.7844600309541507,-0.7081526669758754,1.747534096199804,-1.0487125931632115,1.0,0.0,5
1.1306905621389645,1.7241942484793658,-0.25828439009523335,-0.5209291493946361,1.0380082138782303,-0.7590358796504103,-0.8069165539125465,0.9684746950145532,0.22115756446074375,0.6259071207452813,-0.2951969264711085,1.0,0.0,6
-0.4595666803102463,-0.6173547876289218,0.08233248695724127,1.148313166117588,-0.647901479458989,-1.277381509657007,-0.5938479128284573,0.6004453668937483,-0.21252054354301114,-0.1658295678108523,-0.6300927783342647,0.0,1.0,6
-0.4595666803102463,-0.0169575988832069,-0.803271393379193,-0.9044037353906876,-0.09471236133271399,-0.24069024964381375,-0.04342059002789359,-0.3877815326899269,0.592881657035392,0.09808266170785913,-1.216160519094791,0.0,1.0,5
1.1306905621389645,2.9850283448453663,-2.1657389015890915,-0.8141744210386755,0.2213957061680147,-0.35587816742305745,-1.446122477164814,0.30738497598270054,0.28311157988985314,0.09808266170785913,-0.7138167413000552,1.0,0.0,5
-0.08093400353662458,1.6041148107302228,-2.029492150768102,-0.5660438065706422,0.6428731295023195,-0.7590358796504103,-0.4873135922864127,1.0059591636194318,1.5841459039011205,0.4279729486062477,-0.7138167413000552,1.0,0.0,6
-0.38384014495552155,-0.7974739442526363,0.014209111546746275,0.0881187224814458,-0.25276639508307824,-0.06790837297494821,0.4537395725016478,0.17107781741945063,1.0265597650391496,-0.49571985470924124,-0.7138167413000552,0.0,1.0,6
-1.2168320338574896,-0.13703703663234995,0.08233248695724127,0.5392652942415064,-0.5161897846670188,-0.29828420853343557,-0.34526783156368657,-0.619503702247482,0.15920354903163708,-0.29778568257020804,0.458318740220996,0.0,1.0,6
-1.2168320338574896,-0.5573150687543503,-0.8713947687896879,-0.5886011351586452,-0.2000817171662901,0.6808130925901357,0.9153882948505077,-0.851225871805037,0.15920354903163708,-0.6936540268482748,-0.1277490005395289,0.0,1.0,6
-0.38384014495552155,-0.0169575988832069,0.7635662410621905,-0.7690597638626695,-0.4108204288334425,-0.06790837297494821,-0.007909149847212065,-1.4850541591242095,0.035295518173421,-0.6276759694685969,1.7141781847078363,0.0,1.0,6
-0.5352932156649703,-0.6773945065034932,0.08233248695724127,1.9829343238737005,-0.38447808987504845,-0.29828420853343557,0.43598385241130705,0.8355752154153695,0.7787437033227175,0.164060719087537,-0.1277490005395289,0.0,1.0,6
-0.23238707424607272,0.9436779031099366,-1.8932453999471122,-0.7916170924506725,0.7482424853358958,-0.6438479618711667,-1.1620309557193618,0.4436921345459882,0.7787437033227175,1.6155779814404485,-0.8812646672316334,1.0,0.0,5
-0.7624728217291432,1.003717621984508,-1.2120116458421626,-0.7013877780986604,-0.015685344457531777,-0.874223797429654,-1.4283667570744731,-0.18332079484505204,1.5841459039011205,0.2300387764672141,0.7932145920841537,1.0,0.0,6
-0.838199357083868,0.40332043323879313,-0.803271393379193,1.7122463808176638,-0.647901479458989,1.3719405992655977,0.38271669214028475,0.22560068084477328,-1.9472329755580335,-0.6936540268482748,0.03969892539204922,0.0,1.0,6
0.14624560252754895,-0.4972753498797788,-0.1901610146847387,-0.2953558635146058,-0.2264240561246842,-0.9318177563192758,-0.7358936735511834,-1.0216098200090993,-1.0179227441214143,-0.5616979120889191,0.7094906291183647,0.0,1.0,6
-0.5352932156649703,0.7035190276116507,-0.05391426386374872,-0.0021105918705664113,-0.7796131742509592,-0.874223797429654,-0.7536493936415242,-0.9704946355478806,0.22115756446074375,0.4279729486062477,0.7932145920841537,0.0,1.0,7
-0.7624728217291432,-0.257116474381493,-0.05391426386374872,-0.8592890782146816,-0.2264240561246842,-0.6438479618711667,0.18740377114653634,-1.5361693435854282,0.592881657035392,0.03210460432818127,1.7141781847078363,0.0,1.0,6
-0.6110197510196944,-0.43723563100520724,-0.8713947687896879,-0.6788304495106573,0.7219001463775018,-0.5286600440919229,1.3592812971090267,0.22560068084477328,1.64609991933023,0.6259071207452813,-0.7975407042658443,0.0,1.0,4
0.2976986732369971,-0.43723563100520724,-0.12203763927424371,0.9452972088255608,-1.0166942248765056,-0.41347212631267927,-0.3275121114733458,-0.23784365827033685,-0.8940147132631981,-1.6173468301637641,0.37459477725520696,0.0,1.0,6
-0.15666053889134865,-0.31715619325606453,-0.3945311409162233,-0.7690597638626695,-0.33179341195826045,-1.0470056740985194,-0.4873135922864127,-0.7489955028825995,-0.8940147132631981,-0.49571985470924124,-0.044025037573739836,0.0,1.0,6
0.4491517439464459,-0.13703703663234995,0.08233248695724127,-0.5886011351586452,-0.5161897846670188,-0.7014419207607885,-0.238733511021642,-1.1238401889315746,-0.08861251268479507,0.757863235504637,0.9606625180157319,0.0,1.0,7
-0.4595666803102463,1.3639559352319366,-2.029492150768102,-0.6562731209226543,1.5385126540877172,-1.3925694274362506,-1.747969718700607,0.6958603778880157,0.9646057496100402,1.0217754650233477,-0.8812646672316334,1.0,0.0,5
-0.5352932156649703,0.2832409954896504,-0.5989012671477081,0.0881187224814458,-0.14739703924950215,-0.29828420853343557,0.6135410533147146,-0.37415081683362456,0.09724953360253041,-1.2214784858856973,-0.4626448524026866,0.0,1.0,5
-0.5352932156649703,3.255207079780938,-2.1657389015890915,-0.6111584637466483,2.8819719409658138,-1.3925694274362506,-1.81899259906197,0.3448694445876169,2.079778027333985,-0.1658295678108523,0.2071468513236288,1.0,0.0,5
0.6763313500106188,3.1651475014690815,-2.1657389015890915,-0.385585177866618,1.0380082138782303,-0.24069024964381375,-0.9489623146352726,1.9601092735623324,2.327594089050417,1.2197096371623812,-0.6300927783342647,1.0,0.0,4
-0.6867462863744191,-0.7974739442526363,-0.05391426386374872,-0.8592890782146816,-0.35813575091665456,-0.010314414085326379,0.04535801042381023,-0.9943483882964569,1.64609991933023,0.9557974076436706,0.37459477725520696,0.0,1.0,6
-0.6867462863744191,-0.31715619325606453,0.5591961148307059,0.33624933694947906,-0.46350510675023066,0.7384070514797575,0.9331440149408484,0.273308186341888,-0.4603366052594433,-0.6276759694685969,-1.0487125931632115,0.0,1.0,6
1.9636824510409334,3.825584409089367,0.014209111546746275,-0.6111584637466483,0.5638461126271372,0.2776553803627828,0.6668082135857369,1.1933815066439382,0.15920354903163708,-0.36376373994988587,-0.9649886301974224,1.0,0.0,5
0.14624560252754895,-0.4972753498797788,0.7635662410621905,0.2234626940094639,-0.9113248690429295,-0.4710660852023011,0.18740377114653634,-0.5786115546784993,-0.5842446361176594,0.09808266170785913,0.7932145920841537,0.0,1.0,6
-1.5954647106311113,-0.5573150687543503,0.28670261318872586,-0.8367317496266786,-0.5688744625838068,0.565625174810892,-0.6471150730994796,-1.839452771388712,0.035295518173421,0.6918851781249591,1.2955583698788895,0.0,1.0,7
-0.38384014495552155,1.4239956541065082,-1.620751898305132,-0.7239451066866635,1.0643505528366244,-0.874223797429654,-0.8779394342739095,0.4777689241868007,0.3450655953189598,0.03210460432818127,-1.132436556129002,1.0,0.0,5
0.9792374914295164,0.3432807143642219,0.5591961148307059,0.29113467977347296,-0.17373937820789603,-1.5653513041051161,-1.8545040392426515,0.39598462904883563,0.3450655953189598,0.164060719087537,1.2118344069131004,1.0,0.0,4
2.342315127814555,0.5233998709879362,0.8316896164726855,-0.5886011351586452,4.146404210968728,-1.4501633863258725,-1.81899259906197,1.6704565616153506,-0.21252054354301114,0.6259071207452813,-0.8812646672316334,1.0,0.0,6
0.4491517439464459,-0.6173547876289218,0.014209111546746275,1.6220170664656517,-0.06837002237431992,0.6808130925901357,0.4182281323209663,1.3296886652071882,-1.3276928212669559,0.03210460432818127,-1.4673324079921584,0.0,1.0,5
-1.0653789631480408,-0.8575136631272077,-0.5307778917372133,-0.8141744210386755,-0.6215591405005949,2.005474147051438,0.96865545512153,-1.3862314691658382,2.2656400736213076,0.164060719087537,1.4630062958104693,0.0,1.0,7
-1.3682851045669377,1.5140552324183654,-1.4845051474841422,-0.4983718208066331,-0.38447808987504845,-0.24069024964381375,-0.611603632918798,-0.4423043961152495,0.8406977187518241,-1.0235443137466638,-1.0487125931632115,0.0,1.0,5
-0.38384014495552155,-0.37719591213063575,-0.25828439009523335,-0.11489723481058156,-0.14739703924950215,-0.9318177563192758,-0.39853499183470886,-0.7694415766670719,0.8406977187518241,0.296016833846892,1.1281104439473115,0.0,1.0,6
0.2976986732369971,1.0637573408590797,-1.3482583966631525,-0.453257163630627,0.27408038408480284,-1.0470056740985194,-1.0910080753579987,0.8866903998765882,0.8406977187518241,0.2300387764672141,-1.216160519094791,1.0,0.0,5
-1.3682851045669377,1.4840353729810796,-1.6888752737156272,0.44903597988949423,-0.3054510729998664,0.3352493392524047,0.5780296131340331,-0.03338292042546203,0.7167896878936081,0.2300387764672141,-0.7138167413000552,0.0,1.0,6
0.8277844207200683,-1.1577122575000651,0.49107273942021085,-0.8367317496266786,-0.04202768341592585,0.1048735036939173,0.5602738930436924,-0.5104579753968744,-0.8940147132631981,-0.9575662563669859,-0.044025037573739836,0.0,1.0,6
-0.38384014495552155,-0.19707675550692147,-0.9395181442001829,0.6069372800055155,-0.35813575091665456,1.5447224759344633,1.5190827779220937,0.39598462904883563,-0.33642857440122725,-0.6276759694685969,-0.9649886301974224,0.0,1.0,6
0.7520578853653429,-0.31715619325606453,1.1723064935251601,-0.9044037353906876,-0.33179341195826045,-0.06790837297494821,0.06311373051415099,-0.5786115546784993,0.09724953360253041,-1.1555004285060195,0.29087081428941786,0.0,1.0,4
0.22197213788227302,-0.07699731775777843,0.28670261318872586,-0.5434864779826392,-0.14739703924950215,-0.24069024964381375,0.2051594912368771,-1.2022168051054356,0.592881657035392,-0.03387345305149659,1.7979021476736254,0.0,1.0,6
-0.7624728217291432,-0.9775931008763507,0.4229493640097159,-0.7916170924506725,-0.7532708352925652,0.3352493392524047,0.04535801042381023,-0.5104579753968744,1.5221918884720138,0.03210460432818127,-0.7138167413000552,0.0,1.0,6
-0.6110197510196944,-0.31715619325606453,0.8316896164726855,-0.3179131921026088,3.698584448676029,2.5814137359476566,1.2172355363863006,-0.10153649970708697,-1.3276928212669559,-1.0235443137466638,-1.216160519094791,0.0,1.0,5
-1.2168320338574896,-0.6473746470662076,-0.1901610146847387,-0.8592890782146816,-0.25276639508307824,0.16246746258353914,0.22291521132721787,-1.1919937682131996,0.7167896878936081,-0.23180762519053016,0.37459477725520696,0.0,1.0,7
0.6763313500106188,2.624790031597938,-0.5989012671477081,-0.5434864779826392,0.06334167241765026,-1.4501633863258725,-1.7657254387909478,0.8526136102357758,0.9026517341809336,0.164060719087537,0.6257666661525756,1.0,0.0,5
0.2976986732369971,-1.0376328197509221,0.28670261318872586,-0.11489723481058156,-0.38447808987504845,-0.24069024964381375,-0.22097779093130124,-0.07768274695851067,-0.8320606978340915,-0.42974179732956375,-0.8812646672316334,0.0,1.0,5
2.5694947338787273,-0.19707675550692147,1.1723064935251601,-0.5660438065706422,0.27408038408480284,-1.3925694274362506,-1.6591911182489032,1.4319190341296635,0.22115756446074375,2.1434024404778707,0.12342288835783828,1.0,0.0,6
0.6006048146558948,-0.5573150687543503,-0.3264077655057283,1.058083851765576,-0.5425321236254129,-0.874223797429654,-0.5228250324670942,-0.14924400520420172,-1.451600852125169,-1.1555004285060195,0.542042703186785,0.0,1.0,6
-0.913925892438592,-0.257116474381493,0.8316896164726855,-0.7916170924506725,-0.27910873404147235,-0.874223797429654,1.19947981629596,0.01773226403579451,1.7080539347593366,-0.09985151043117445,-0.1277490005395289,0.0,1.0,5
0.9792374914295164,-0.9175533820017792,1.649170121398625,2.7724408244538066,-0.04202768341592585,0.9687828870382449,0.96865545512153,2.0350782107720895,-0.9559687286923076,0.8898193502639927,-1.0487125931632115,0.0,1.0,6
-0.5352932156649703,-0.9775931008763507,0.6273194902412005,2.0731636382257124,-0.46350510675023066,0.9687828870382449,0.2584266515078994,0.7776446730259807,0.3450655953189598,1.2197096371623812,-0.21147296350531794,0.0,1.0,7
-1.1411054985027649,-0.7374342253780647,-0.46265451632671833,-0.8818464068026846,-0.17373937820789603,3.848480831519337,1.0751897756635747,-1.1954014471772656,1.3363298421846885,0.5599290633656034,0.458318740220996,0.0,1.0,6
-0.913925892438592,-1.2777916952492079,-0.25828439009523335,0.15579070824545485,-0.4898474457086247,1.4871285170448414,1.3326477169735156,0.10292423813782568,2.2656400736213076,-0.6936540268482748,0.03969892539204922,0.0,1.0,7
-0.5352932156649703,-0.7374342253780647,0.8998129918831804,0.6746092657695245,-0.09471236133271399,1.256752681486354,1.4480598975607306,0.4777689241868007,0.035295518173421,-0.36376373994988587,-1.216160519094791,0.0,1.0,6
0.22197213788227302,-0.6773945065034932,-0.12203763927424371,-0.8592890782146816,-0.7005861573757771,-0.1830962907541919,-0.611603632918798,-0.8784873035176795,-1.0798767595505236,0.9557974076436706,-0.044025037573739836,0.0,1.0,5
0.14624560252754895,0.0430821199913643,-0.803271393379193,2.0054916524617035,-0.06837002237431992,1.8902862292721943,2.0339986605419758,1.4932572554831183,-0.7081526669758754,-0.23180762519053016,-1.3836084450263693,0.0,1.0,6
0.22197213788227302,1.7241942484793658,-0.3264077655057283,-0.6788304495106573,0.6955578074191077,-0.7590358796504103,-0.41629071192504963,0.5663685772529358,0.22115756446074375,0.296016833846892,-0.6300927783342647,1.0,0.0,6
0.9035109560747924,0.2832409954896504,-1.4845051474841422,-0.7465024352746664,0.4848190957519551,-1.3925694274362506,-1.5881682378875401,0.44709981351005434,-0.8320606978340915,-0.6936540268482748,-0.7138167413000552,1.0,0.0,6
-0.913925892438592,-0.37719591213063575,0.21857923777823088,-0.7013877780986604,-0.5161897846670188,-0.8166298385400321,0.09862517069483252,-0.40822760647443707,-0.39838258983033387,1.0217754650233477,0.03969892539204922,0.0,1.0,5
-0.23238707424607272,1.2438764974827943,-1.1438882704316677,-0.6337157923346513,0.5111614347103491,-0.6438479618711667,-1.3218324365324285,0.5459225034684256,1.1504677958973657,0.3619948912265698,-0.37892088943689756,1.0,0.0,5
-0.3081136096007975,-0.31715619325606453,0.15045586236773625,-0.3404705206906119,-0.06837002237431992,-0.24069024964381375,1.3237698569283451,0.13359334881457205,1.2124218113264724,0.296016833846892,-0.1277490005395289,0.0,1.0,5
-0.6110197510196944,-0.6173547876289218,1.240429868935655,1.4866730949376337,-0.25276639508307824,1.717504352603329,1.714395698915842,0.7163064516725258,-0.2744745589721178,0.2300387764672141,-1.0487125931632115,0.0,1.0,5
3.1753070167165225,0.7035190276116507,1.240429868935655,-0.5209291493946361,1.7229090267964755,-1.5077573452154942,-1.7302139986102663,2.0793780373051383,-0.5842446361176594,1.0877535224030255,-0.2951969264711085,1.0,0.0,5
0.9035109560747924,1.9343332645403661,1.9897869984510992,-0.6788304495106573,1.459485637212535,-0.9894117152088977,-0.34526783156368657,0.8526136102357758,-0.39838258983033387,0.03210460432818127,-1.216160519094791,1.0,0.0,5
1.6607763096220358,0.9436779031099366,0.15045586236773625,-0.3179131921026088,0.6692154684607136,-1.4501633863258725,-1.7834811588812884,1.4319190341296635,0.40701961074806925,-0.09985151043117445,0.12342288835783828,1.0,0.0,6
2.1908620571051056,0.5233998709879362,0.5591961148307059,-0.5434864779826392,0.932638858044654,-0.9894117152088977,-1.1087637954483394,1.3092425914227157,-0.026658497255685663,0.6918851781249591,-0.4626448524026866,1.0,0.0,7
-0.0052074681818998474,-0.6773945065034932,0.4229493640097159,0.24602002259746686,0.27408038408480284,-0.5862540029815447,-0.4340464320153904,0.1574471015631105,-0.33642857440122725,1.6815560388201263,-0.7138167413000552,0.0,1.0,5
1.0549640267842404,1.2438764974827943,-1.5526285228946373,-0.385585177866618,0.3004227230431969,-1.277381509657007,-1.7302139986102663,0.9718823739786193,0.035295518173421,-0.6276759694685969,-0.4626448524026866,1.0,0.0,5
-1.4440116399216625,2.504710593848795,-1.9613687753576068,-0.5209291493946361,-0.35813575091665456,-0.1830962907541919,-0.3807792717443681,-0.4423043961152495,0.7167896878936081,-1.0235443137466638,-1.132436556129002,0.0,1.0,5
0.9792374914295164,-0.6173547876289218,1.03605974270417,2.2987369241057425,0.010656994500862296,0.565625174810892,2.1227772609936797,2.0453012476643258,-1.2657388058378465,0.8238412928843148,-1.2998844820605802,0.0,1.0,5
-0.6110197510196944,2.6848297504725096,-1.8932453999471122,-0.6337157923346513,0.11602635033443841,-1.1045996329881413,-1.7302139986102663,0.47095356625863066,1.8939159810466595,0.757863235504637,-0.1277490005395289,1.0,0.0,6
-1.2168320338574896,-1.1577122575000651,-0.3945311409162233,0.12195471536345022,-0.14739703924950215,1.1991587225967322,0.43598385241130705,-0.3877815326899269,1.5221918884720138,-0.23180762519053016,0.37459477725520696,0.0,1.0,6
-0.3081136096007975,-0.7374342253780647,0.28670261318872586,-0.8592890782146816,-0.12105470029110807,0.45043725703164833,0.22291521132721787,-0.40822760647443707,-1.1418307749796304,0.03210460432818127,-1.132436556129002,0.0,1.0,5
-0.7624728217291432,0.5834395898625077,-0.9395181442001829,0.6069372800055155,1.0380082138782303,-0.12550233186457005,1.6966399788255013,1.0945588166855669,2.079778027333985,1.2197096371623812,-1.132436556129002,0.0,1.0,5
0.7520578853653429,1.0637573408590797,0.15045586236773625,-0.8592890782146816,-0.38447808987504845,-0.7014419207607885,0.9331440149408484,-0.28555116376748946,0.09724953360253041,-0.9575662563669859,0.03969892539204922,0.0,1.0,5
1.2064170974936899,2.0544127022895093,-0.3945311409162233,-0.7690597638626695,0.8272695022110776,-0.8166298385400321,-1.6236796780682217,0.8321675364513034,0.592881657035392,-0.42974179732956375,-0.9649886301974224,1.0,0.0,5
-0.4595666803102463,0.5834395898625077,0.014209111546746275,-0.453257163630627,1.0116658749198362,-0.9894117152088977,-0.7003822333705019,-1.689514896969122,-0.7701066824049821,0.6259071207452813,1.8816261106394159,0.0,1.0,6
-0.15666053889134865,-0.7374342253780647,0.49107273942021085,-0.6562731209226543,-0.04202768341592585,0.5080312159212702,1.4835713377414121,0.2051546070602631,1.8319619656175528,0.03210460432818127,-0.2951969264711085,0.0,1.0,6
-0.7624728217291432,-0.257116474381493,0.014209111546746275,-0.7465024352746664,-0.647901479458989,-0.010314414085326379,0.27618237159824016,-1.157916978572387,0.3450655953189598,-0.8256101416076306,0.542042703186785,0.0,1.0,7
-0.38384014495552155,-1.0976725386254935,0.28670261318872586,-0.6788304495106573,-0.3054510729998664,-0.35587816742305745,0.2939380916885809,-0.5649808388221971,0.4689736261771759,0.3619948912265698,-0.044025037573739836,0.0,1.0,6
-0.0052074681818998474,-0.37719591213063575,-0.3945311409162233,1.689689052229661,-0.27910873404147235,1.0263768459278668,1.1462126560249377,1.0229975584398758,-0.7701066824049821,-0.09985151043117445,-1.2998844820605802,0.0,1.0,6
0.4491517439464459,-0.13703703663234995,-0.05391426386374872,-0.7465024352746664,-0.5425321236254129,0.9111889281486231,1.4303041774703897,-0.5104579753968744,-1.2037847904087398,-0.36376373994988587,-0.044025037573739836,0.0,1.0,5
-0.9896524277933161,-0.43723563100520724,-0.3264077655057283,0.9001825516495549,-0.14739703924950215,0.7384070514797575,0.38271669214028475,-0.13561328934789943,0.15920354903163708,-0.03387345305149659,0.12342288835783828,0.0,1.0,6
-0.913925892438592,-0.6173547876289218,0.6273194902412005,-0.8367317496266786,-0.5425321236254129,0.6808130925901357,0.06311373051415099,-1.4714234432679072,-1.1418307749796304,0.6918851781249591,1.002524499498627,0.0,1.0,6
-0.23238707424607272,0.22320127661507888,-0.25828439009523335,0.7422812515335337,0.14236868929283247,-0.4710660852023011,0.9153882948505077,0.191523891203923,-0.39838258983033387,1.2197096371623812,0.03969892539204922,0.0,1.0,5
-0.15666053889134865,-0.7374342253780647,-0.3945311409162233,-0.8818464068026846,-0.5161897846670188,-0.5862540029815447,-0.7714051137318649,-1.4646080853397372,-0.7701066824049821,-1.0235443137466638,0.9606625180157319,0.0,1.0,6
1.0549640267842404,0.6434793087370793,-0.05391426386374872,-0.5434864779826392,0.7745848242942895,-0.5286600440919229,-1.144275235629021,1.2615350859255632,0.9026517341809336,2.47329272737626,-0.5463688153684757,1.0,0.0,6
1.357870168203138,-0.19707675550692147,1.104183118114665,0.35880666553748203,-0.35813575091665456,-1.1045996329881413,-0.7358936735511834,-0.23784365827033685,-2.0091869909871427,-1.0235443137466638,0.8769385550499428,0.0,1.0,5
-0.6110197510196944,-1.0976725386254935,-0.05391426386374872,0.06556139389344265,-0.35813575091665456,0.6808130925901357,0.7555868140374408,0.01773226403579451,0.7787437033227175,-0.42974179732956375,-0.044025037573739836,0.0,1.0,5
0.37342520859172185,1.3039162163573657,-0.803271393379193,-0.6788304495106573,0.4848190957519551,-1.219787550767385,-1.3395881566227694,1.4319190341296635,1.5841459039011205,0.5599290633656034,-1.0487125931632115,1.0,0.0,5
-0.3081136096007975,-0.257116474381493,-0.3264077655057283,1.4866730949376337,-0.7532708352925652,-0.4710660852023011,-0.30975639138300504,-0.46275046989972185,-1.6374628984124946,-1.0235443137466638,0.9606625180157319,0.0,1.0,6
0.8277844207200683,-0.257116474381493,0.28670261318872586,1.125755837529585,-0.38447808987504845,0.16246746258353914,0.96865545512153,1.2615350859255632,0.035295518173421,-0.1658295678108523,-1.0487125931632115,0.0,1.0,6
-1.1411054985027649,-1.2477718358119223,-0.12203763927424371,-0.09233990622257862,-0.38447808987504845,-0.6438479618711667,-0.238733511021642,0.034770658856200745,0.5309276416062852,-0.7596320842279527,-1.0487125931632115,0.0,1.0,6
-1.6711912459858353,-1.0376328197509221,1.649170121398625,-0.7916170924506725,-0.8059555132093533,-0.35587816742305745,0.0098465702431287,-1.3283009267764494,1.5841459039011205,-0.9575662563669859,0.2071468513236288,0.0,1.0,7
-0.15666053889134865,-0.8575136631272077,0.4229493640097159,0.6971665943575275,-0.17373937820789603,0.6808130925901357,1.0396783354828931,0.46073052936639447,0.4689736261771759,0.03210460432818127,-0.6300927783342647,0.0,1.0,6
2.948127410652349,-0.19707675550692147,1.1723064935251601,-0.5209291493946361,0.9853235359614421,-0.8166298385400321,-1.1975423959000433,1.397842244488851,-0.646198651546766,3.1990513585527154,0.03969892539204922,1.0,0.0,7
0.2976986732369971,-0.31715619325606453,0.6954428656516954,-0.8367317496266786,-0.5688744625838068,-0.7014419207607885,-0.5050693123767535,-1.2601473474948244,-1.451600852125169,-0.9575662563669859,0.6257666661525756,0.0,1.0,5
-0.23238707424607272,-0.5573150687543503,0.21857923777823088,0.9452972088255608,-0.5952168015422008,0.6808130925901357,0.6312967734050554,0.06884744849701321,-0.08861251268479507,-1.1555004285060195,0.7932145920841537,0.0,1.0,6
-0.6110197510196944,-1.1577122575000651,-0.05391426386374872,-0.8818464068026846,-0.33179341195826045,-0.29828420853343557,-0.3275121114733458,-0.4423043961152495,1.9558699964757689,-0.1658295678108523,-0.21147296350531794,0.0,1.0,6
-0.23238707424607272,-1.0976725386254935,0.3548259885992209,-0.7239451066866635,-0.5952168015422008,0.3352493392524047,-0.34526783156368657,-1.6963302548972923,-1.8233249446998174,0.3619948912265698,1.2118344069131004,0.0,1.0,6
2.1151355217503816,0.40332043323879313,0.8998129918831804,0.26857735118547,0.37944973991837877,-1.3925694274362506,-1.7834811588812884,0.8594289681639458,-0.08861251268479507,-0.29778568257020804,1.0443864809815224,1.0,0.0,7
-0.0052074681818998474,2.2945715777877944,-1.825122024536617,-0.08106124192857694,0.7745848242942895,-1.5077573452154942,-1.8367483191523108,0.5799992931092381,1.1504677958973657,-0.9575662563669859,0.29087081428941786,1.0,0.0,5
-1.0653789631480408,1.4239956541065082,-2.1657389015890915,-0.7916170924506725,-0.9640095469597175,0.16246746258353914,-0.3275121114733458,-1.8121913396760698,0.40701961074806925,-1.0235443137466638,1.5467302587762581,0.0,1.0,6
-0.913925892438592,0.9436779031099366,-1.8932453999471122,-0.6337157923346513,0.932638858044654,-0.9894117152088977,-1.5704125177971993,0.6720066251394393,1.4602378730429044,-0.42974179732956375,-0.4626448524026866,1.0,0.0,5
-0.4595666803102463,0.40332043323879313,-0.05391426386374872,-0.7690597638626695,-0.38447808987504845,-0.7014419207607885,-0.238733511021642,-0.8682642666254432,-0.5842446361176594,-0.8256101416076306,-0.044025037573739836,0.0,1.0,5
-0.9896524277933161,-0.6773945065034932,-0.5307778917372133,-0.7690597638626695,-0.5161897846670188,0.1048735036939173,0.0098465702431287,-1.2737780633511646,-0.08861251268479507,-0.1658295678108523,0.7094906291183647,0.0,1.0,6
-0.4595666803102463,-0.07699731775777843,0.6273194902412005,-0.6788304495106573,-0.7796131742509592,-0.9318177563192758,-0.6293593530091388,-1.3180778898842131,0.28311157988985314,0.6259071207452813,1.5467302587762581,0.0,1.0,6
-0.838199357083868,-0.43723563100520724,-0.46265451632671833,-0.7239451066866635,-0.4108204288334425,-1.219787550767385,-0.09668775029891588,-0.5445347650376869,-0.8940147132631981,0.03210460432818127,-1.2998844820605802,0.0,1.0,5
-0.15666053889134865,-0.0169575988832069,-1.4845051474841422,-0.3404705206906119,-0.33179341195826045,-0.7590358796504103,-0.913450874454591,-0.27192044791114933,-1.3276928212669559,-0.9575662563669859,-1.132436556129002,0.0,1.0,5
0.7520578853653429,0.10312183886593582,-0.1901610146847387,0.5843799514175123,-0.5688744625838068,0.3928432981420265,0.13413661087551404,-0.2037668686295244,-0.39838258983033387,-1.2874565432653748,1.2118344069131004,0.0,1.0,5
-0.6110197510196944,-0.30214626353742163,0.28670261318872586,-0.8141744210386755,-0.33179341195826045,-0.4710660852023011,-0.8246722740028872,-1.4850541591242095,-0.4603366052594433,-0.23180762519053016,0.9606625180157319,0.0,1.0,7
0.07051906717282422,-0.5573150687543503,-0.3264077655057283,-0.27279853492660283,-0.25276639508307824,-0.8166298385400321,-0.6293593530091388,-0.9432332038352382,-0.9559687286923076,-0.49571985470924124,0.6257666661525756,0.0,1.0,6
-0.838199357083868,0.5834395898625077,-0.25828439009523335,-0.17129055628058915,-0.647901479458989,0.7384070514797575,0.3116938117789217,-0.9875330303682869,0.22115756446074375,-0.42974179732956375,0.6257666661525756,0.0,1.0,7
-0.15666053889134865,-1.0376328197509221,0.3548259885992209,-0.7916170924506725,-0.7532708352925652,-0.24069024964381375,-0.7003822333705019,-0.783072292523412,0.4689736261771759,-0.49571985470924124,0.2071468513236288,0.0,1.0,7
0.2976986732369971,2.2345318589132233,-2.1657389015890915,-0.6562731209226543,0.3004227230431969,-0.010314414085326379,-1.4106110369841325,0.283531223234162,1.5841459039011205,0.757863235504637,0.7094906291183647,1.0,0.0,6
-0.913925892438592,-0.9175533820017792,-0.1901610146847387,-0.8818464068026846,-0.25276639508307824,2.1206620648306815,0.6668082135857369,-0.9875330303682869,1.9558699964757689,0.3619948912265698,0.458318740220996,0.0,1.0,7
0.5248782793011707,0.3432807143642219,-0.1901610146847387,-0.7239451066866635,2.644890890340267,-1.6805392218843598,-1.2508095561710655,0.9548439791582132,0.4689736261771759,2.5392707847559377,-0.8812646672316334,1.0,0.0,6
-0.6867462863744191,-0.22709661494420724,-0.6670246425582032,2.479195552809767,0.11602635033443841,-0.24069024964381375,0.4714952925919886,1.2751658017819034,-0.8940147132631981,-0.23180762519053016,-1.216160519094791,0.0,1.0,5
-0.913925892438592,-1.2777916952492079,0.28670261318872586,-0.7690597638626695,-0.12105470029110807,-0.41347212631267927,-0.7536493936415242,-1.6213613176874972,-0.7701066824049821,-0.23180762519053016,0.7932145920841537,0.0,1.0,7
0.22197213788227302,-0.19707675550692147,-0.5307778917372133,0.47159330847749714,-0.674243818417383,-0.12550233186457005,0.4714952925919886,-0.17991311588094808,-0.39838258983033387,-1.0235443137466638,0.03969892539204922,0.0,1.0,7
0.7520578853653429,-0.6773945065034932,0.3548259885992209,-0.8367317496266786,-0.38447808987504845,0.5080312159212702,0.04535801042381023,-0.5786115546784993,-1.451600852125169,-1.1555004285060195,-0.4626448524026866,0.0,1.0,5
-0.838199357083868,-0.5573150687543503,1.104183118114665,2.434080895633761,-0.12105470029110807,-0.29828420853343557,-0.36302355165402733,1.1320432852904834,-0.9559687286923076,-0.5616979120889191,-1.132436556129002,0.0,1.0,6
-0.08093400353662458,-0.07699731775777843,-0.12203763927424371,-0.385585177866618,-0.5952168015422008,-0.010314414085326379,-0.22097779093130124,-1.1238401889315746,-0.8940147132631981,-1.4853907154044084,1.4630062958104693,0.0,1.0,7
0.22197213788227302,0.4633601521133647,-1.2120116458421626,1.2836571376456063,-0.27910873404147235,-0.7014419207607885,-0.34526783156368657,0.4777689241868007,-0.026658497255685663,-1.3534346006450526,0.12342288835783828,0.0,1.0,5
-0.0052074681818998474,-0.5573150687543503,0.014209111546746275,-0.7916170924506725,-0.25276639508307824,-0.1830962907541919,0.3116938117789217,-0.40822760647443707,0.22115756446074375,-0.6276759694685969,-0.044025037573739836,0.0,1.0,5
-1.1411054985027649,0.16316155774050736,-0.12203763927424371,-0.8818464068026846,-0.7269284963341711,-0.35587816742305745,-0.4695578721960719,-1.9314601034189134,-0.2744745589721178,-0.9575662563669859,0.9606625180157319,0.0,1.0,6
-1.1411054985027649,-0.13703703663234995,-0.9395181442001829,-0.8141744210386755,-0.7269284963341711,-0.24069024964381375,-0.1854663507506197,-1.3283009267764494,1.3363298421846885,-1.0895223711263415,0.37459477725520696,0.0,1.0,6
1.5093232389125861,-0.43723563100520724,0.15045586236773625,1.2385424804696004,-0.35813575091665456,1.0839708048174885,2.016242940451635,0.9889207687990256,-1.1418307749796304,-0.8256101416076306,-0.1277490005395289,0.0,1.0,6
0.14624560252754895,2.6548098910352236,-0.8713947687896879,0.04300406530543969,0.9853235359614421,-0.6438479618711667,-0.29200067129266427,0.8969134367688244,-0.39838258983033387,-0.09985151043117445,-0.8254486916420275,1.0,0.0,6
-0.38384014495552155,-0.43723563100520724,-1.3482583966631525,-0.8367317496266786,-0.4108204288334425,1.8326922703825725,0.4182281323209663,-0.8171490821642245,-0.08861251268479507,-0.7596320842279527,-0.4626448524026866,0.0,1.0,6
-0.08093400353662458,-0.07699731775777843,2.1941571246825844,1.847590352345682,-0.015685344457531777,-1.0470056740985194,-0.16771063066027894,0.9207671895174007,-1.0798767595505236,-0.9575662563669859,-1.132436556129002,0.0,1.0,5
0.07051906717282422,-0.6773945065034932,-0.5307778917372133,-0.9269610639786906,-0.674243818417383,-0.06790837297494821,-0.5050693123767535,-1.7849299079633896,-2.0091869909871427,-1.0235443137466638,1.3792823328446786,0.0,1.0,6
-0.913925892438592,-0.37719591213063575,1.3766766197566451,0.26857735118547,-0.7532708352925652,0.3928432981420265,-0.1854663507506197,-0.9841253514042207,0.3450655953189598,-0.1658295678108523,1.0443864809815224,0.0,1.0,7
0.6006048146558948,-1.0976725386254935,0.28670261318872586,-0.7916170924506725,-0.6215591405005949,-0.9318177563192758,0.13413661087551404,-0.13561328934789943,-0.15056652811390175,-0.9575662563669859,-0.21147296350531794,0.0,1.0,4
3.2510335520712466,0.4633601521133647,1.104183118114665,-0.5434864779826392,0.5375037736687432,-1.277381509657007,-1.6769468383392439,1.3705808127761707,-0.8320606978340915,-0.03387345305149659,0.37459477725520696,1.0,0.0,5
-0.38384014495552155,-0.5573150687543503,-0.3945311409162233,1.9152623381096912,0.08968401137604433,1.1415647637071105,0.7378310939471,1.1388586432186156,1.0265597650391496,-0.49571985470924124,-0.5463688153684757,0.0,1.0,6
-0.7624728217291432,-0.6773945065034932,0.21857923777823088,-0.9720757211546968,-0.14739703924950215,-0.35587816742305745,-0.06117631011823436,-0.9875330303682869,0.9026517341809336,-0.6936540268482748,0.37459477725520696,0.0,1.0,3
2.1908620571051056,1.8442736862285087,0.3548259885992209,0.02044673671743654,1.4068009592957469,-1.1045996329881413,-0.8779394342739095,2.760913830121463,0.592881657035392,0.6918851781249591,-0.1277490005395289,1.0,0.0,6
-0.5352932156649703,-0.37719591213063575,0.15045586236773625,-0.3179131921026088,-0.4371627677918366,-0.06790837297494821,0.11638089078517329,-1.154509299608283,0.3450655953189598,-0.36376373994988587,1.2955583698788895,0.0,1.0,7
-0.23238707424607272,1.1838367786082227,0.014209111546746275,1.847590352345682,-0.17373937820789603,1.314346640375976,2.158288701174361,0.9548439791582132,-0.15056652811390175,-0.23180762519053016,-0.7975407042658443,0.0,1.0,5
-0.7624728217291432,0.22320127661507888,-0.9395181442001829,0.5392652942415064,1.0116658749198362,-0.12550233186457005,1.4303041774703897,1.101374174613737,1.8939159810466595,1.1537315797827035,-1.132436556129002,0.0,1.0,4
2.1151355217503816,0.8235984653607935,-0.5307778917372133,-0.5209291493946361,1.1960622476285943,-0.9894117152088977,-1.4638781972551547,1.8749172994602634,0.3450655953189598,0.164060719087537,-0.4626448524026866,1.0,0.0,6
-0.9896524277933161,-0.9175533820017792,0.3548259885992209,-0.9495183925666938,-0.7796131742509592,-1.5653513041051161,-1.6591911182489032,-1.6349920335437995,-0.8320606978340915,-1.4853907154044084,0.2071468513236288,0.0,1.0,5
1.1306905621389645,-1.1577122575000651,-0.12203763927424371,-0.7690597638626695,-0.27910873404147235,-0.06790837297494821,0.27618237159824016,-0.10153649970708697,-0.026658497255685663,-1.0235443137466638,-0.6300927783342647,0.0,1.0,6
1.0549640267842404,0.763558746486222,-0.3264077655057283,-0.6111584637466483,-0.04202768341592585,-0.9318177563192758,-1.5349010776165177,0.22560068084477328,-0.2744745589721178,1.747534096199804,0.542042703186785,1.0,0.0,5
-0.38384014495552155,-0.4972753498797788,0.49107273942021085,-0.8818464068026846,-0.4371627677918366,0.8535949692590012,0.5780296131340331,-0.34007402719277424,0.592881657035392,0.296016833846892,-0.7975407042658443,0.0,1.0,8
0.8277844207200683,-0.19707675550692147,0.49107273942021085,-0.5886011351586452,0.5638461126271372,-0.7590358796504103,-1.2685652762614064,-0.019752204569121908,0.5309276416062852,1.5495999240607705,1.6304542217420472,1.0,0.0,7
3.47821315813542,-0.6773945065034932,0.4229493640097159,1.3738864519976184,-0.5952168015422008,-0.874223797429654,0.1518923309658548,1.7726869305378259,-1.8233249446998174,0.09808266170785913,-0.7138167413000552,0.0,1.0,3
0.4491517439464459,-0.0169575988832069,0.3548259885992209,-0.6788304495106573,0.6692154684607136,-0.35587816742305745,-1.0022294749062948,0.648152872390863,0.7167896878936081,0.3619948912265698,-0.9649886301974224,1.0,0.0,6
-0.5352932156649703,-0.43723563100520724,-0.8713947687896879,-0.18256922057459063,-0.27910873404147235,-1.3925694274362506,-0.007909149847212065,0.3414617656235508,0.15920354903163708,-1.2214784858856973,-1.634780333923738,0.0,1.0,4
-0.5352932156649703,-0.4972753498797788,0.014209111546746275,2.5919821957497824,-0.3054510729998664,0.7960010103693794,0.9153882948505077,1.8749172994602634,0.9646057496100402,-0.49571985470924124,-0.8812646672316334,0.0,1.0,6
-0.913925892438592,-0.7974739442526363,0.15045586236773625,-0.6788304495106573,-0.38447808987504845,1.8902862292721943,0.1518923309658548,-1.3555623584891296,1.3363298421846885,-0.7596320842279527,0.7094906291183647,0.0,1.0,6
-0.23238707424607272,-0.9175533820017792,0.4229493640097159,-0.8705677425086832,-0.8849825300845354,-0.010314414085326379,-0.16771063066027894,-1.372600753309536,-0.7081526669758754,-1.0235443137466638,0.7094906291183647,0.0,1.0,5
-0.5352932156649703,0.5233998709879362,-0.05391426386374872,-0.3179131921026088,-0.27910873404147235,-0.6438479618711667,0.50700673277267,-1.4577927274115672,-0.4603366052594433,-1.2874565432653748,1.2118344069131004,0.0,1.0,8
1.887955915686208,-0.6173547876289218,1.1723064935251601,-0.024667920458569362,-0.647901479458989,-1.5653513041051161,-1.7124582785199254,-0.2787358058393194,-2.318957068132682,0.03210460432818127,-0.4626448524026866,0.0,1.0,6
-0.23238707424607272,-0.8575136631272077,0.5591961148307059,0.6069372800055155,-0.647901479458989,1.1991587225967322,1.0929454957539153,-0.2037668686295244,-0.026658497255685663,-1.7493029449231194,0.7094906291183647,0.0,1.0,5
-0.0052074681818998474,-1.0976725386254935,-0.1901610146847387,-0.9044037353906876,-0.674243818417383,0.565625174810892,0.1518923309658548,-1.675884181112782,-0.646198651546766,-0.891588198987308,1.2955583698788895,0.0,1.0,7
-0.5352932156649703,-0.0169575988832069,-0.25828439009523335,-0.7239451066866635,-0.4108204288334425,0.7384070514797575,1.3060141368380045,-0.5786115546784993,-0.5842446361176594,-1.0895223711263415,-0.7975407042658443,0.0,1.0,6
0.22197213788227302,-0.6773945065034932,0.21857923777823088,2.885227467393822,0.03699933345925637,5.633893557097614,1.7321514190061829,2.6961679298039423,1.3363298421846885,-0.6936540268482748,-1.3836084450263693,0.0,1.0,5
0.14624560252754895,-0.31715619325606453,1.240429868935655,-0.7239451066866635,-0.38447808987504845,0.2776553803627828,0.22291521132721787,-0.27192044791114933,1.398283857613798,-0.23180762519053016,-0.2951969264711085,0.0,1.0,7
-0.0052074681818998474,-1.0376328197509221,-0.25828439009523335,2.828834145923814,-0.17373937820789603,0.16246746258353914,0.7023196537664185,1.7760946095018921,-1.7613709292707107,-0.6936540268482748,-1.2998844820605802,0.0,1.0,7
-0.0052074681818998474,1.964353123977652,-2.1657389015890915,-0.6337157923346513,0.3004227230431969,-1.1621935918777633,-1.6059239579778808,0.3755385552643633,1.2124218113264724,1.2197096371623812,0.458318740220996,1.0,0.0,6
-0.6867462863744191,-0.7974739442526363,-0.25828439009523335,-0.7916170924506725,-0.14739703924950215,0.9111889281486231,0.48925101268232934,-0.5786115546784993,0.035295518173421,-0.7596320842279527,-0.37892088943689756,0.0,1.0,6
-1.5197381752763865,0.5834395898625077,-1.8932453999471122,-0.8141744210386755,-0.5425321236254129,0.7384070514797575,0.08086945060449176,-1.7372224024662748,0.8406977187518241,-1.3534346006450526,1.2955583698788895,0.0,1.0,8
-1.6711912459858353,-0.6173547876289218,-0.7351480179686981,-0.6337157923346513,-0.46350510675023066,0.04727954480429546,-0.25648923111198274,-1.1988091261413696,2.885180227912388,0.5599290633656034,0.9606625180157319,0.0,1.0,6
2.418041663169279,-0.6173547876289218,0.9679363672936755,-0.7239451066866635,0.4848190957519551,-1.3925694274362506,-1.6591911182489032,1.0570743480806883,0.15920354903163708,3.1990513585527154,0.2071468513236288,1.0,0.0,7
-0.9896524277933161,-0.5573150687543503,-0.46265451632671833,1.4190011091736248,-0.12105470029110807,-0.010314414085326379,0.8976325747601669,0.8526136102357758,0.09724953360253041,-0.6276759694685969,-0.8812646672316334,0.0,1.0,6
1.282143632848414,2.4146510155369376,-0.9395181442001829,-0.5660438065706422,0.5375037736687432,-0.874223797429654,-1.1797866758097024,0.9855130898349594,-0.15056652811390175,-0.42974179732956375,-0.7138167413000552,1.0,0.0,6
-0.7624728217291432,-0.8575136631272077,-0.05391426386374872,-0.9044037353906876,-0.674243818417383,-0.4710660852023011,-0.7358936735511834,-1.4134929008785184,0.09724953360253041,-0.09985151043117445,0.6257666661525756,0.0,1.0,6
2.6452212692334514,3.345266658092796,0.15045586236773625,0.35880666553748203,1.459485637212535,-0.41347212631267927,-0.2742449512023235,2.8597365200798723,-0.026658497255685663,0.9557974076436706,-1.0487125931632115,1.0,0.0,5
-0.08093400353662458,0.10312183886593582,1.649170121398625,-0.8367317496266786,-0.27910873404147235,-0.29828420853343557,-0.22097779093130124,-0.7489955028825995,0.09724953360253041,-1.3534346006450526,-0.044025037573739836,0.0,1.0,6
0.22197213788227302,-0.07699731775777843,1.104183118114665,3.2574233890958713,-0.2264240561246842,1.4295345581552197,2.2825787418067462,2.215685195868388,-1.6994169138416013,-0.891588198987308,-1.4673324079921584,0.0,1.0,5
0.37342520859172185,0.40332043323879313,3.0116376296085234,-0.7239451066866635,14.604312777451167,-1.277381509657007,-1.2330538360807248,0.7844600309541507,-1.0179227441214143,4.782524735664983,-0.9649886301974224,1.0,0.0,5
-1.1411054985027649,-0.13703703663234995,1.240429868935655,-0.5434864779826392,-0.2000817171662901,-0.7590358796504103,0.7200753738567592,-0.6126883443193119,-0.026658497255685663,0.6918851781249591,-0.4626448524026866,0.0,1.0,6
0.22197213788227302,1.123797059733651,-1.756998649126122,-0.5434864779826392,0.7745848242942895,-0.5862540029815447,-1.2508095561710655,0.6822296620317133,0.9646057496100402,0.3619948912265698,0.12342288835783828,1.0,0.0,6
-0.3081136096007975,-0.4972753498797788,0.15045586236773625,2.2761795955177395,0.08968401137604433,0.6808130925901357,0.8443654144891446,0.8696520050561819,0.09724953360253041,-0.09985151043117445,-0.044025037573739836,0.0,1.0,3
0.8277844207200683,-0.6773945065034932,0.7635662410621905,-0.4081425064546209,-0.5688744625838068,-0.9318177563192758,-0.238733511021642,-0.5786115546784993,-0.4603366052594433,-1.1555004285060195,0.7932145920841537,0.0,1.0,5
-0.6110197510196944,1.6641545296047942,-1.3482583966631525,-0.06978257763457546,0.08968401137604433,0.16246746258353914,1.4480598975607306,0.3619078394080232,-0.026658497255685663,-0.36376373994988587,-1.3836084450263693,0.0,1.0,5
0.22197213788227302,-0.07699731775777843,0.4229493640097159,0.8325105658855456,1.8282783826300517,1.0839708048174885,1.5013270578317528,0.8900980788406921,-1.5135548675542785,0.2300387764672141,-0.9649886301974224,0.0,1.0,5
-0.838199357083868,-0.9775931008763507,0.28670261318872586,-0.6788304495106573,-0.4898474457086247,-0.5862540029815447,2.3979909223939613,-0.7489955028825995,0.9026517341809336,1.6815560388201263,0.6257666661525756,0.0,1.0,6
-0.6110197510196944,-0.4972753498797788,0.6954428656516954,1.058083851765576,-0.33179341195826045,-0.010314414085326379,0.4537395725016478,0.5799992931092381,-0.2744745589721178,-0.42974179732956375,-1.216160519094791,0.0,1.0,6
-0.3081136096007975,-0.13703703663234995,0.7635662410621905,-0.7690597638626695,-0.17373937820789603,-1.5077573452154942,-0.8779394342739095,-0.35370474304911437,0.28311157988985314,-0.42974179732956375,0.12342288835783828,0.0,1.0,5
-0.6110197510196944,-0.19707675550692147,0.5591961148307059,0.26857735118547,-0.4371627677918366,0.9111889281486231,0.96865545512153,0.273308186341888,-0.4603366052594433,-0.49571985470924124,-1.0487125931632115,0.0,1.0,6
-0.0052074681818998474,-0.07699731775777843,-0.25828439009523335,-0.8141744210386755,-0.5952168015422008,-0.24069024964381375,-0.09668775029891588,-0.6944726394572769,0.3450655953189598,0.2300387764672141,0.03969892539204922,0.0,1.0,6
-0.0052074681818998474,-0.43723563100520724,0.3548259885992209,0.0881187224814458,-0.8059555132093533,-0.1830962907541919,-0.007909149847212065,-0.9398255248711721,-0.5842446361176594,2.0114463257185147,1.7979021476736254,0.0,1.0,5
-0.38384014495552155,-0.13703703663234995,0.8316896164726855,-0.5886011351586452,0.11602635033443841,-0.35587816742305745,-1.4283667570744731,0.11655495399412798,0.40701961074806925,1.747534096199804,0.8769385550499428,1.0,0.0,7
-1.2168320338574896,-0.947573241439065,1.1723064935251601,-0.8818464068026846,-0.7005861573757771,-0.12550233186457005,0.04535801042381023,-0.919379451086662,2.0178240119048754,-0.5616979120889191,-0.21147296350531794,0.0,1.0,6
-1.1411054985027649,-0.4972753498797788,-0.3264077655057283,-0.20512654916259376,3.8039538045096055,2.4950227976132235,1.3326477169735156,-0.10153649970708697,0.28311157988985314,-1.0235443137466638,-0.9649886301974224,0.0,1.0,6
0.2976986732369971,-0.5573150687543503,6.213436273901785,-0.09233990622257862,-0.5688744625838068,1.1991587225967322,3.188120466414125,-1.4714234432679072,-1.2037847904087398,-0.6936540268482748,2.132797999536783,0.0,1.0,6
-0.08093400353662458,-0.9775931008763507,-0.3945311409162233,-0.8367317496266786,-0.4108204288334425,-0.5862540029815447,-0.7714051137318649,-0.6467651339601244,-1.1418307749796304,1.351665751921737,-0.5463688153684757,0.0,1.0,6
-0.5352932156649703,-0.31715619325606453,1.3766766197566451,-0.7465024352746664,-0.5952168015422008,0.6232191337005138,1.3947927372897082,-0.7728492556311759,0.15920354903163708,0.3619948912265698,-0.1277490005395289,0.0,1.0,6
-0.5352932156649703,-0.9175533820017792,-0.3945311409162233,0.04300406530543969,-0.4371627677918366,0.04727954480429546,0.4537395725016478,0.17107781741945063,0.22115756446074375,0.9557974076436706,-0.8812646672316334,0.0,1.0,6
3.47821315813542,-0.07699731775777843,1.1723064935251601,-0.3630278492786149,0.958981197003048,1.3719405992655977,-0.611603632918798,1.9430708787418882,0.4689736261771759,1.4836218666810927,0.12342288835783828,1.0,0.0,7
1.1306905621389645,1.1838367786082227,-0.3945311409162233,-0.5660438065706422,1.0643505528366244,-1.3349754685466286,-1.4816339173454955,1.0570743480806883,0.28311157988985314,0.4279729486062477,-1.0487125931632115,1.0,0.0,6
0.8277844207200683,0.883638184235365,0.7635662410621905,-0.5660438065706422,-0.5425321236254129,0.1048735036939173,0.027602290333469462,-0.03338292042546203,0.035295518173421,-0.42974179732956375,0.12342288835783828,0.0,1.0,6
-0.15666053889134865,-0.7374342253780647,-0.05391426386374872,-0.5209291493946361,-0.7005861573757771,0.6232191337005138,0.38271669214028475,-1.600915243902987,-0.39838258983033387,-1.0895223711263415,1.7979021476736254,0.0,1.0,7
-0.913925892438592,-0.257116474381493,0.08233248695724127,-0.6562731209226543,-0.38447808987504845,0.04727954480429546,0.22291521132721787,-1.6554381073283098,0.592881657035392,-0.7596320842279527,1.6304542217420472,0.0,1.0,6
1.0549640267842404,0.883638184235365,-0.25828439009523335,-0.7013877780986604,1.4068009592957469,-0.5862540029815447,0.38271669214028475,0.9207671895174007,-1.8233249446998174,9.33501069486275,-0.5463688153684757,1.0,0.0,6
1.6607763096220358,0.4633601521133647,0.014209111546746275,0.33624933694947906,-0.7796131742509592,-0.5862540029815447,0.9331440149408484,0.09951655917372174,-0.8940147132631981,-0.6936540268482748,0.03969892539204922,0.0,1.0,5
1.7365028449767599,-0.7974739442526363,1.03605974270417,-0.8367317496266786,-0.46350510675023066,-0.5286600440919229,0.1518923309658548,0.4777689241868007,-2.0091869909871427,0.6918851781249591,-0.8812646672316334,0.0,1.0,5
0.8277844207200683,2.1744921400386517,-1.3482583966631525,-0.5434864779826392,0.932638858044654,-1.0470056740985194,-1.5349010776165177,1.6704565616153506,1.7700079501884434,1.2197096371623812,-0.4626448524026866,1.0,0.0,5
-0.38384014495552155,-1.0976725386254935,-0.25828439009523335,-0.5660438065706422,-0.27910873404147235,0.565625174810892,0.6845639336760777,-0.8171490821642245,0.9646057496100402,-0.1658295678108523,0.7094906291183647,0.0,1.0,7
-0.913925892438592,-0.07699731775777843,-0.803271393379193,-0.7239451066866635,-0.674243818417383,1.0839708048174885,0.7910982542181223,-0.8853026614458495,1.1504677958973657,-0.03387345305149659,0.37459477725520696,0.0,1.0,6
0.37342520859172185,2.084432561726794,-1.825122024536617,-0.5209291493946361,0.4848190957519551,-0.874223797429654,-1.5526567977068586,0.9889207687990256,0.22115756446074375,0.49395100598592556,-1.216160519094791,1.0,0.0,5
-0.838199357083868,-0.6173547876289218,-0.46265451632671833,-0.7690597638626695,-0.33179341195826045,-0.35587816742305745,0.0098465702431287,-0.8171490821642245,1.0265597650391496,0.3619948912265698,0.29087081428941786,0.0,1.0,6
0.6006048146558948,-0.5573150687543503,1.1723064935251601,-0.8592890782146816,0.11602635033443841,-0.1830962907541919,0.04535801042381023,-0.23784365827033685,-0.8940147132631981,-1.2874565432653748,-0.9649886301974224,0.0,1.0,5
0.07051906717282422,0.40332043323879313,-0.5307778917372133,0.40392132271348813,0.010656994500862296,0.6232191337005138,0.8621211345794854,0.13700102777863815,-0.15056652811390175,-0.8256101416076306,-0.5463688153684757,0.0,1.0,6
-0.08093400353662458,-0.9775931008763507,0.49107273942021085,2.1408356239897217,-0.14739703924950215,1.0263768459278668,0.7378310939471,1.6943103143639269,0.7787437033227175,1.6155779814404485,-1.216160519094791,0.0,1.0,5
1.7365028449767599,0.7035190276116507,-0.5307778917372133,-0.5209291493946361,0.932638858044654,-0.9318177563192758,-1.2508095561710655,1.1933815066439382,-0.646198651546766,1.351665751921737,-0.4626448524026866,1.0,0.0,6
0.07051906717282422,0.5834395898625077,-0.803271393379193,-0.7690597638626695,-0.2000817171662901,-0.35587816742305745,-0.8956951543642503,-0.34007402719277424,0.9646057496100402,0.2300387764672141,0.9606625180157319,1.0,0.0,6
2.0394089863956575,1.1838367786082227,0.8998129918831804,-0.6111584637466483,0.37944973991837877,-0.8166298385400321,-1.3218324365324285,1.5682261926929133,1.0265597650391496,0.5599290633656034,-0.9649886301974224,1.0,0.0,5
1.282143632848414,-0.43723563100520724,-0.25828439009523335,-0.9495183925666938,-0.8586401911261414,-0.06790837297494821,0.24067093141755863,-1.587284528046647,-1.3276928212669559,-1.2214784858856973,1.5467302587762581,0.0,1.0,6
-0.4595666803102463,0.22320127661507888,-1.1438882704316677,-0.09233990622257862,-0.33179341195826045,-0.29828420853343557,-0.6471150730994796,-0.476381185756062,-0.7081526669758754,-1.0235443137466638,-0.2951969264711085,0.0,1.0,6
-0.5352932156649703,-0.8575136631272077,0.08233248695724127,-0.7916170924506725,-0.46350510675023066,0.3352493392524047,-0.07893203020857512,-1.5055002329087197,-0.026658497255685663,0.757863235504637,1.2118344069131004,0.0,1.0,6
0.14624560252754895,-0.31715619325606453,-0.1901610146847387,-0.7690597638626695,-0.3054510729998664,1.314346640375976,1.1639683761152784,-0.3059972375519618,0.7167896878936081,0.9557974076436706,-0.044025037573739836,0.0,1.0,6
-0.4595666803102463,-0.7374342253780647,-0.12203763927424371,2.1859502811657276,-0.3054510729998664,1.1415647637071105,0.38271669214028475,0.8662443260921159,-0.5222906206885499,-1.0895223711263415,0.03969892539204922,0.0,1.0,6
-0.3081136096007975,-0.6773945065034932,0.014209111546746275,0.8099532372975426,-0.27910873404147235,0.9687828870382449,0.7910982542181223,0.007509227143520503,-0.8940147132631981,-0.09985151043117445,-0.044025037573739836,0.0,1.0,6
0.4491517439464459,-0.43723563100520724,0.21857923777823088,-0.8592890782146816,-0.17373937820789603,0.3352493392524047,0.4537395725016478,-1.0625019675780818,-0.8320606978340915,-0.5616979120889191,0.542042703186785,0.0,1.0,5
-0.15666053889134865,0.7035190276116507,-0.803271393379193,2.637096852925788,-0.27910873404147235,1.1415647637071105,1.2349912564766414,1.5273340451239308,-0.8940147132631981,0.164060719087537,-0.9649886301974224,0.0,1.0,5
2.2665885924598297,1.964353123977652,0.49107273942021085,-0.7013877780986604,-0.06837002237431992,-1.3925694274362506,-1.7302139986102663,1.0570743480806883,-0.33642857440122725,-0.42974179732956375,-0.4626448524026866,1.0,0.0,5
0.14624560252754895,-0.0169575988832069,-0.12203763927424371,2.2310649383417336,-0.5161897846670188,2.293443941499547,0.96865545512153,0.8457982523076056,0.15920354903163708,-1.0895223711263415,-0.1277490005395289,0.0,1.0,6
-0.4595666803102463,0.16316155774050736,1.03605974270417,0.33624933694947906,0.11602635033443841,-0.41347212631267927,0.6312967734050554,0.30738497598270054,-0.5222906206885499,-0.5616979120889191,-0.7975407042658443,0.0,1.0,6
0.4491517439464459,0.3432807143642219,-0.3945311409162233,1.01296919458957,0.06334167241765026,0.1048735036939173,1.1284569359345968,0.3414617656235508,-1.1418307749796304,-0.6936540268482748,0.29087081428941786,0.0,1.0,6
1.887955915686208,-0.6173547876289218,0.8998129918831804,-0.8592890782146816,-0.6215591405005949,-1.1045996329881413,-0.9844737548159541,-0.6467651339601244,-3.000451237852869,-0.42974179732956375,0.2071468513236288,0.0,1.0,6
0.22197213788227302,-0.6773945065034932,0.014209111546746275,0.9452972088255608,-0.4898474457086247,1.3719405992655977,1.3592812971090267,0.7163064516725258,-1.1418307749796304,0.164060719087537,-0.7138167413000552,0.0,1.0,6
0.22197213788227302,-0.7374342253780647,0.08233248695724127,0.38136399412548516,-0.5425321236254129,0.8535949692590012,0.4182281323209663,-0.2037668686295244,-0.15056652811390175,0.9557974076436706,0.7094906291183647,0.0,1.0,6
-0.6110197510196944,-0.6173547876289218,-0.25828439009523335,1.4641157663496307,-0.17373937820789603,0.220061421473161,0.8621211345794854,0.8185368205949632,0.5309276416062852,-0.5616979120889191,-0.8812646672316334,0.0,1.0,5
0.07051906717282422,-0.31715619325606453,-0.12203763927424371,1.802475695169676,-0.35813575091665456,0.9111889281486231,2.1938001413550428,1.397842244488851,-1.0179227441214143,-0.8256101416076306,-1.5510563709579488,0.0,1.0,6
0.2976986732369971,-1.4579108518729225,0.08233248695724127,-0.9044037353906876,-0.674243818417383,0.16246746258353914,-0.3807792717443681,-1.2124398419976719,-1.0179227441214143,0.9557974076436706,0.542042703186785,0.0,1.0,6
-0.0052074681818998474,1.7241942484793658,-1.9613687753576068,-0.6337157923346513,0.6165307905439255,-0.7590358796504103,-0.4695578721960719,1.0059591636194318,1.8939159810466595,0.296016833846892,-0.6300927783342647,1.0,0.0,6
-1.0653789631480408,-0.43723563100520724,-0.803271393379193,2.242343602635735,-0.33179341195826045,-0.4710660852023011,1.1462126560249377,0.5799992931092381,0.9026517341809336,-1.0895223711263415,-0.2951969264711085,0.0,1.0,5
0.6763313500106188,-0.43723563100520724,0.21857923777823088,-0.7465024352746664,-0.7005861573757771,0.45043725703164833,-0.20322207084096047,-0.6638035287805306,-0.026658497255685663,0.6259071207452813,-0.1277490005395289,0.0,1.0,8
-0.4595666803102463,-0.6773945065034932,0.3548259885992209,0.7873959087095397,-0.5425321236254129,0.9111889281486231,0.6845639336760777,0.4300614186896481,-0.15056652811390175,-0.36376373994988587,-0.9649886301974224,0.0,1.0,6
-0.5352932156649703,-1.1577122575000651,1.58104674598813,0.20090536542146095,-0.3054510729998664,2.5814137359476566,0.8443654144891446,0.10973959606599575,-1.5755088829833852,-0.891588198987308,-1.0487125931632115,0.0,1.0,5
-0.0052074681818998474,-0.6773945065034932,0.9679363672936755,0.3136920083614761,-0.5425321236254129,-0.7590358796504103,-0.5228250324670942,-0.5820192336426033,-0.7701066824049821,1.6155779814404485,0.9606625180157319,0.0,1.0,6
-0.08093400353662458,-0.43723563100520724,1.9216636230406043,-0.6562731209226543,0.458476756793561,-0.7590358796504103,-1.5881682378875401,1.241089012141091,0.9646057496100402,1.2197096371623812,0.03969892539204922,1.0,0.0,6
-0.6110197510196944,0.0430821199913643,-0.803271393379193,0.15579070824545485,-0.5952168015422008,-0.7014419207607885,0.04535801042381023,-0.03338292042546203,0.6548356724645014,-0.6936540268482748,-0.37892088943689756,0.0,1.0,5
-0.913925892438592,-0.8575136631272077,-0.5307778917372133,0.06556139389344265,0.4848190957519551,1.0839708048174885,1.5368384980124343,0.055216732640673095,-0.08861251268479507,-0.6936540268482748,-0.8812646672316334,0.0,1.0,5
-0.38384014495552155,-0.6173547876289218,-0.12203763927424371,-0.26151987063260124,-0.38447808987504845,4.309232502636312,1.1462126560249377,-0.8887103404099156,-1.1418307749796304,0.3619948912265698,0.6257666661525756,0.0,1.0,8
-0.3081136096007975,-0.9775931008763507,0.3548259885992209,-0.7690597638626695,-0.04202768341592585,0.9687828870382449,0.7023196537664185,-0.37415081683362456,-0.8940147132631981,-0.5616979120889191,-1.216160519094791,0.0,1.0,5
-0.23238707424607272,-0.19707675550692147,0.014209111546746275,-0.7690597638626695,-0.5425321236254129,0.220061421473161,-0.007909149847212065,-1.301039495063807,-0.21252054354301114,-0.5616979120889191,0.7094906291183647,0.0,1.0,7
-1.0653789631480408,-0.6173547876289218,-0.3945311409162233,1.1370345018235868,-0.46350510675023066,1.8902862292721943,0.8443654144891446,-0.2548820530907431,0.6548356724645014,-0.23180762519053016,0.542042703186785,0.0,1.0,6
-0.23238707424607272,-0.8575136631272077,0.28670261318872586,-0.7916170924506725,-0.674243818417383,0.45043725703164833,0.5780296131340331,-0.476381185756062,0.7787437033227175,0.164060719087537,0.37459477725520696,0.0,1.0,6
0.22197213788227302,1.7842339673539374,-2.1657389015890915,-0.5886011351586452,0.5375037736687432,-0.7014419207607885,-1.517145357526177,0.6822296620317133,0.592881657035392,0.4279729486062477,-0.4626448524026866,1.0,0.0,6
-0.38384014495552155,-0.6773945065034932,-0.46265451632671833,-0.7690597638626695,-0.5425321236254129,-0.12550233186457005,0.50700673277267,-0.6603958498164645,0.4689736261771759,0.03210460432818127,-0.21147296350531794,0.0,1.0,6
0.6006048146558948,-0.9175533820017792,-0.12203763927424371,-0.6788304495106573,-0.09471236133271399,1.0263768459278668,0.4537395725016478,-0.1696900789887119,-0.2744745589721178,-0.29778568257020804,-0.7975407042658443,0.0,1.0,6
3.023853946007073,1.9043134051030803,-0.5307778917372133,-0.5660438065706422,0.7482424853358958,-0.8166298385400321,-1.0910080753579987,1.636379771974538,-1.0179227441214143,1.2197096371623812,0.37459477725520696,1.0,0.0,6
0.37342520859172185,0.2832409954896504,-1.3482583966631525,-0.7465024352746664,1.0643505528366244,-0.6438479618711667,-1.5526567977068586,0.49821499797127305,-0.39838258983033387,-0.29778568257020804,-0.9649886301974224,1.0,0.0,5
-0.6110197510196944,-0.7374342253780647,0.014209111546746275,-0.024667920458569362,-0.27910873404147235,1.1415647637071105,0.7378310939471,-0.4559351119715518,0.9646057496100402,0.09808266170785913,0.542042703186785,0.0,1.0,6
-0.9896524277933161,0.31326085492693617,-1.2801350212526574,-0.5886011351586452,-0.015685344457531777,-0.9318177563192758,-1.5349010776165177,-0.2991818796238296,2.4515021199086333,0.8898193502639927,1.5467302587762581,1.0,0.0,6
0.6006048146558948,-0.5573150687543503,-0.3945311409162233,2.0280489810497064,-0.35813575091665456,0.6232191337005138,2.37135734225845,1.397842244488851,-1.2037847904087398,0.2300387764672141,-1.5510563709579488,0.0,1.0,6
-0.23238707424607272,2.1744921400386517,-1.4845051474841422,-0.4983718208066331,0.6428731295023195,-0.9894117152088977,-1.5349010776165177,0.6174837617141545,-0.08861251268479507,0.8238412928843148,-0.2951969264711085,1.0,0.0,5
-0.6867462863744191,0.22320127661507888,-1.0076415196106776,0.8550678944735489,0.6165307905439255,1.1415647637071105,1.7321514190061829,1.2036045435361744,1.5221918884720138,0.8238412928843148,-0.9649886301974224,0.0,1.0,4
-0.23238707424607272,-0.0169575988832069,2.8753908787875333,1.3964437805856214,0.326765062001591,0.7960010103693794,0.6312967734050554,0.7844600309541507,-1.3896468366960626,1.813512153579482,-1.132436556129002,0.0,1.0,5
0.6006048146558948,-0.4972753498797788,0.28670261318872586,-0.6788304495106573,-0.06837002237431992,-0.010314414085326379,0.11638089078517329,-0.851225871805037,-0.8320606978340915,1.2197096371623812,0.8769385550499428,0.0,1.0,7
3.8568458349090418,0.9436779031099366,1.1723064935251601,-0.6337157923346513,0.8536118411694718,-1.4501633863258725,-1.7834811588812884,1.9430708787418882,-0.21252054354301114,-0.6276759694685969,-0.7975407042658443,1.0,0.0,5
2.2665885924598297,0.40332043323879313,0.7635662410621905,-0.6337157923346513,1.4068009592957469,-1.1045996329881413,-1.375099596803451,0.9480286212300809,-0.39838258983033387,0.8898193502639927,0.2071468513236288,1.0,0.0,5
0.22197213788227302,-0.9175533820017792,0.5591961148307059,0.47159330847749714,-0.015685344457531777,1.1415647637071105,-0.07893203020857512,0.30738497598270054,-1.0179227441214143,-0.09985151043117445,-0.5463688153684757,0.0,1.0,6
-0.23238707424607272,-0.9175533820017792,0.5591961148307059,-0.8141744210386755,-0.5425321236254129,-0.9318177563192758,-1.0554966351773172,-1.226070557854012,-0.8940147132631981,0.9557974076436706,0.7932145920841537,0.0,1.0,7
-0.838199357083868,-0.8575136631272077,0.5591961148307059,-0.7013877780986604,-0.7532708352925652,0.1048735036939173,0.4182281323209663,-1.0556866096499498,0.22115756446074375,1.2197096371623812,0.9606625180157319,0.0,1.0,5
-0.3081136096007975,-0.9775931008763507,0.4229493640097159,-0.8141744210386755,-0.4898474457086247,0.2776553803627828,-0.06117631011823436,-0.919379451086662,0.592881657035392,0.3619948912265698,0.542042703186785,0.0,1.0,7
-0.08093400353662458,-0.8575136631272077,-0.05391426386374872,0.4151999870074896,-0.09471236133271399,0.1048735036939173,1.714395698915842,0.46754588729456453,0.5309276416062852,0.3619948912265698,-0.1277490005395289,0.0,1.0,6
-0.6110197510196944,-0.37719591213063575,-0.8713947687896879,0.0881187224814458,-0.38447808987504845,2.1206620648306815,1.1817240962056192,-0.050421315245868265,0.5309276416062852,-1.2214784858856973,-0.2951969264711085,0.0,1.0,6
-1.2168320338574896,-0.9175533820017792,1.03605974270417,-0.11489723481058156,-0.7005861573757771,-0.6438479618711667,-0.04342059002789359,-0.783072292523412,2.079778027333985,-0.5616979120889191,0.542042703186785,0.0,1.0,6
-1.5954647106311113,-0.07699731775777843,-0.6670246425582032,-0.7690597638626695,-0.7796131742509592,-0.7014419207607885,-0.45180215210573116,-1.7712991921070873,1.7700079501884434,-1.0235443137466638,1.6304542217420472,0.0,1.0,7
-0.7624728217291432,-0.9775931008763507,1.1723064935251601,-0.11489723481058156,-0.25276639508307824,-0.7590358796504103,-0.4340464320153904,-0.8853026614458495,0.28311157988985314,-1.0895223711263415,0.8769385550499428,0.0,1.0,6
-0.3081136096007975,-0.7974739442526363,1.58104674598813,2.1633929525777247,-0.09471236133271399,0.220061421473161,0.7910982542181223,1.2104199014643444,-1.8233249446998174,-0.6276759694685969,-1.132436556129002,0.0,1.0,5
-0.9896524277933161,-0.8575136631272077,-0.5989012671477081,-0.7916170924506725,-0.5161897846670188,0.45043725703164833,-0.3807792717443681,-1.4612004063756332,0.8406977187518241,-0.29778568257020804,1.2118344069131004,0.0,1.0,6
-0.38384014495552155,0.8235984653607935,0.014209111546746275,-0.8141744210386755,-0.9376672080013234,-0.4710660852023011,0.11638089078517329,-1.9076063506703371,-0.4603366052594433,-0.03387345305149659,1.7979021476736254,0.0,1.0,7
-1.1411054985027649,-0.07699731775777843,-1.1438882704316677,-0.7013877780986604,-0.17373937820789603,-0.5862540029815447,-0.3807792717443681,-0.37415081683362456,0.9646057496100402,0.5599290633656034,-0.5463688153684757,0.0,1.0,5
0.4491517439464459,-0.5573150687543503,0.3548259885992209,-0.9044037353906876,-0.35813575091665456,-1.1621935918777633,-0.611603632918798,-1.0965787572188943,-0.8940147132631981,-1.0235443137466638,0.7094906291183647,0.0,1.0,5
0.07051906717282422,-0.13703703663234995,-0.1901610146847387,-0.7916170924506725,-0.4898474457086247,0.1048735036939173,0.5247624528630108,-0.5240886912532146,-0.15056652811390175,0.09808266170785913,0.2071468513236288,0.0,1.0,5
-0.838199357083868,-1.1577122575000651,0.5591961148307059,-0.8592890782146816,-0.7005861573757771,-0.6438479618711667,-0.540580752557435,-1.7849299079633896,-0.21252054354301114,2.8031830142746483,2.049074036570994,0.0,1.0,6
0.7520578853653429,-0.4972753498797788,0.15045586236773625,-0.5660438065706422,0.43213441783516693,-0.8166298385400321,-1.1975423959000433,0.4913996400431408,1.0885137804682563,1.6155779814404485,0.6257666661525756,1.0,0.0,7
-0.0052074681818998474,3.94566384683851,-2.1657389015890915,-0.453257163630627,1.1960622476285943,-1.3349754685466286,-1.747969718700607,0.4641382083304606,1.2743758267555818,-0.49571985470924124,-0.4626448524026866,1.0,0.0,5
0.14624560252754895,0.883638184235365,-0.5307778917372133,2.2761795955177395,-0.7005861573757771,0.220061421473161,0.6845639336760777,0.273308186341888,-0.5842446361176594,-0.1658295678108523,1.2118344069131004,0.0,1.0,7
-0.838199357083868,1.4840353729810796,-2.0976155261785965,-0.6562731209226543,-0.015685344457531777,-1.4501633863258725,-1.8012368789716293,0.07566280642518328,1.8319619656175528,0.164060719087537,0.7094906291183647,1.0,0.0,5
-0.4595666803102463,-0.5573150687543503,-0.05391426386374872,1.667131723641658,0.06334167241765026,1.256752681486354,1.1817240962056192,1.3296886652071882,1.7700079501884434,-0.42974179732956375,-0.6300927783342647,0.0,1.0,6
-0.5352932156649703,0.16316155774050736,0.08233248695724127,-0.3404705206906119,-0.5425321236254129,-0.41347212631267927,-0.39853499183470886,-1.069317325506252,-0.2744745589721178,-1.0235443137466638,0.542042703186785,0.0,1.0,6
-1.1411054985027649,-1.1577122575000651,-0.25828439009523335,-0.2953558635146058,-0.3054510729998664,1.5447224759344633,0.6490524934953962,-1.089763399290762,-0.026658497255685663,-1.7493029449231194,0.542042703186785,0.0,1.0,6
-0.0052074681818998474,-0.9175533820017792,-0.05391426386374872,-0.7690597638626695,0.14236868929283247,0.04727954480429546,1.0396783354828931,-0.9534562407274744,0.7787437033227175,-0.6276759694685969,0.9606625180157319,0.0,1.0,6
-0.38384014495552155,-0.257116474381493,1.1723064935251601,-0.047225249046572514,-0.5952168015422008,0.3352493392524047,0.7733425341277815,0.0006938692153882753,-0.646198651546766,-0.5616979120889191,-0.5463688153684757,0.0,1.0,6
-1.2168320338574896,-0.7374342253780647,0.014209111546746275,-0.8592890782146816,-0.8586401911261414,-0.06790837297494821,-0.30975639138300504,-2.135920841263788,-0.15056652811390175,-0.49571985470924124,2.090936018053889,0.0,1.0,7
-0.08093400353662458,1.8442736862285087,-0.9395181442001829,-0.7239451066866635,0.35310740095998505,-0.9894117152088977,-1.3218324365324285,0.8526136102357758,1.3363298421846885,0.4279729486062477,-1.216160519094791,1.0,0.0,5
-0.7624728217291432,-0.6173547876289218,-0.3264077655057283,-0.4758144922186301,-0.46350510675023066,-0.010314414085326379,0.1518923309658548,-1.6724765021487158,-0.646198651546766,-1.0895223711263415,1.8816261106394159,0.0,1.0,6
1.357870168203138,0.22320127661507888,1.44479999516714,-0.6562731209226543,1.1960622476285943,-0.6438479618711667,-0.6826265132801611,-1.529353985657296,-1.8233249446998174,0.2300387764672141,1.965350073605205,0.0,1.0,5
-0.9896524277933161,-1.3378314141237795,-0.25828439009523335,-0.8141744210386755,-0.5161897846670188,0.3352493392524047,-0.5583364726477758,-1.2805934212793346,0.6548356724645014,-0.7596320842279527,0.29087081428941786,0.0,1.0,7
1.357870168203138,-1.0376328197509221,1.1723064935251601,-0.9044037353906876,-0.46350510675023066,0.9111889281486231,0.2939380916885809,-0.5104579753968744,-0.8320606978340915,-0.1658295678108523,-0.044025037573739836,0.0,1.0,7
1.282143632848414,-0.19707675550692147,0.28670261318872586,-0.5434864779826392,-0.015685344457531777,-1.1621935918777633,-1.3395881566227694,0.3823539131924955,1.0885137804682563,1.0217754650233477,1.0443864809815224,1.0,0.0,5
0.14624560252754895,0.0430821199913643,0.08233248695724127,-0.5886011351586452,0.3004227230431969,-1.219787550767385,-1.5704125177971993,0.06884744849701321,0.8406977187518241,0.4279729486062477,1.1281104439473115,1.0,0.0,6
-0.15666053889134865,-0.37719591213063575,0.28670261318872586,-0.9044037353906876,-0.5688744625838068,-1.277381509657007,-0.7891608338222057,-1.5668384542621745,-0.8320606978340915,-0.49571985470924124,1.2955583698788895,0.0,1.0,6
2.418041663169279,0.40332043323879313,1.58104674598813,-0.4081425064546209,0.5111614347103491,-0.4710660852023011,-1.0732523552676578,1.7386101408970134,-0.4603366052594433,2.341336612616904,-0.5463688153684757,1.0,0.0,6
-0.4595666803102463,-0.19707675550692147,1.1723064935251601,0.6069372800055155,-0.17373937820789603,1.256752681486354,1.874197179728909,0.648152872390863,-0.646198651546766,-0.5616979120889191,-1.4673324079921584,0.0,1.0,5
0.5248782793011707,-0.31715619325606453,0.49107273942021085,0.38136399412548516,-0.5425321236254129,-1.3925694274362506,0.04535801042381023,-0.23784365827033685,-0.646198651546766,-0.7596320842279527,0.12342288835783828,0.0,1.0,5
-0.38384014495552155,-1.1577122575000651,-0.1901610146847387,-0.0021105918705664113,0.03699933345925637,-0.12550233186457005,-0.16771063066027894,0.034770658856200745,1.8319619656175528,-0.6276759694685969,-0.2951969264711085,0.0,1.0,7
0.07051906717282422,-1.1276923980627793,1.1723064935251601,-0.8367317496266786,-0.46350510675023066,0.220061421473161,0.38271669214028475,-0.6467651339601244,-0.5222906206885499,1.5495999240607705,-0.044025037573739836,0.0,1.0,6
0.7520578853653429,-0.9775931008763507,-0.05391426386374872,1.5317877521136398,-0.46350510675023066,3.790886872629715,2.389113062348791,1.0570743480806883,-0.9559687286923076,-0.09985151043117445,-0.8812646672316334,0.0,1.0,6
3.553939693490144,0.22320127661507888,1.30855324434615,-0.6788304495106573,1.6965666878380814,-1.3349754685466286,-1.6769468383392439,1.7386101408970134,0.09724953360253041,1.4836218666810927,-0.1277490005395289,1.0,0.0,6
-0.838199357083868,-1.0976725386254935,0.15045586236773625,0.24602002259746686,-0.5952168015422008,0.04727954480429546,-0.007909149847212065,-0.28895884273155553,0.592881657035392,0.296016833846892,-0.35101290457243356,0.0,1.0,7
0.7520578853653429,-0.5573150687543503,0.9679363672936755,-0.2840771992206043,-0.17373937820789603,-0.9318177563192758,-0.22097779093130124,0.2528621125574157,0.3450655953189598,0.296016833846892,-0.7138167413000552,0.0,1.0,5
-1.0653789631480408,-0.07699731775777843,-0.5989012671477081,-0.0021105918705664113,-0.09471236133271399,-0.06790837297494821,-0.14995491056993818,0.027955300928030686,-0.5842446361176594,-0.09985151043117445,-1.2998844820605802,0.0,1.0,5
0.6006048146558948,0.5233998709879362,0.5591961148307059,1.667131723641658,2.934656618882602,-0.06790837297494821,1.341525577018686,1.5682261926929133,-0.9559687286923076,0.6918851781249591,-1.132436556129002,0.0,1.0,5
-0.838199357083868,0.40332043323879313,-2.1657389015890915,-0.7690597638626695,0.16871102825122655,0.3352493392524047,-0.4873135922864127,-1.0556866096499498,0.28311157988985314,0.8898193502639927,0.2071468513236288,0.0,1.0,6
1.282143632848414,-0.7374342253780647,1.104183118114665,-0.7239451066866635,0.5375037736687432,-0.06790837297494821,-0.9667180347256134,0.7844600309541507,1.0265597650391496,-0.03387345305149659,-0.9649886301974224,1.0,0.0,6
-0.15666053889134865,1.8742935456657945,-1.0757648950211727,-0.6562731209226543,0.458476756793561,-1.277381509657007,-1.5881682378875401,0.5322917876120855,0.9026517341809336,0.09808266170785913,-0.7138167413000552,1.0,0.0,5
1.5093232389125861,0.0430821199913643,0.49107273942021085,-0.9269610639786906,-0.38447808987504845,-0.874223797429654,-0.9489623146352726,-0.7149187132417871,-1.6374628984124946,-1.6833248875434417,-0.1277490005395289,0.0,1.0,4
-0.38384014495552155,-0.9775931008763507,0.3548259885992209,-0.8367317496266786,-0.7796131742509592,0.6808130925901357,0.18740377114653634,-1.7406300814303408,0.09724953360253041,-1.0895223711263415,1.8816261106394159,0.0,1.0,7
0.37342520859172185,0.4633601521133647,0.4229493640097159,0.6971665943575275,0.11602635033443841,1.0839708048174885,0.5247624528630108,0.7163064516725258,1.0885137804682563,0.296016833846892,0.37459477725520696,0.0,1.0,6
-0.08093400353662458,-1.2777916952492079,0.5591961148307059,-0.8592890782146816,-0.25276639508307824,1.3719405992655977,0.3472052519596032,-0.4423043961152495,0.4689736261771759,2.869161071654326,-0.6300927783342647,0.0,1.0,7
0.37342520859172185,-0.6773945065034932,-0.05391426386374872,1.2836571376456063,-0.4898474457086247,1.659910393713707,1.270502696657323,0.8185368205949632,-0.646198651546766,0.09808266170785913,-0.8812646672316334,0.0,1.0,6
-0.4595666803102463,0.40332043323879313,-0.3264077655057283,1.2836571376456063,1.4068009592957469,-0.5862540029815447,-0.20322207084096047,0.7571985992415083,-0.8940147132631981,-0.8256101416076306,-1.2998844820605802,0.0,1.0,6
-0.0052074681818998474,1.6641545296047942,-2.0976155261785965,-0.6111584637466483,0.2213957061680147,-1.277381509657007,-1.215298115990384,-0.401412248546267,0.592881657035392,-0.1658295678108523,1.0443864809815224,1.0,0.0,6
0.07051906717282422,-1.0976725386254935,0.21857923777823088,-0.7916170924506725,-0.5425321236254129,-0.06790837297494821,-0.11444347038925665,-0.3673354589054545,0.28311157988985314,-0.1658295678108523,-0.2951969264711085,0.0,1.0,6
-0.4595666803102463,-1.3378314141237795,-0.46265451632671833,-0.8141744210386755,-0.46350510675023066,-0.5286600440919229,0.2939380916885809,-1.1442862627160468,-0.15056652811390175,-0.5616979120889191,0.542042703186785,0.0,1.0,7
-0.5352932156649703,-0.9775931008763507,0.08233248695724127,-0.8141744210386755,-0.7269284963341711,0.2776553803627828,0.4182281323209663,-1.1442862627160468,0.8406977187518241,0.4279729486062477,0.7932145920841537,0.0,1.0,7
0.14624560252754895,-0.43723563100520724,1.104183118114665,-0.8818464068026846,-0.25276639508307824,-0.7590358796504103,0.3116938117789217,-1.0556866096499498,-0.21252054354301114,-0.29778568257020804,0.8769385550499428,0.0,1.0,6
0.5248782793011707,-0.9775931008763507,1.1723064935251601,0.04300406530543969,-0.14739703924950215,0.3352493392524047,0.7555868140374408,0.273308186341888,-0.2744745589721178,-0.36376373994988587,0.03969892539204922,0.0,1.0,6
0.4491517439464459,-1.0976725386254935,0.6273194902412005,-0.7465024352746664,-0.8059555132093533,-0.06790837297494821,0.4537395725016478,-1.1919937682131996,-1.2657388058378465,1.6155779814404485,1.6304542217420472,0.0,1.0,6
-0.9896524277933161,-0.13703703663234995,0.08233248695724127,-0.6562731209226543,-0.7796131742509592,0.2776553803627828,0.4182281323209663,-1.7201840076458306,0.9026517341809336,-0.7596320842279527,1.7979021476736254,0.0,1.0,6
0.2976986732369971,-0.37719591213063575,1.1723064935251601,3.4153246892118925,0.08968401137604433,-0.010314414085326379,0.5425181729533516,2.5428223764202484,-1.3276928212669559,-0.6276759694685969,-1.718504296889527,0.0,1.0,5
0.4491517439464459,-0.8575136631272077,-0.803271393379193,-0.8141744210386755,-0.5425321236254129,-0.29828420853343557,-0.5583364726477758,-1.232885915782182,-1.2037847904087398,-0.49571985470924124,0.9606625180157319,0.0,1.0,6
-0.3081136096007975,-0.7974739442526363,2.8753908787875333,-0.8592890782146816,-0.25276639508307824,-0.29828420853343557,-0.06117631011823436,-0.9875330303682869,-0.5842446361176594,-0.8256101416076306,0.12342288835783828,0.0,1.0,6
-0.23238707424607272,-0.31715619325606453,0.6273194902412005,0.6294946085935185,-0.27910873404147235,1.256752681486354,1.0041668953022116,0.29716193909046434,-0.646198651546766,-0.1658295678108523,-0.7975407042658443,0.0,1.0,5
-1.1411054985027649,-0.4972753498797788,-0.46265451632671833,1.2159851518815974,-0.9640095469597175,-1.3349754685466286,-1.0199851949966356,-0.1696900789887119,1.0265597650391496,-1.0895223711263415,0.03969892539204922,0.0,1.0,5
-0.5352932156649703,-0.31715619325606453,-0.12203763927424371,0.9340185445315594,-0.14739703924950215,-0.29828420853343557,0.9153882948505077,-0.3775584957976907,0.09724953360253041,0.164060719087537,0.6676286476354694,0.0,1.0,6
-0.7624728217291432,-0.19707675550692147,-0.3945311409162233,-0.047225249046572514,-0.5161897846670188,0.3352493392524047,0.5957853332243739,-0.5786115546784993,-0.08861251268479507,-0.8256101416076306,-0.1277490005395289,0.0,1.0,6
0.07051906717282422,-0.9175533820017792,1.1723064935251601,2.3776875741637538,0.03699933345925637,1.1415647637071105,0.3472052519596032,1.8067637201786384,1.2124218113264724,-1.1555004285060195,-1.216160519094791,0.0,1.0,7
0.2976986732369971,0.5233998709879362,0.5591961148307059,-0.5209291493946361,0.6692154684607136,-1.3925694274362506,-1.8367483191523108,0.3005696180545683,1.3363298421846885,0.03210460432818127,1.3792823328446786,1.0,0.0,6
0.6763313500106188,-0.9175533820017792,0.5591961148307059,-0.9269610639786906,-0.5161897846670188,2.4662258181684127,1.1639683761152784,-0.6467651339601244,-1.0179227441214143,-1.2874565432653748,-0.4626448524026866,0.0,1.0,6
-0.08093400353662458,-0.4972753498797788,0.3548259885992209,0.11067605106944875,-0.8322978521677473,0.04727954480429546,-0.16771063066027894,-1.2533319895666544,-1.0179227441214143,-1.3534346006450526,1.7141781847078363,0.0,1.0,8
3.0995804813617984,0.16316155774050736,1.240429868935655,-0.7239451066866635,0.8799541801278657,-0.5862540029815447,-1.1975423959000433,0.9684746950145532,-0.4603366052594433,0.2300387764672141,-0.044025037573739836,1.0,0.0,5
-0.0052074681818998474,-0.6173547876289218,-0.3264077655057283,-0.8141744210386755,-0.4898474457086247,0.04727954480429546,0.13413661087551404,-0.6126883443193119,-0.4603366052594433,-0.49571985470924124,-0.21147296350531794,0.0,1.0,6
-0.0052074681818998474,-1.0976725386254935,1.1723064935251601,-0.8367317496266786,-0.5161897846670188,-0.1830962907541919,-0.1854663507506197,-0.7149187132417871,0.035295518173421,0.2300387764672141,0.03969892539204922,0.0,1.0,6
-0.4595666803102463,0.10312183886593582,-0.1901610146847387,-0.7690597638626695,-0.9376672080013234,-0.35587816742305745,-0.5228250324670942,-1.6520304283642058,1.1504677958973657,0.49395100598592556,1.5467302587762581,0.0,1.0,9
1.357870168203138,0.6434793087370793,1.1723064935251601,-0.5434864779826392,0.7219001463775018,-0.5286600440919229,-0.7003822333705019,1.4319190341296635,0.7787437033227175,0.2300387764672141,-0.7138167413000552,1.0,0.0,5
-1.5954647106311113,0.0430821199913643,-0.3945311409162233,0.40392132271348813,-0.5952168015422008,0.3352493392524047,0.09862517069483252,-0.8921180193740196,0.9646057496100402,-0.891588198987308,0.7932145920841537,0.0,1.0,6
-0.4595666803102463,2.624790031597938,1.240429868935655,-0.7916170924506725,-0.3054510729998664,-0.010314414085326379,0.32944953186926246,-1.1783630523568593,0.15920354903163708,-0.36376373994988587,0.9606625180157319,0.0,1.0,5
0.8277844207200683,-0.7374342253780647,0.15045586236773625,-0.8818464068026846,-0.35813575091665456,-0.5862540029815447,0.027602290333469462,-0.6126883443193119,-1.3896468366960626,-0.42974179732956375,-0.2951969264711085,0.0,1.0,6
-0.0052074681818998474,-0.19707675550692147,-0.5307778917372133,-0.8141744210386755,0.010656994500862296,-0.7590358796504103,0.04535801042381023,-0.5786115546784993,-0.39838258983033387,-1.2214784858856973,-0.044025037573739836,0.0,1.0,5
0.8277844207200683,0.40332043323879313,1.30855324434615,-0.6788304495106573,-0.27910873404147235,-1.1045996329881413,1.643372818554479,-0.5104579753968744,-1.2657388058378465,0.09808266170785913,0.7094906291183647,0.0,1.0,5
1.357870168203138,2.8649489070962235,-1.825122024536617,-0.5886011351586452,0.6428731295023195,-0.24069024964381375,-0.3275121114733458,1.241089012141091,0.8406977187518241,-0.03387345305149659,-0.4626448524026866,1.0,0.0,5
-0.4595666803102463,3.375286517530081,-0.8713947687896879,-0.9495183925666938,-0.2264240561246842,-0.7590358796504103,1.5901056582834567,-0.37415081683362456,0.7167896878936081,0.164060719087537,-0.4626448524026866,0.0,1.0,5
-0.08093400353662458,-0.4972753498797788,-0.8713947687896879,0.7197239229455304,-0.14739703924950215,1.314346640375976,1.2882584167476636,0.5118457138276131,-0.39838258983033387,-0.09985151043117445,-0.7138167413000552,0.0,1.0,5
-1.1411054985027649,-1.0976725386254935,-0.3945311409162233,0.29113467977347296,-0.35813575091665456,-0.12550233186457005,-0.02566486993755283,-0.3059972375519618,-1.0179227441214143,0.296016833846892,-0.5463688153684757,0.0,1.0,6
0.6006048146558948,-0.8575136631272077,0.28670261318872586,-0.8592890782146816,-0.647901479458989,-0.5286600440919229,-0.6471150730994796,-0.8171490821642245,-0.8940147132631981,-1.0895223711263415,-0.1277490005395289,0.0,1.0,6
-0.08093400353662458,-0.8575136631272077,0.28670261318872586,1.4866730949376337,-0.38447808987504845,0.8535949692590012,0.16964805105619557,0.8526136102357758,-1.8852789601289268,0.3619948912265698,-0.8812646672316334,0.0,1.0,7
-0.4595666803102463,-0.7974739442526363,-0.05391426386374872,1.4415584377616277,-0.46350510675023066,0.9111889281486231,0.8976325747601669,1.176343111823532,1.1504677958973657,-0.6276759694685969,-0.6300927783342647,0.0,1.0,7
-0.23238707424607272,-0.6173547876289218,0.3548259885992209,0.24602002259746686,-0.7796131742509592,0.45043725703164833,-0.04342059002789359,-1.239701273710352,-0.21252054354301114,-1.2874565432653748,1.5467302587762581,0.0,1.0,6
-0.3081136096007975,-0.7974739442526363,0.6954428656516954,-0.8592890782146816,-0.3054510729998664,-0.35587816742305745,0.2051594912368771,-0.7353647870262594,-0.8320606978340915,2.2093804978575484,0.29087081428941786,0.0,1.0,6
1.282143632848414,1.7542141079166516,0.3548259885992209,-0.7465024352746664,5.437178819930036,-1.4501633863258725,-0.9312065945449318,0.8866903998765882,-1.3896468366960626,3.6608977602104606,-1.0487125931632115,1.0,0.0,5
-0.913925892438592,-0.4972753498797788,1.240429868935655,-0.6337157923346513,-0.2264240561246842,1.659910393713707,0.6845639336760777,-0.5786115546784993,-0.8940147132631981,0.49395100598592556,-0.6300927783342647,0.0,1.0,5
0.2976986732369971,0.40332043323879313,-0.5307778917372133,-0.7239451066866635,0.6165307905439255,-1.5077573452154942,-1.8367483191523108,0.5799992931092381,0.3450655953189598,0.3619948912265698,-0.8812646672316334,1.0,0.0,5
-0.3081136096007975,-0.7374342253780647,0.014209111546746275,0.20090536542146095,-0.06837002237431992,0.565625174810892,0.6668082135857369,-0.23784365827033685,-0.15056652811390175,0.2300387764672141,0.2071468513236288,0.0,1.0,6
-1.2168320338574896,-0.4972753498797788,-0.3945311409162233,0.15579070824545485,-0.674243818417383,-1.0470056740985194,-0.611603632918798,-0.7489955028825995,0.15920354903163708,-1.0235443137466638,0.2071468513236288,0.0,1.0,5
-0.5352932156649703,-0.8575136631272077,-0.05391426386374872,-0.6562731209226543,-0.6215591405005949,0.1048735036939173,-0.34526783156368657,-1.7252955260919867,-1.6374628984124946,0.49395100598592556,1.2118344069131004,0.0,1.0,6
3.2510335520712466,-0.19707675550692147,1.30855324434615,-0.6337157923346513,0.5901884515855313,-0.9318177563192758,-1.5349010776165177,1.2615350859255632,-1.2037847904087398,2.6052488421356155,-0.6300927783342647,1.0,0.0,6
-0.08093400353662458,0.10312183886593582,0.5591961148307059,-0.6901091138046588,-0.6215591405005949,-0.24069024964381375,0.06311373051415099,-1.757668476250747,-0.15056652811390175,-0.5616979120889191,2.467693851399941,0.0,1.0,7
-0.4595666803102463,-0.37719591213063575,-1.5526285228946373,1.3287717948216125,-0.14739703924950215,0.3928432981420265,0.2939380916885809,0.39598462904883563,-1.8233249446998174,0.5599290633656034,-0.8812646672316334,0.0,1.0,6
-0.3081136096007975,-0.43723563100520724,0.3548259885992209,0.7197239229455304,-0.04202768341592585,1.256752681486354,1.3770370171993676,0.4641382083304606,-0.7081526669758754,-0.09985151043117445,-0.8812646672316334,0.0,1.0,6
-0.5352932156649703,-0.6773945065034932,-0.46265451632671833,2.7724408244538066,-0.27910873404147235,-0.874223797429654,-0.07893203020857512,1.2887965176382057,-0.4603366052594433,-0.7596320842279527,-1.132436556129002,0.0,1.0,6
0.14624560252754895,1.4840353729810796,-1.620751898305132,-0.13745456339858453,0.7745848242942895,-1.3925694274362506,-1.517145357526177,0.9889207687990256,0.9646057496100402,-0.23180762519053016,-1.2998844820605802,1.0,0.0,4
0.37342520859172185,-0.9775931008763507,1.44479999516714,-0.8592890782146816,-0.4108204288334425,0.6808130925901357,0.9331440149408484,-1.2601473474948244,-0.7081526669758754,-0.6276759694685969,1.1281104439473115,0.0,1.0,5
0.2976986732369971,-0.07699731775777843,0.6273194902412005,1.960376995285697,-0.3054510729998664,0.7960010103693794,1.4658156176510713,1.5000726134112883,-0.2744745589721178,0.6918851781249591,-1.216160519094791,0.0,1.0,5
-0.08093400353662458,-0.13703703663234995,-0.1901610146847387,-0.22768387775059673,-0.4898474457086247,0.16246746258353914,0.9864111752118707,0.044993695748436924,0.28311157988985314,0.6918851781249591,-0.2951969264711085,0.0,1.0,6
4.6141111884562855,0.5233998709879362,1.7854168722196142,-0.7013877780986604,0.35310740095998505,-0.874223797429654,-1.3218324365324285,2.0112244580235132,-1.0179227441214143,-0.29778568257020804,-1.2998844820605802,1.0,0.0,5
-1.0653789631480408,0.2532211360523646,-0.46265451632671833,-0.2953558635146058,-0.674243818417383,0.45043725703164833,0.13413661087551404,-1.0965787572188943,-0.15056652811390175,0.6259071207452813,0.542042703186785,0.0,1.0,6
2.342315127814555,-1.0376328197509221,1.03605974270417,-0.8141744210386755,-0.5161897846670188,-1.4501633863258725,-1.446122477164814,-0.2037668686295244,-2.0711410064162497,-1.6833248875434417,-0.7975407042658443,0.0,1.0,3
0.4491517439464459,1.0637573408590797,-0.46265451632671833,-0.7013877780986604,0.6428731295023195,-0.9318177563192758,-1.35734387671311,1.3296886652071882,1.2743758267555818,0.757863235504637,-1.2998844820605802,1.0,0.0,6
-0.3081136096007975,-0.43723563100520724,-1.3482583966631525,-0.8367317496266786,-0.4371627677918366,3.2725412426231184,0.9508997350311892,-0.851225871805037,-0.2744745589721178,-0.8256101416076306,-0.4626448524026866,0.0,1.0,5
0.14624560252754895,-0.8575136631272077,-0.1901610146847387,-0.7465024352746664,-0.25276639508307824,-0.8166298385400321,-0.25648923111198274,-0.7046956763495131,0.3450655953189598,-0.5616979120889191,0.03969892539204922,0.0,1.0,6
-0.6867462863744191,-0.7374342253780647,0.15045586236773625,-0.0021105918705664113,-0.647901479458989,0.3352493392524047,-0.3807792717443681,-1.4918695170523795,0.28311157988985314,-1.1555004285060195,2.467693851399941,0.0,1.0,7
-0.3081136096007975,2.3245914372250804,-0.803271393379193,0.35880666553748203,-0.06837002237431992,-0.29828420853343557,-0.8779394342739095,-0.4286736802589094,-0.646198651546766,-1.6833248875434417,0.458318740220996,0.0,1.0,4
-0.38384014495552155,1.1838367786082227,-1.2801350212526574,-0.6788304495106573,0.5111614347103491,-0.874223797429654,-1.3928553168937916,0.9548439791582132,2.3895481044795237,0.6918851781249591,-0.6300927783342647,1.0,0.0,5
-0.838199357083868,0.22320127661507888,1.03605974270417,-0.8141744210386755,-0.14739703924950215,1.659910393713707,1.6966399788255013,-0.4797888647201281,0.09724953360253041,-0.23180762519053016,-0.7975407042658443,0.0,1.0,5
-0.6110197510196944,1.7842339673539374,-0.7351480179686981,-0.7239451066866635,0.6428731295023195,-0.9318177563192758,-1.4816339173454955,0.8151291416308971,2.2656400736213076,0.8238412928843148,-0.6300927783342647,1.0,0.0,5
-0.6110197510196944,-1.0376328197509221,-0.3264077655057283,0.38136399412548516,-0.5425321236254129,3.3301352015127406,1.9274643399999312,0.10292423813782568,0.3450655953189598,-1.2214784858856973,-0.2951969264711085,0.0,1.0,6
-1.2168320338574896,0.9436779031099366,-1.5526285228946373,-0.6111584637466483,-0.2000817171662901,-0.7590358796504103,-0.2742449512023235,-0.27192044791114933,2.51345613533774,0.6259071207452813,2.049074036570994,1.0,0.0,5
-0.08093400353662458,-0.0169575988832069,-0.05391426386374872,0.04300406530543969,-0.647901479458989,0.3352493392524047,0.4537395725016478,-0.9670869565838145,0.7787437033227175,-0.42974179732956375,1.4630062958104693,0.0,1.0,7
0.14624560252754895,-0.5573150687543503,-0.1901610146847387,-0.6337157923346513,-0.06837002237431992,-0.6438479618711667,-1.1620309557193618,0.7367525254569982,1.0885137804682563,1.4836218666810927,0.29087081428941786,1.0,0.0,7
-0.3081136096007975,-1.0376328197509221,0.28670261318872586,-0.8141744210386755,-0.5425321236254129,0.45043725703164833,-0.11444347038925665,-1.512315590836852,-0.21252054354301114,0.8238412928843148,1.2118344069131004,0.0,1.0,6
-0.38384014495552155,-1.3378314141237795,-0.12203763927424371,0.04300406530543969,-0.2264240561246842,0.45043725703164833,-0.02566486993755283,-0.33325866926464204,0.6548356724645014,-0.6276759694685969,-0.37892088943689756,0.0,1.0,7
-0.6110197510196944,-0.37719591213063575,-0.3264077655057283,1.3513291234096154,-0.38447808987504845,0.8535949692590012,0.5957853332243739,1.1456740011467856,-0.5222906206885499,-0.49571985470924124,-1.5510563709579488,0.0,1.0,5
1.357870168203138,1.123797059733651,1.1723064935251601,-0.7013877780986604,3.013683635757784,-1.3925694274362506,-1.5881682378875401,1.0229975584398758,0.28311157988985314,0.49395100598592556,-0.9649886301974224,1.0,0.0,6
2.5694947338787273,-0.37719591213063575,0.49107273942021085,2.366408909869752,0.326765062001591,-1.3925694274362506,-1.6236796780682217,2.760913830121463,-0.646198651546766,0.8238412928843148,-1.132436556129002,1.0,0.0,5
-0.23238707424607272,-0.7974739442526363,0.08233248695724127,-0.7239451066866635,-0.5952168015422008,1.0263768459278668,0.38271669214028475,-1.5668384542621745,0.15920354903163708,-0.8256101416076306,1.7141781847078363,0.0,1.0,7
-0.6110197510196944,-1.0376328197509221,-0.3264077655057283,1.1031985089415821,-0.25276639508307824,-0.24069024964381375,-0.238733511021642,0.49821499797127305,0.7167896878936081,-0.23180762519053016,-0.5463688153684757,0.0,1.0,6
-1.2168320338574896,-0.4972753498797788,1.240429868935655,1.4415584377616277,-0.7269284963341711,-0.29828420853343557,-0.3807792717443681,-0.07427506799440672,0.035295518173421,-0.29778568257020804,-0.044025037573739836,0.0,1.0,6
-0.0052074681818998474,-0.257116474381493,-0.12203763927424371,0.6971665943575275,-0.17373937820789603,0.565625174810892,1.3060141368380045,0.6890450199598456,-0.4603366052594433,-0.29778568257020804,-1.216160519094791,0.0,1.0,6
-1.2168320338574896,-1.2777916952492079,-0.3264077655057283,-0.047225249046572514,-0.7532708352925652,-0.4710660852023011,-0.1854663507506197,0.10292423813782568,0.7167896878936081,-0.5616979120889191,-1.132436556129002,0.0,1.0,6
0.14624560252754895,-0.9775931008763507,-0.12203763927424371,1.2159851518815974,-0.3054510729998664,0.7960010103693794,1.0574340555732338,0.7163064516725258,-0.7081526669758754,0.2300387764672141,-0.7138167413000552,0.0,1.0,6
-0.913925892438592,-0.37719591213063575,-0.6670246425582032,1.6107384021716504,-0.2264240561246842,0.6808130925901357,0.8621211345794854,0.40961534490517576,-0.15056652811390175,-0.49571985470924124,-0.37892088943689756,0.0,1.0,5
-0.15666053889134865,-0.6773945065034932,0.08233248695724127,0.1783480368334578,-0.4371627677918366,-0.29828420853343557,0.38271669214028475,0.17107781741945063,-0.21252054354301114,0.296016833846892,-0.8812646672316334,0.0,1.0,6
1.2064170974936899,1.4840353729810796,-0.9395181442001829,-0.4758144922186301,0.8536118411694718,-1.0470056740985194,-0.7181379534608426,0.9821054108708933,-0.5222906206885499,0.03210460432818127,-0.9649886301974224,1.0,0.0,5
-0.23238707424607272,-0.257116474381493,-0.46265451632671833,-0.385585177866618,-0.4108204288334425,-0.24069024964381375,0.16964805105619557,-0.07427506799440672,-0.2744745589721178,-0.23180762519053016,-1.0487125931632115,0.0,1.0,6
-0.838199357083868,-0.0169575988832069,-0.46265451632671833,-0.7239451066866635,0.7219001463775018,-1.5077573452154942,-1.5349010776165177,0.04840137471250303,0.8406977187518241,-0.6276759694685969,-0.37892088943689756,1.0,0.0,5
-0.15666053889134865,-0.6773945065034932,-0.3945311409162233,0.49415063706550033,-0.4108204288334425,-0.5286600440919229,-0.4340464320153904,0.201746928096197,-0.026658497255685663,0.09808266170785913,-0.8812646672316334,0.0,1.0,6
-0.23238707424607272,-0.7374342253780647,0.49107273942021085,0.2234626940094639,-0.5688744625838068,0.7960010103693794,0.4714952925919886,-1.1136171520393006,-0.7081526669758754,-1.3534346006450526,1.6304542217420472,0.0,1.0,6
0.37342520859172185,1.7842339673539374,-0.7351480179686981,-0.6337157923346513,0.5375037736687432,0.1048735036939173,0.32944953186926246,0.3755385552643633,0.28311157988985314,-0.5616979120889191,-0.5463688153684757,1.0,0.0,5
-0.4595666803102463,-0.4972753498797788,-0.3264077655057283,1.5317877521136398,-0.2264240561246842,-0.12550233186457005,-0.04342059002789359,0.5322917876120855,-2.1950490372744658,-0.29778568257020804,-0.7138167413000552,0.0,1.0,6
2.2665885924598297,1.1838367786082227,0.3548259885992209,2.343851581281749,4.146404210968728,1.4295345581552197,-0.34526783156368657,3.132350837206372,-0.2744745589721178,1.5495999240607705,-1.2998844820605802,1.0,0.0,6
-0.23238707424607272,-0.7374342253780647,-0.05391426386374872,0.29113467977347296,-0.7269284963341711,0.6232191337005138,0.2939380916885809,-0.42185832233073933,-0.8940147132631981,-0.29778568257020804,0.2071468513236288,0.0,1.0,6
0.5248782793011707,0.16316155774050736,-0.12203763927424371,-0.5209291493946361,-0.7269284963341711,1.9478801881618162,0.7733425341277815,-0.9875330303682869,-0.646198651546766,0.3619948912265698,1.2118344069131004,0.0,1.0,7
-1.2925585692122137,-0.0169575988832069,-0.3945311409162233,-0.6337157923346513,-0.9376672080013234,0.04727954480429546,0.08086945060449176,-1.8087836607119658,2.0178240119048754,-0.29778568257020804,2.049074036570994,0.0,1.0,8
1.282143632848414,0.5233998709879362,0.8998129918831804,-0.7013877780986604,-0.12105470029110807,-1.3925694274362506,-1.747969718700607,0.10292423813782568,0.7787437033227175,1.0877535224030255,1.6304542217420472,1.0,0.0,6
0.9035109560747924,2.2345318589132233,-0.803271393379193,-0.5886011351586452,0.5111614347103491,-1.1621935918777633,-1.35734387671311,0.9718823739786193,0.5309276416062852,0.6918851781249591,-0.9649886301974224,1.0,0.0,5
-1.2168320338574896,-1.1577122575000651,-0.05391426386374872,0.06556139389344265,-0.4898474457086247,-1.277381509657007,-0.6293593530091388,-0.7489955028825995,0.4689736261771759,-0.9575662563669859,-0.044025037573739836,0.0,1.0,6
-0.3081136096007975,-0.9775931008763507,0.3548259885992209,-0.7916170924506725,-0.7796131742509592,0.3928432981420265,-0.3807792717443681,-0.851225871805037,0.4689736261771759,-0.5616979120889191,0.2071468513236288,0.0,1.0,6
-0.838199357083868,2.0243928428522233,1.3766766197566451,-0.8141744210386755,-0.5161897846670188,0.1048735036939173,0.1518923309658548,-1.4577927274115672,0.09724953360253041,-0.5616979120889191,1.2118344069131004,0.0,1.0,6
-0.6110197510196944,0.4633601521133647,-1.5526285228946373,-0.6111584637466483,-0.06837002237431992,0.220061421473161,-0.8956951543642503,0.9343979053737408,1.1504677958973657,0.9557974076436706,-0.1277490005395289,1.0,0.0,6
-0.913925892438592,-0.4972753498797788,-1.1438882704316677,-0.8367317496266786,0.08968401137604433,1.1991587225967322,0.7023196537664185,-0.326443311336472,-0.5222906206885499,-0.1658295678108523,-1.5510563709579488,0.0,1.0,5
0.5248782793011707,3.255207079780938,-1.9613687753576068,-0.7239451066866635,0.03699933345925637,-1.5077573452154942,-1.890015479423333,0.9207671895174007,0.8406977187518241,-1.3534346006450526,-1.216160519094791,1.0,0.0,4
0.9035109560747924,-0.43723563100520724,-0.12203763927424371,-0.6337157923346513,-0.5161897846670188,0.3352493392524047,0.2584266515078994,-1.2431089526744183,-2.0711410064162497,-1.5513687727840861,0.7653066072196897,0.0,1.0,6
-0.6110197510196944,-0.6173547876289218,-0.46265451632671833,3.4266033535058944,0.6955578074191077,0.2776553803627828,0.7555868140374408,1.7931330043222982,-0.33642857440122725,-0.23180762519053016,-1.216160519094791,0.0,1.0,5
0.6763313500106188,-1.0376328197509221,0.8316896164726855,2.0506063096377094,-0.09471236133271399,0.7384070514797575,0.5425181729533516,2.0793780373051383,0.3450655953189598,1.4176438093014148,-1.4673324079921584,0.0,1.0,8
0.14624560252754895,1.7842339673539374,-1.0076415196106776,0.0881187224814458,2.934656618882602,1.256752681486354,-0.29200067129266427,0.9752900529427233,0.3450655953189598,-0.23180762519053016,-0.8812646672316334,1.0,0.0,5
-0.3081136096007975,-0.7974739442526363,-0.3945311409162233,1.5092304235256366,-0.4898474457086247,1.7750983114929506,0.6668082135857369,0.24945443359331174,-1.2657388058378465,0.164060719087537,-0.044025037573739836,0.0,1.0,7
-0.6110197510196944,-0.7974739442526363,-0.12203763927424371,0.1332333796574517,-0.33179341195826045,0.7384070514797575,0.8088539743084631,0.13700102777863815,2.327594089050417,-0.8256101416076306,0.03969892539204922,0.0,1.0,6
2.1151355217503816,2.3245914372250804,0.7635662410621905,-0.6111584637466483,0.06334167241765026,-0.874223797429654,-1.4816339173454955,0.7163064516725258,-0.4603366052594433,0.2300387764672141,0.37459477725520696,1.0,0.0,5
0.2976986732369971,-1.1577122575000651,0.21857923777823088,-0.16001189198658766,-0.14739703924950215,-0.41347212631267927,-0.29200067129266427,-0.09472114177891691,-0.7701066824049821,-0.6276759694685969,-0.8812646672316334,0.0,1.0,6
-0.08093400353662458,-0.4972753498797788,0.014209111546746275,2.12955695969572,0.458476756793561,-0.06790837297494821,-0.1321991904795974,1.1933815066439382,-1.6374628984124946,-0.7596320842279527,-1.132436556129002,0.0,1.0,6
-0.08093400353662458,-0.37719591213063575,-0.3945311409162233,-0.7013877780986604,-0.2000817171662901,-1.0470056740985194,-0.5050693123767535,-0.37415081683362456,-0.4603366052594433,-1.0235443137466638,-0.9649886301974224,0.0,1.0,5
-0.4595666803102463,-0.4972753498797788,-0.25828439009523335,0.990411866001567,-0.7532708352925652,-0.9894117152088977,0.11638089078517329,-0.6672112077446345,-0.33642857440122725,-1.2874565432653748,1.2955583698788895,0.0,1.0,6
-1.4440116399216625,0.763558746486222,-1.4163817720736476,-0.6337157923346513,-0.2264240561246842,-0.8166298385400321,-0.45180215210573116,-0.9125640931584919,1.9558699964757689,2.275358555237226,2.55141781436573,1.0,0.0,7
1.0549640267842404,1.2438764974827943,0.21857923777823088,2.3776875741637538,0.010656994500862296,0.3064523598075937,4.475410172963831,1.9089940891010757,-1.1418307749796304,0.6259071207452813,0.37459477725520696,0.0,1.0,3
-0.15666053889134865,0.10312183886593582,0.014209111546746275,1.2385424804696004,-0.3054510729998664,0.2776553803627828,0.364960972049944,-0.34007402719277424,-0.8320606978340915,-1.3534346006450526,0.8769385550499428,0.0,1.0,8
-0.08093400353662458,0.763558746486222,-0.1901610146847387,2.2085076097537306,-0.8586401911261414,-0.4710660852023011,0.48925101268232934,0.2324160387729055,-0.646198651546766,-0.36376373994988587,1.2118344069131004,0.0,1.0,8
-0.4595666803102463,-0.5573150687543503,0.21857923777823088,2.0280489810497064,0.326765062001591,0.6808130925901357,0.8621211345794854,1.5341494030521008,2.079778027333985,-0.42974179732956375,-0.6300927783342647,0.0,1.0,5
0.07051906717282422,-0.07699731775777843,-0.6670246425582032,-0.8141744210386755,-0.4108204288334425,0.565625174810892,1.1107012158442562,-0.5547578019299231,-0.5222906206885499,-0.36376373994988587,-0.5463688153684757,0.0,1.0,5
-0.4595666803102463,1.6041148107302228,-2.1657389015890915,-0.7690597638626695,0.326765062001591,-1.5077573452154942,-1.890015479423333,-0.18332079484505204,0.6548356724645014,-1.0895223711263415,-0.1277490005395289,1.0,0.0,4
0.4491517439464459,-0.5573150687543503,0.6273194902412005,-0.2953558635146058,-0.38447808987504845,0.3928432981420265,0.6135410533147146,0.30738497598270054,0.8406977187518241,-0.5616979120889191,-0.4626448524026866,0.0,1.0,6
2.0394089863956575,2.264551718350509,1.58104674598813,-0.7465024352746664,2.0917017722139923,-0.35587816742305745,-1.1087637954483394,1.029812916368008,0.7787437033227175,2.671226899515293,-0.4626448524026866,1.0,0.0,5
0.22197213788227302,-0.7374342253780647,0.014209111546746275,-0.5886011351586452,-0.3054510729998664,-0.06790837297494821,-0.25648923111198274,-1.0727250044703558,-0.8940147132631981,0.4279729486062477,0.6257666661525756,0.0,1.0,7
3.932572370263766,0.883638184235365,1.7854168722196142,-0.453257163630627,1.2224045865869884,-0.12550233186457005,-0.2742449512023235,2.1475316165867633,-0.39838258983033387,3.06709524379336,0.7932145920841537,1.0,0.0,6
-0.5352932156649703,-0.31715619325606453,0.6954428656516954,1.2610998090576033,-0.38447808987504845,2.06306810594106,1.5545942181027752,0.7640139571696406,0.09724953360253041,-0.03387345305149659,-0.8812646672316334,0.0,1.0,6
-0.838199357083868,-0.7974739442526363,-0.12203763927424371,0.29113467977347296,-0.46350510675023066,0.9687828870382449,0.38271669214028475,-1.301039495063807,0.28311157988985314,-1.4853907154044084,1.7979021476736254,0.0,1.0,6
0.6006048146558948,2.8049091882216524,-0.46265451632671833,-0.3630278492786149,0.5111614347103491,0.220061421473161,-0.5228250324670942,0.7435678833851682,-0.21252054354301114,-0.7596320842279527,-1.132436556129002,1.0,0.0,5
-0.838199357083868,-0.43723563100520724,0.014209111546746275,0.26857735118547,-0.2264240561246842,0.9687828870382449,0.8266096943988038,-0.5752038757144333,-0.026658497255685663,0.4279729486062477,0.37459477725520696,0.0,1.0,6
3.023853946007073,-0.37719591213063575,1.649170121398625,-0.7013877780986604,0.4848190957519551,-0.7590358796504103,-0.9667180347256134,1.1933815066439382,-0.39838258983033387,0.296016833846892,-0.6300927783342647,1.0,0.0,6
0.8277844207200683,-0.6173547876289218,-0.3264077655057283,-0.6562731209226543,-0.7005861573757771,-0.4710660852023011,0.8443654144891446,-1.0556866096499498,-1.451600852125169,0.9557974076436706,1.1281104439473115,0.0,1.0,6
0.8277844207200683,-0.7974739442526363,1.1723064935251601,3.3363740391538825,-0.06837002237431992,1.1415647637071105,2.0695101007226575,2.283838775150089,-1.451600852125169,0.03210460432818127,-1.132436556129002,0.0,1.0,5
-0.5352932156649703,1.123797059733651,-1.756998649126122,-0.6788304495106573,0.16871102825122655,-0.06790837297494821,-1.2508095561710655,0.13359334881457205,0.9646057496100402,1.945468268338837,-0.21147296350531794,1.0,0.0,6
-0.23238707424607272,0.0430821199913643,0.49107273942021085,-0.5886011351586452,-0.2264240561246842,-0.29828420853343557,0.7555868140374408,-1.079540362398488,-0.15056652811390175,0.03210460432818127,0.458318740220996,0.0,1.0,7
0.8277844207200683,-0.7374342253780647,0.4229493640097159,2.2085076097537306,-0.06837002237431992,0.1048735036939173,0.2051594912368771,1.9430708787418882,-0.026658497255685663,-0.23180762519053016,-0.7138167413000552,0.0,1.0,5
-0.08093400353662458,-0.9775931008763507,2.8753908787875333,2.388966238457755,-0.33179341195826045,0.7960010103693794,1.0929454957539153,1.7386101408970134,0.9646057496100402,0.8898193502639927,-1.2998844820605802,0.0,1.0,6
-0.3081136096007975,-0.19707675550692147,-0.46265451632671833,1.2385424804696004,-0.35813575091665456,-0.010314414085326379,0.8976325747601669,0.9207671895174007,0.8406977187518241,0.09808266170785913,-0.0021630560908445645,0.0,1.0,6
-0.15666053889134865,-0.43723563100520724,0.014209111546746275,0.40392132271348813,-0.25276639508307824,0.9687828870382449,1.3947927372897082,-0.23784365827033685,0.035295518173421,-0.9575662563669859,0.7094906291183647,0.0,1.0,6
-0.6110197510196944,-0.07699731775777843,-0.5307778917372133,-0.7690597638626695,-0.06837002237431992,-0.29828420853343557,0.04535801042381023,-0.0674597100662745,0.8406977187518241,-0.23180762519053016,-1.0487125931632115,0.0,1.0,5
-0.913925892438592,0.40332043323879313,-0.7351480179686981,-0.7013877780986604,-0.17373937820789603,-0.06790837297494821,0.13413661087551404,-0.5786115546784993,1.2124218113264724,-0.09985151043117445,-0.044025037573739836,0.0,1.0,6
0.4491517439464459,-0.7974739442526363,-0.3264077655057283,-0.8592890782146816,-0.14739703924950215,-0.5862540029815447,-0.45180215210573116,-0.3059972375519618,-1.0179227441214143,-0.49571985470924124,-1.216160519094791,0.0,1.0,5
-0.6867462863744191,0.10312183886593582,-0.12203763927424371,-0.047225249046572514,-0.2000817171662901,-0.9318177563192758,-0.5228250324670942,-0.4423043961152495,0.3450655953189598,-0.9575662563669859,0.03969892539204922,0.0,1.0,5
0.4491517439464459,-0.9775931008763507,0.9679363672936755,1.9378196666976941,-0.12105470029110807,0.45043725703164833,0.06311373051415099,1.1933815066439382,-0.4603366052594433,-0.23180762519053016,-0.4626448524026866,0.0,1.0,6
-0.5352932156649703,-0.0169575988832069,0.28670261318872586,1.3513291234096154,-0.12105470029110807,1.314346640375976,2.3536016221681093,1.3296886652071882,1.3363298421846885,0.09808266170785913,-1.0487125931632115,0.0,1.0,6
-0.6110197510196944,-0.5573150687543503,0.6273194902412005,0.8099532372975426,-0.38447808987504845,1.5447224759344633,1.0396783354828931,0.6822296620317133,-1.3896468366960626,-0.6276759694685969,-1.216160519094791,0.0,1.0,5
-0.6110197510196944,0.40332043323879313,-0.5307778917372133,2.0280489810497064,-0.2264240561246842,-0.35587816742305745,-0.02566486993755283,1.2615350859255632,1.3363298421846885,-0.03387345305149659,-0.6300927783342647,0.0,1.0,6
-0.23238707424607272,-0.19707675550692147,0.014209111546746275,-0.8592890782146816,-0.8586401911261414,-0.5862540029815447,0.9153882948505077,-0.8239644400923946,-1.0798767595505236,0.03210460432818127,-0.6300927783342647,0.0,1.0,6
-0.9896524277933161,-0.19707675550692147,-0.12203763927424371,0.6069372800055155,-0.25276639508307824,1.717504352603329,1.6256170984641383,0.17107781741945063,-0.15056652811390175,-0.9575662563669859,-0.7975407042658443,0.0,1.0,6
1.812229380331484,1.3039162163573657,-0.05391426386374872,-0.4983718208066331,0.8536118411694718,-0.874223797429654,-1.215298115990384,1.1593047170031259,-0.7081526669758754,2.5392707847559377,-0.4626448524026866,1.0,0.0,6
-0.7624728217291432,-1.1577122575000651,-0.3264077655057283,1.3513291234096154,-0.5688744625838068,0.9111889281486231,0.027602290333469462,0.5186610717557832,-0.646198651546766,-1.0235443137466638,-1.216160519094791,0.0,1.0,6
-0.5352932156649703,-0.4972753498797788,0.49107273942021085,-0.8141744210386755,-0.9640095469597175,-1.0470056740985194,-0.8601837141835688,-1.229478236818078,0.15920354903163708,1.4176438093014148,0.6257666661525756,0.0,1.0,7
0.37342520859172185,-0.4972753498797788,-0.12203763927424371,-0.7465024352746664,0.06334167241765026,-0.5862540029815447,-1.35734387671311,0.13700102777863815,0.40701961074806925,-0.42974179732956375,0.2071468513236288,1.0,0.0,6
0.5248782793011707,-0.07699731775777843,-0.25828439009523335,5.99813881253824,-0.09471236133271399,0.2776553803627828,1.0929454957539153,5.384826632464327,-0.4603366052594433,-1.0235443137466638,-1.4673324079921584,0.0,1.0,6
-0.9896524277933161,-0.31715619325606453,-0.46265451632671833,1.8927050095216882,0.27408038408480284,2.408631859278791,0.8088539743084631,0.9241748684815047,0.6548356724645014,0.03210460432818127,-0.21147296350531794,1.0,0.0,6
-0.0052074681818998474,0.883638184235365,-0.9395181442001829,-0.5209291493946361,0.326765062001591,-0.9894117152088977,-1.4283667570744731,0.7503832413133383,0.40701961074806925,-0.36376373994988587,-1.132436556129002,1.0,0.0,6
0.2976986732369971,-0.8575136631272077,0.15045586236773625,-0.7239451066866635,-0.4108204288334425,0.6808130925901357,0.5957853332243739,-0.3911892116540308,0.7787437033227175,0.8238412928843148,0.458318740220996,0.0,1.0,6
-0.5352932156649703,3.345266658092796,-2.1657389015890915,-0.7690597638626695,-0.12105470029110807,-1.219787550767385,-1.7302139986102663,0.05862441160477704,1.7080539347593366,0.6259071207452813,0.29087081428941786,1.0,0.0,6
2.2665885924598297,0.10312183886593582,2.1941571246825844,-0.4758144922186301,1.7229090267964755,-1.1621935918777633,-1.304076716442088,1.1933815066439382,0.035295518173421,0.8238412928843148,1.6304542217420472,1.0,0.0,6
2.1908620571051056,-0.19707675550692147,0.8316896164726855,-0.6111584637466483,0.6165307905439255,-0.4710660852023011,-1.215298115990384,1.4659958237704758,0.592881657035392,0.8898193502639927,-0.7138167413000552,1.0,0.0,6
0.9792374914295164,-0.37719591213063575,1.649170121398625,-0.7239451066866635,0.932638858044654,0.2776553803627828,-0.20322207084096047,0.8185368205949632,0.4689736261771759,1.4176438093014148,-0.044025037573739836,1.0,0.0,7
-0.6110197510196944,-0.4972753498797788,-0.5307778917372133,0.3136920083614761,-0.4371627677918366,-0.1830962907541919,0.16964805105619557,-1.4305312956989247,-0.026658497255685663,-0.29778568257020804,1.7141781847078363,0.0,1.0,7
-0.0052074681818998474,-0.30214626353742163,2.1260337492720893,1.3513291234096154,-0.33179341195826045,1.4295345581552197,0.7378310939471,0.9889207687990256,-0.8320606978340915,-0.6276759694685969,-1.5510563709579488,0.0,1.0,6
-0.7624728217291432,-0.0169575988832069,-0.25828439009523335,0.5618226228295093,-0.5952168015422008,0.565625174810892,1.4658156176510713,0.11996263295823192,-0.5222906206885499,0.4279729486062477,-0.7138167413000552,0.0,1.0,5
-0.6110197510196944,-1.0376328197509221,0.15045586236773625,1.8927050095216882,-0.33179341195826045,0.8535949692590012,0.43598385241130705,1.029812916368008,-1.0179227441214143,-0.6936540268482748,-1.216160519094791,0.0,1.0,6
-0.5352932156649703,-0.5573150687543503,0.21857923777823088,1.5769024092896458,-0.04202768341592585,0.9687828870382449,1.1462126560249377,1.1933815066439382,2.203686058192201,-0.42974179732956375,-0.4626448524026866,0.0,1.0,5
0.4491517439464459,-0.4972753498797788,-0.05391426386374872,-0.3179131921026088,-0.8322978521677473,-0.4710660852023011,-0.25648923111198274,-1.3078548529919771,-1.451600852125169,-0.42974179732956375,1.2955583698788895,0.0,1.0,7
0.6763313500106188,-0.8575136631272077,-0.12203763927424371,-0.8367317496266786,-0.5425321236254129,-1.3349754685466286,-1.1620309557193618,-0.708103355313617,-1.451600852125169,1.2856876945420592,-0.21147296350531794,0.0,1.0,5
-0.0052074681818998474,-0.9175533820017792,-0.3264077655057283,1.3964437805856214,0.11602635033443841,0.9111889281486231,0.6135410533147146,1.0979664956496709,-1.451600852125169,0.3619948912265698,-1.0487125931632115,0.0,1.0,6
4.00829890561849,-0.37719591213063575,1.512923370577635,-0.6111584637466483,0.6692154684607136,-1.0470056740985194,-1.517145357526177,1.7726869305378259,-0.7081526669758754,5.442305309461761,-0.6300927783342647,1.0,0.0,7
0.22197213788227302,1.0637573408590797,0.6954428656516954,-0.6111584637466483,0.8009271632526835,-1.277381509657007,-1.35734387671311,0.9207671895174007,2.203686058192201,0.49395100598592556,-0.044025037573739836,1.0,0.0,6
0.22197213788227302,-0.9175533820017792,0.15045586236773625,-0.5434864779826392,-0.5161897846670188,0.16246746258353914,0.18740377114653634,-0.7489955028825995,-0.7701066824049821,-0.29778568257020804,0.458318740220996,0.0,1.0,7
-0.4595666803102463,-1.1577122575000651,0.014209111546746275,0.2234626940094639,-0.6215591405005949,1.659910393713707,0.24067093141755863,-0.8784873035176795,-0.21252054354301114,1.1537315797827035,1.2955583698788895,0.0,1.0,8
0.5248782793011707,-0.0169575988832069,0.28670261318872586,-0.7013877780986604,0.2213957061680147,-1.4501633863258725,-1.8545040392426515,-0.10494417867115309,0.28311157988985314,0.03210460432818127,0.542042703186785,1.0,0.0,7
-0.38384014495552155,-1.0976725386254935,1.1723064935251601,-0.5886011351586452,-0.27910873404147235,1.5447224759344633,1.2882584167476636,0.23923139670107557,2.4515021199086333,1.813512153579482,-0.1277490005395289,0.0,1.0,6
-0.7624728217291432,-0.7974739442526363,-0.1901610146847387,-0.7690597638626695,-0.46350510675023066,-0.35587816742305745,-0.39853499183470886,-1.1442862627160468,0.28311157988985314,-0.23180762519053016,0.542042703186785,0.0,1.0,6
-0.23238707424607272,-0.07699731775777843,-0.05391426386374872,-0.18256922057459063,-0.4371627677918366,-0.5286600440919229,-0.3807792717443681,-1.669068823184612,-0.2744745589721178,-0.36376373994988587,2.3839698884341516,0.0,1.0,7
-1.1411054985027649,0.5233998709879362,-0.12203763927424371,0.15579070824545485,-0.46350510675023066,-0.35587816742305745,-0.29200067129266427,-0.851225871805037,1.9558699964757689,0.49395100598592556,1.4630062958104693,0.0,1.0,7
0.7520578853653429,-0.13703703663234995,0.6954428656516954,-0.6111584637466483,1.0906928917950183,-1.5653513041051161,-1.8722597593329924,0.191523891203923,0.28311157988985314,0.09808266170785913,1.4630062958104693,1.0,0.0,6
-0.23238707424607272,-0.5573150687543503,0.5591961148307059,-0.8367317496266786,-0.4898474457086247,-0.4710660852023011,-0.238733511021642,-1.4986848749805497,-1.2037847904087398,-0.9575662563669859,0.7094906291183647,0.0,1.0,6
0.07051906717282422,-0.0169575988832069,-0.6670246425582032,-0.8141744210386755,-0.33179341195826045,0.7384070514797575,1.0929454957539153,-0.5581654808940271,-0.5222906206885499,-0.49571985470924124,-0.5463688153684757,0.0,1.0,5
-0.913925892438592,-0.37719591213063575,1.3766766197566451,-0.0021105918705664113,0.5638461126271372,-0.010314414085326379,0.43598385241130705,0.15063174363497828,-0.7701066824049821,-1.1555004285060195,-1.2998844820605802,0.0,1.0,6
0.22197213788227302,-0.9775931008763507,0.8998129918831804,-0.09233990622257862,-0.4108204288334425,2.1206620648306815,0.7733425341277815,-0.6126883443193119,-1.3276928212669559,-1.0235443137466638,0.03969892539204922,0.0,1.0,6
-0.5352932156649703,1.003717621984508,-1.1438882704316677,-0.453257163630627,0.19505336720962063,-1.0470056740985194,-1.5526567977068586,-0.5445347650376869,0.6548356724645014,0.3619948912265698,1.8816261106394159,1.0,0.0,6
-0.7624728217291432,0.22320127661507888,0.6954428656516954,-0.5660438065706422,-0.4898474457086247,0.220061421473161,0.04535801042381023,-1.082948041362592,0.8406977187518241,0.3619948912265698,0.8769385550499428,0.0,1.0,7
-0.23238707424607272,-0.7974739442526363,-0.5307778917372133,-0.7239451066866635,-0.9376672080013234,-0.7590358796504103,-0.611603632918798,-1.5600230963340045,-0.4603366052594433,-0.49571985470924124,1.4630062958104693,0.0,1.0,7
-0.6110197510196944,1.3639559352319366,-1.2120116458421626,-0.25024120633859975,0.35310740095998505,-0.1830962907541919,-0.7358936735511834,0.7469755623492343,0.592881657035392,-0.36376373994988587,-1.132436556129002,1.0,0.0,5
-0.6110197510196944,-0.31715619325606453,-0.12203763927424371,-0.4758144922186301,-0.5425321236254129,-0.29828420853343557,-0.6293593530091388,-1.4066775429503484,0.40701961074806925,0.4279729486062477,1.5467302587762581,0.0,1.0,7
1.433596703557862,2.5947701721606524,-0.6670246425582032,-0.6337157923346513,0.5901884515855313,-1.0470056740985194,-1.1797866758097024,1.0570743480806883,-0.2744745589721178,-0.1658295678108523,-0.7975407042658443,1.0,0.0,5
0.14624560252754895,-1.0976725386254935,-0.12203763927424371,-0.8141744210386755,0.19505336720962063,0.220061421473161,0.9153882948505077,-1.069317325506252,-0.7081526669758754,-0.7596320842279527,0.7373986139828287,0.0,1.0,6
-0.9896524277933161,-0.7374342253780647,-0.9395181442001829,0.3136920083614761,-0.4108204288334425,-0.12550233186457005,0.09862517069483252,-0.15946704209647575,0.28311157988985314,-0.23180762519053016,-0.5463688153684757,0.0,1.0,5
0.6006048146558948,-1.0376328197509221,-0.1901610146847387,-0.5886011351586452,-0.7269284963341711,1.256752681486354,0.08086945060449176,-1.7235916866099346,-1.2037847904087398,-1.3534346006450526,1.965350073605205,0.0,1.0,6
-1.1411054985027649,-0.7974739442526363,0.014209111546746275,-0.7690597638626695,-0.7005861573757771,0.16246746258353914,0.13413661087551404,-1.3828237902017722,0.6548356724645014,-0.09985151043117445,1.1281104439473115,0.0,1.0,6
0.14624560252754895,-0.13703703663234995,-0.6670246425582032,-0.7465024352746664,-0.14739703924950215,1.1415647637071105,1.1462126560249377,0.3414617656235508,0.3450655953189598,1.0217754650233477,-1.3836084450263693,0.0,1.0,5
0.14624560252754895,-0.13703703663234995,-0.6670246425582032,1.5092304235256366,-0.5688744625838068,0.7960010103693794,0.6312967734050554,0.43687677661781815,-0.7701066824049821,-0.5616979120889191,-0.1277490005395289,0.0,1.0,5
-0.4595666803102463,-0.4972753498797788,1.3766766197566451,0.7197239229455304,-0.25276639508307824,1.256752681486354,1.3592812971090267,0.31079265494680447,-0.39838258983033387,-0.42974179732956375,-0.8812646672316334,0.0,1.0,6
0.22197213788227302,2.1744921400386517,-1.4845051474841422,1.802475695169676,-0.33179341195826045,0.7960010103693794,1.7676628591868644,0.9923284477631296,-0.7701066824049821,-0.23180762519053016,-1.216160519094791,0.0,1.0,5
0.4491517439464459,1.5440750918556512,-1.2120116458421626,-0.5886011351586452,0.7745848242942895,-1.5653513041051161,-1.7657254387909478,1.0229975584398758,1.2124218113264724,0.4279729486062477,0.2071468513236288,1.0,0.0,6
-0.838199357083868,0.22320127661507888,0.6954428656516954,-0.0021105918705664113,-1.0693789027932938,0.04727954480429546,-0.02566486993755283,-1.5089079118727857,-0.4603366052594433,-1.4853907154044084,1.5467302587762581,0.0,1.0,7
0.8277844207200683,1.9043134051030803,-1.1438882704316677,-0.7013877780986604,0.5901884515855313,-0.7590358796504103,-1.286320996351747,0.9207671895174007,0.5309276416062852,0.03210460432818127,-0.7975407042658443,1.0,0.0,6
0.6763313500106188,1.3039162163573657,-0.25828439009523335,-0.7465024352746664,8.203124410561411,-0.8166298385400321,-1.0377409150869763,0.7844600309541507,-0.7081526669758754,4.914480850424338,-1.0487125931632115,1.0,0.0,5
0.6763313500106188,-0.43723563100520724,0.6273194902412005,-0.802895756744674,-0.6215591405005949,-1.1045996329881413,-0.913450874454591,-1.2601473474948244,-1.451600852125169,0.164060719087537,1.2118344069131004,0.0,1.0,5
-0.913925892438592,-0.9775931008763507,-0.05391426386374872,-0.8141744210386755,-0.5425321236254129,-0.9318177563192758,-0.7003822333705019,-1.2431089526744183,0.7167896878936081,0.296016833846892,0.458318740220996,0.0,1.0,8
-0.3081136096007975,-0.4972753498797788,-0.6670246425582032,-0.047225249046572514,-0.4108204288334425,4.59720229708442,1.4835713377414121,-0.0436059573176982,0.40701961074806925,0.8898193502639927,0.03969892539204922,0.0,1.0,5
-0.838199357083868,-0.5573150687543503,-0.25828439009523335,1.125755837529585,-0.04202768341592585,1.4871285170448414,0.2939380916885809,-0.1696900789887119,-0.026658497255685663,-1.2214784858856973,0.29087081428941786,0.0,1.0,6
0.6763313500106188,2.624790031597938,-1.4845051474841422,-0.385585177866618,0.8799541801278657,-1.5077573452154942,-1.8012368789716293,1.3808038496684447,0.8406977187518241,-0.29778568257020804,-0.8812646672316334,1.0,0.0,5
-0.08093400353662458,0.2832409954896504,3.2160077558400086,-0.8141744210386755,3.619557431800847,-0.41347212631267927,-0.4340464320153904,-0.8103337242360544,-0.33642857440122725,-0.49571985470924124,-0.044025037573739836,0.0,1.0,6
0.7520578853653429,0.3432807143642219,0.8316896164726855,-0.4983718208066331,0.8536118411694718,-1.1045996329881413,-1.2685652762614064,1.0229975584398758,1.8939159810466595,0.49395100598592556,-0.044025037573739836,1.0,0.0,6
-0.913925892438592,-0.37719591213063575,-0.3264077655057283,2.366408909869752,-0.5425321236254129,0.04727954480429546,0.3472052519596032,-0.1424286472760695,-0.21252054354301114,-0.6276759694685969,2.049074036570994,0.0,1.0,7
-0.6867462863744191,1.3639559352319366,-0.25828439009523335,-0.6562731209226543,-0.2264240561246842,-0.9894117152088977,-1.1620309557193618,-0.258289732054847,1.1504677958973657,0.4279729486062477,1.8816261106394159,1.0,0.0,5
-1.4440116399216625,-0.4972753498797788,-0.5989012671477081,0.03172540101143822,-0.5952168015422008,1.0263768459278668,0.8088539743084631,0.23923139670107557,3.6905824284907913,-0.1658295678108523,-0.044025037573739836,0.0,1.0,7
-0.9896524277933161,0.16316155774050736,0.014209111546746275,-0.7690597638626695,-0.7269284963341711,0.6232191337005138,-0.22097779093130124,-1.8190066976042019,1.1504677958973657,0.09808266170785913,1.7979021476736254,0.0,1.0,7
-0.23238707424607272,-1.0976725386254935,-0.12203763927424371,1.035526523177573,0.010656994500862296,1.1415647637071105,1.252746976566982,1.1252279273623134,1.0265597650391496,-1.0235443137466638,-0.7975407042658443,0.0,1.0,6
0.07051906717282422,0.10312183886593582,2.0579103738615943,0.47159330847749714,-0.6215591405005949,1.0263768459278668,1.252746976566982,0.07566280642518328,-0.5222906206885499,0.5599290633656034,0.03969892539204922,0.0,1.0,6
1.433596703557862,-0.37719591213063575,1.104183118114665,-0.7239451066866635,0.27408038408480284,-0.24069024964381375,-1.215298115990384,0.7503832413133383,0.592881657035392,3.3310074733120714,0.03969892539204922,1.0,0.0,6
-0.838199357083868,-0.37719591213063575,-0.3264077655057283,-0.06978257763457546,-0.7005861573757771,1.4871285170448414,0.4537395725016478,-1.3896391481299422,-0.39838258983033387,-0.7596320842279527,1.6304542217420472,0.0,1.0,8
-0.838199357083868,0.10312183886593582,0.6273194902412005,3.2348660605078687,0.35310740095998505,2.1206620648306815,1.643372818554479,2.277023417221881,1.0265597650391496,-0.03387345305149659,-1.216160519094791,0.0,1.0,5
3.47821315813542,-0.4972753498797788,1.3766766197566451,-0.7239451066866635,0.37944973991837877,-1.3925694274362506,-1.8545040392426515,0.7844600309541507,-0.15056652811390175,1.2197096371623812,-0.2951969264711085,1.0,0.0,7
1.5093232389125861,1.964353123977652,-1.4845051474841422,-0.453257163630627,0.9062965190862599,-1.0470056740985194,-1.1797866758097024,1.4932572554831183,0.5309276416062852,0.03210460432818127,-0.8812646672316334,1.0,0.0,6
-0.0052074681818998474,-0.7974739442526363,-0.1901610146847387,-0.430699835042624,-0.33179341195826045,0.5080312159212702,0.13413661087551404,-1.0454635727576755,-1.3896468366960626,0.4279729486062477,0.6257666661525756,0.0,1.0,6
0.37342520859172185,-0.13703703663234995,1.104183118114665,-0.6111584637466483,-0.4371627677918366,-0.12550233186457005,-0.007909149847212065,-1.157916978572387,-0.15056652811390175,-0.09985151043117445,1.8816261106394159,0.0,1.0,7
-1.0653789631480408,-0.6773945065034932,-0.3264077655057283,-0.7239451066866635,-0.35813575091665456,-0.35587816742305745,-0.8069165539125465,-0.40822760647443707,0.9646057496100402,-1.4853907154044084,-0.9649886301974224,0.0,1.0,6
1.282143632848414,-0.13703703663234995,-0.05391426386374872,-0.6788304495106573,0.8272695022110776,-1.0470056740985194,-1.6947025584295847,0.40961534490517576,-0.33642857440122725,0.09808266170785913,-0.1277490005395289,1.0,0.0,6
-1.1411054985027649,-0.8575136631272077,-0.12203763927424371,-0.5660438065706422,-0.27910873404147235,0.45043725703164833,0.18740377114653634,-0.5922422705348395,0.7167896878936081,-0.23180762519053016,-0.5463688153684757,0.0,1.0,6
0.14624560252754895,2.1444722806013656,-2.1657389015890915,-0.7013877780986604,0.5111614347103491,-1.1045996329881413,-1.4283667570744731,1.1252279273623134,1.7700079501884434,0.164060719087537,-0.9649886301974224,1.0,0.0,5
-0.23238707424607272,-0.31715619325606453,0.5591961148307059,3.2574233890958713,-0.35813575091665456,0.3352493392524047,0.7378310939471,1.7386101408970134,-1.8233249446998174,-0.42974179732956375,-1.3836084450263693,0.0,1.0,5
0.07051906717282422,-0.13703703663234995,-0.5989012671477081,-0.6111584637466483,0.24773804512640876,0.2776553803627828,-0.7891608338222057,0.47095356625863066,1.2743758267555818,0.5599290633656034,-0.37892088943689756,1.0,0.0,5
-0.3081136096007975,-0.8575136631272077,1.8535402476301093,-0.9269610639786906,2.3814675007563264,0.45043725703164833,0.3116938117789217,-0.5104579753968744,-0.08861251268479507,-1.0235443137466638,-1.216160519094791,0.0,1.0,6
-1.1411054985027649,-0.13703703663234995,0.4229493640097159,-0.05850391334057399,-0.6215591405005949,-0.41347212631267927,-0.36302355165402733,-1.1919937682131996,1.2124218113264724,-0.7596320842279527,1.0443864809815224,0.0,1.0,7
0.2976986732369971,1.0637573408590797,1.1723064935251601,2.0280489810497064,-0.5952168015422008,0.3928432981420265,0.7378310939471,0.4436921345459882,-0.5222906206885499,-1.0235443137466638,1.0443864809815224,0.0,1.0,7
0.37342520859172185,1.7241942484793658,-1.620751898305132,-0.7013877780986604,0.5111614347103491,-0.874223797429654,-1.5526567977068586,0.7503832413133383,0.592881657035392,0.03210460432818127,-0.8812646672316334,1.0,0.0,6
2.1151355217503816,-0.13703703663234995,1.8535402476301093,-0.6337157923346513,0.5375037736687432,-1.5653513041051161,-1.7657254387909478,1.6704565616153506,-0.15056652811390175,1.6155779814404485,-0.7975407042658443,1.0,0.0,5
1.357870168203138,0.3432807143642219,0.7635662410621905,-0.5886011351586452,0.3004227230431969,-0.06790837297494821,-1.215298115990384,-0.0674597100662745,-0.15056652811390175,0.4279729486062477,1.3792823328446786,1.0,0.0,6
-1.1411054985027649,0.10312183886593582,-0.7351480179686981,0.38136399412548516,-0.4898474457086247,1.1991587225967322,0.9153882948505077,-0.13561328934789943,0.40701961074806925,0.6259071207452813,-0.4626448524026866,0.0,1.0,6
0.4491517439464459,-0.6773945065034932,-0.25828439009523335,-0.05850391334057399,-0.38447808987504845,0.8535949692590012,0.9153882948505077,-0.5786115546784993,-1.6374628984124946,-0.891588198987308,0.7932145920841537,0.0,1.0,5
-0.23238707424607272,0.0430821199913643,1.58104674598813,1.565623744995644,-0.4898474457086247,-0.4710660852023011,-0.06117631011823436,0.8083137837027271,-0.7081526669758754,-1.6173468301637641,-0.7138167413000552,0.0,1.0,5
-0.838199357083868,0.5233998709879362,0.21857923777823088,0.9227398802375578,0.06334167241765026,3.042165407064631,2.389113062348791,0.8866903998765882,0.9026517341809336,-0.23180762519053016,-1.718504296889527,0.0,1.0,5
0.22197213788227302,1.0637573408590797,0.5591961148307059,-0.6337157923346513,0.08968401137604433,-1.0470056740985194,-1.6769468383392439,0.08247816435331551,0.22115756446074375,0.6918851781249591,1.0443864809815224,1.0,0.0,6
-0.38384014495552155,0.9436779031099366,0.28670261318872586,1.4641157663496307,1.0380082138782303,-0.7014419207607885,-0.39853499183470886,0.6549682303190331,-0.7081526669758754,-0.29778568257020804,-0.7975407042658443,0.0,1.0,5
1.357870168203138,0.5834395898625077,1.1723064935251601,-0.5886011351586452,0.5638461126271372,-0.24069024964381375,0.11638089078517329,1.1252279273623134,0.035295518173421,0.296016833846892,-1.132436556129002,1.0,0.0,5
1.9636824510409334,1.003717621984508,-0.8713947687896879,-0.4081425064546209,0.6428731295023195,-1.277381509657007,-1.4993896374358362,1.3296886652071882,0.035295518173421,0.296016833846892,-0.044025037573739836,1.0,0.0,6
1.1306905621389645,0.883638184235365,1.7172934968091194,2.885227467393822,-0.12105470029110807,0.220061421473161,2.2825787418067462,2.1134548269459508,-1.5135548675542785,1.8794902109591591,-1.2998844820605802,0.0,1.0,5
-0.15666053889134865,0.6434793087370793,0.15045586236773625,-0.5209291493946361,0.6692154684607136,-0.8166298385400321,-0.7536493936415242,1.1933815066439382,2.0178240119048754,0.4279729486062477,-0.8812646672316334,1.0,0.0,5
-0.3081136096007975,-0.7974739442526363,-0.3264077655057283,-0.6562731209226543,-0.7005861573757771,-0.24069024964381375,0.43598385241130705,-1.532761664621362,-0.39838258983033387,0.49395100598592556,1.7141781847078363,0.0,1.0,7
-0.6110197510196944,-0.257116474381493,1.30855324434615,0.11067605106944875,-0.2264240561246842,1.8326922703825725,1.0219226153925522,-0.10153649970708697,-0.8940147132631981,-0.5616979120889191,-1.216160519094791,0.0,1.0,6
0.7520578853653429,-0.7374342253780647,1.1723064935251601,1.035526523177573,-0.5161897846670188,1.314346640375976,0.7023196537664185,0.2051546070602631,-1.2657388058378465,-1.3534346006450526,0.03969892539204922,0.0,1.0,6
-1.2168320338574896,1.6341346701675084,-2.1657389015890915,-0.7690597638626695,0.8536118411694718,-0.8166298385400321,-0.9844737548159541,-0.0674597100662745,2.203686058192201,-0.09985151043117445,-0.5463688153684757,1.0,0.0,5
0.5248782793011707,-0.7974739442526363,0.49107273942021085,-0.6788304495106573,0.010656994500862296,-0.5286600440919229,0.4182281323209663,-0.9330101669430021,-1.0798767595505236,-0.09985151043117445,0.29087081428941786,0.0,1.0,5
-0.08093400353662458,-0.4972753498797788,-0.12203763927424371,-0.6788304495106573,-0.674243818417383,-0.9894117152088977,0.24067093141755863,-0.9534562407274744,-0.21252054354301114,-0.29778568257020804,0.7094906291183647,0.0,1.0,5
1.5093232389125861,1.7241942484793658,-0.7351480179686981,-0.5209291493946361,1.0643505528366244,-0.06790837297494821,-0.8779394342739095,1.4659958237704758,0.3450655953189598,0.296016833846892,-0.7975407042658443,1.0,0.0,5
0.9792374914295164,-0.7974739442526363,1.3766766197566451,-0.7013877780986604,0.8799541801278657,-1.219787550767385,-1.6236796780682217,0.6754143041035433,0.8406977187518241,0.8898193502639927,-0.1277490005395289,1.0,0.0,5
1.9636824510409334,0.10312183886593582,0.8998129918831804,-0.7690597638626695,-0.38447808987504845,-1.1045996329881413,0.16964805105619557,-0.03338292042546203,-1.8233249446998174,-0.49571985470924124,0.2071468513236288,0.0,1.0,5
0.7520578853653429,-0.7974739442526363,0.014209111546746275,1.272378473351605,-0.09471236133271399,1.314346640375976,0.5425181729533516,0.9207671895174007,-0.33642857440122725,-0.36376373994988587,-0.2951969264711085,0.0,1.0,6
0.9792374914295164,-0.257116474381493,-0.25828439009523335,-0.430699835042624,-0.06837002237431992,1.3719405992655977,1.0574340555732338,0.31760801287497453,-0.08861251268479507,-0.6936540268482748,-0.9649886301974224,0.0,1.0,6
-0.15666053889134865,-0.257116474381493,0.4229493640097159,2.2310649383417336,-0.647901479458989,1.717504352603329,1.1817240962056192,1.2956118755663757,-0.2744745589721178,0.49395100598592556,-1.0487125931632115,0.0,1.0,7
-0.15666053889134865,2.0544127022895093,-2.1657389015890915,-0.7013877780986604,0.27408038408480284,0.565625174810892,-0.913450874454591,1.1593047170031259,2.327594089050417,1.813512153579482,-0.5463688153684757,1.0,0.0,5
-0.5352932156649703,0.40332043323879313,-0.6670246425582032,-0.047225249046572514,-0.12105470029110807,1.0839708048174885,0.48925101268232934,0.034770658856200745,-0.5222906206885499,0.5599290633656034,-1.132436556129002,0.0,1.0,5
-0.7624728217291432,-0.7974739442526363,-0.3945311409162233,1.825033023757679,-0.17373937820789603,1.659910393713707,0.6312967734050554,1.0979664956496709,0.5309276416062852,-0.49571985470924124,-1.2998844820605802,0.0,1.0,5
-0.3081136096007975,-0.5573150687543503,-0.3264077655057283,1.2836571376456063,0.5111614347103491,0.9687828870382449,0.7023196537664185,0.7503832413133383,-1.0798767595505236,-1.0235443137466638,-1.2998844820605802,0.0,1.0,5
-0.4595666803102463,-0.37719591213063575,0.6954428656516954,0.7197239229455304,-0.33179341195826045,1.717504352603329,1.4480598975607306,0.3823539131924955,-0.5222906206885499,-0.36376373994988587,-0.9649886301974224,0.0,1.0,5
-0.23238707424607272,-0.9175533820017792,1.9216636230406043,-0.22768387775059673,-0.5161897846670188,-1.3925694274362506,0.13413661087551404,-0.6638035287805306,-1.8852789601289268,0.3619948912265698,-0.1277490005395289,0.0,1.0,4
1.7365028449767599,1.3039162163573657,0.08233248695724127,-0.5886011351586452,0.8536118411694718,0.2776553803627828,-0.842427994093228,0.9207671895174007,0.3450655953189598,1.2856876945420592,1.0443864809815224,1.0,0.0,7
-1.6711912459858353,0.3432807143642219,1.240429868935655,-0.16001189198658766,-0.27910873404147235,-0.06790837297494821,-0.611603632918798,-1.4646080853397372,1.64609991933023,0.8238412928843148,2.55141781436573,1.0,0.0,6
-0.23238707424607272,2.534730453286081,-0.9395181442001829,-0.5886011351586452,4.910332040762155,-1.4213664068810614,-1.1797866758097024,0.5527378613965958,1.0885137804682563,0.4279729486062477,-0.21147296350531794,1.0,0.0,6
-0.38384014495552155,-0.7974739442526363,1.104183118114665,2.2085076097537306,-0.17373937820789603,0.04727954480429546,1.4303041774703897,1.6772719195435208,-1.6994169138416013,1.4176438093014148,-1.4673324079921584,0.0,1.0,6
-0.838199357083868,-0.0169575988832069,-0.5307778917372133,3.0092927746278386,-0.17373937820789603,0.16246746258353914,1.2349912564766414,1.6806795985076246,-0.646198651546766,0.49395100598592556,-1.0487125931632115,0.0,1.0,5
3.3267600874259706,0.763558746486222,0.8316896164726855,-0.7690597638626695,2.3814675007563264,0.3352493392524047,-1.1265195155386802,1.316057949350886,0.9646057496100402,2.1434024404778707,-0.5463688153684757,1.0,0.0,4
0.7520578853653429,-0.4972753498797788,1.1723064935251601,0.04300406530543969,-0.4371627677918366,-0.6438479618711667,-0.25648923111198274,-0.13561328934789943,-0.646198651546766,-1.2874565432653748,-0.37892088943689756,0.0,1.0,6
-0.3081136096007975,-0.43723563100520724,-0.3945311409162233,2.5017528813977705,-0.2000817171662901,1.4295345581552197,1.4480598975607306,1.3296886652071882,-0.4603366052594433,-0.23180762519053016,-1.0487125931632115,0.0,1.0,5
-0.3081136096007975,-1.2177519763746365,0.21857923777823088,-0.7916170924506725,-0.25276639508307824,0.565625174810892,0.04535801042381023,-1.154509299608283,-0.9559687286923076,1.2197096371623812,0.458318740220996,0.0,1.0,6
-0.23238707424607272,-0.9175533820017792,-0.05391426386374872,3.2123087319198653,-0.35813575091665456,0.45043725703164833,0.9331440149408484,1.7181640671125034,-1.8233249446998174,-0.09985151043117445,-1.216160519094791,0.0,1.0,7
-0.15666053889134865,-0.43723563100520724,1.104183118114665,0.24602002259746686,-0.38447808987504845,1.717504352603329,1.2349912564766414,0.39598462904883563,-0.15056652811390175,-0.23180762519053016,-0.9649886301974224,0.0,1.0,6
0.37342520859172185,-0.37719591213063575,-0.12203763927424371,-0.6788304495106573,0.14236868929283247,-0.7014419207607885,-1.4283667570744731,0.23923139670107557,0.3450655953189598,2.407314669996582,0.6257666661525756,1.0,0.0,7
0.22197213788227302,-0.6773945065034932,-0.1901610146847387,-0.5434864779826392,-0.674243818417383,-0.35587816742305745,-0.29200067129266427,-0.8716719455895093,-1.3896468366960626,0.03210460432818127,0.29087081428941786,0.0,1.0,6
-0.15666053889134865,-0.31715619325606453,0.08233248695724127,-0.9269610639786906,-0.4108204288334425,-0.5862540029815447,0.04535801042381023,-1.369193074345432,-0.08861251268479507,-0.23180762519053016,0.7094906291183647,0.0,1.0,5
0.07051906717282422,-0.43723563100520724,0.3548259885992209,1.058083851765576,-0.38447808987504845,0.3352493392524047,0.27618237159824016,1.1593047170031259,1.5841459039011205,1.4176438093014148,-0.5463688153684757,0.0,1.0,6
0.4491517439464459,0.9436779031099366,-0.12203763927424371,-0.7013877780986604,0.4848190957519551,-1.277381509657007,-1.6414353981585623,0.4777689241868007,0.5309276416062852,0.164060719087537,-0.1277490005395289,1.0,0.0,6
-1.6711912459858353,-0.6173547876289218,0.15045586236773625,-0.8818464068026846,-0.5952168015422008,1.0839708048174885,0.7733425341277815,-2.3028971105038223,0.592881657035392,-1.4194126580247306,2.132797999536783,0.0,1.0,7
-0.9896524277933161,-0.6173547876289218,0.15045586236773625,-0.6788304495106573,-0.5161897846670188,0.565625174810892,-0.11444347038925665,-1.7099609707535945,-0.21252054354301114,-0.23180762519053016,1.4630062958104693,0.0,1.0,6
-0.15666053889134865,-0.43723563100520724,0.28670261318872586,3.5393899964459092,-0.3054510729998664,0.8535949692590012,0.9864111752118707,2.215685195868388,-1.3896468366960626,-0.5616979120889191,-1.4673324079921584,0.0,1.0,6
-0.4595666803102463,0.0430821199913643,0.21857923777823088,0.2234626940094639,0.16871102825122655,0.04727954480429546,0.6312967734050554,0.29716193909046434,-0.7701066824049821,-0.42974179732956375,-0.9649886301974224,0.0,1.0,6
-0.38384014495552155,-0.07699731775777843,1.1723064935251601,-0.7690597638626695,2.908314279924208,-0.5862540029815447,-0.36302355165402733,-1.0556866096499498,-0.7081526669758754,-0.23180762519053016,0.7094906291183647,0.0,1.0,6
-0.38384014495552155,-0.257116474381493,1.240429868935655,1.5994597378776487,-0.3054510729998664,0.45043725703164833,0.22291521132721787,0.9889207687990256,-1.1418307749796304,-0.03387345305149659,-1.3836084450263693,0.0,1.0,6
-0.838199357083868,-0.7374342253780647,0.9679363672936755,-0.7239451066866635,2.7239179072154496,0.220061421473161,-0.7181379534608426,-2.0779902988744374,-0.21252054354301114,-1.3534346006450526,2.3839698884341516,0.0,1.0,6
-0.913925892438592,-0.37719591213063575,-0.1901610146847387,3.2235873962138673,-0.14739703924950215,0.3352493392524047,1.0574340555732338,1.5716338716570173,-0.5222906206885499,-0.23180762519053016,-1.2998844820605802,0.0,1.0,5
-0.4595666803102463,-0.6173547876289218,-0.1901610146847387,-0.6788304495106573,-0.8849825300845354,-0.6438479618711667,-0.5050693123767535,-1.532761664621362,0.15920354903163708,-0.5616979120889191,1.6304542217420472,0.0,1.0,6
-1.0653789631480408,-0.6773945065034932,-0.05391426386374872,-0.11489723481058156,-0.27910873404147235,0.6808130925901357,0.16964805105619557,-0.4286736802589094,0.5309276416062852,0.6918851781249591,0.2071468513236288,0.0,1.0,6
0.6763313500106188,-0.6173547876289218,0.014209111546746275,1.2385424804696004,-0.7005861573757771,0.220061421473161,-0.16771063066027894,-0.14583632624013562,-0.7081526669758754,-0.7596320842279527,1.0443864809815224,0.0,1.0,6
0.14624560252754895,-0.9175533820017792,-0.12203763927424371,1.7573610379936702,-0.09471236133271399,1.0551738253726777,2.0339986605419758,1.397842244488851,-0.5222906206885499,-0.29778568257020804,-1.216160519094791,0.0,1.0,7
-0.6110197510196944,-0.07699731775777843,-0.12203763927424371,0.49415063706550033,-0.4108204288334425,0.6808130925901357,0.9508997350311892,-0.4048199275103331,-0.026658497255685663,-0.29778568257020804,0.458318740220996,0.0,1.0,6
-0.15666053889134865,1.6641545296047942,-1.620751898305132,-0.7239451066866635,0.5111614347103491,-1.277381509657007,-1.6059239579778808,1.1252279273623134,1.5841459039011205,-0.03387345305149659,-1.2998844820605802,1.0,0.0,5
-0.9896524277933161,-0.4972753498797788,-0.7351480179686981,1.689689052229661,-0.5952168015422008,0.3352493392524047,0.6668082135857369,0.9207671895174007,0.3450655953189598,-0.6936540268482748,-0.8812646672316334,0.0,1.0,6
1.282143632848414,-0.07699731775777843,0.15045586236773625,-0.8141744210386755,-0.015685344457531777,-0.9318177563192758,1.0041668953022116,0.034770658856200745,-0.5842446361176594,-0.42974179732956375,-0.7138167413000552,0.0,1.0,5
-0.23238707424607272,-0.6173547876289218,0.5591961148307059,2.343851581281749,-0.12105470029110807,2.9269774892853873,1.4835713377414121,1.397842244488851,-0.15056652811390175,1.0217754650233477,-0.9649886301974224,0.0,1.0,5
0.22197213788227302,-0.9775931008763507,0.49107273942021085,-0.7013877780986604,-0.06837002237431992,-0.41347212631267927,-0.41629071192504963,-0.13561328934789943,0.28311157988985314,-0.5616979120889191,-0.21147296350531794,0.0,1.0,6
2.7209478045881768,0.9436779031099366,0.9679363672936755,-0.5660438065706422,0.43213441783516693,-1.4501633863258725,-1.5526567977068586,1.9089940891010757,-1.0798767595505236,0.6918851781249591,-0.8812646672316334,1.0,0.0,5
0.4491517439464459,1.123797059733651,0.08233248695724127,-0.5886011351586452,0.6165307905439255,-0.35587816742305745,0.5247624528630108,0.6992680568521196,0.4689736261771759,0.4279729486062477,-0.8812646672316334,1.0,0.0,5
-0.23238707424607272,-0.7374342253780647,0.014209111546746275,0.1783480368334578,-0.4108204288334425,-0.5862540029815447,0.08086945060449176,-0.5240886912532146,-0.33642857440122725,0.09808266170785913,0.542042703186785,0.0,1.0,6
1.5093232389125861,-0.19707675550692147,0.28670261318872586,-0.6337157923346513,0.5901884515855313,-1.1045996329881413,-1.4816339173454955,0.5629608982888319,0.6548356724645014,2.1434024404778707,1.2118344069131004,1.0,0.0,7
-0.23238707424607272,-0.7974739442526363,2.0579103738615943,0.29113467977347296,-0.38447808987504845,-1.3349754685466286,-0.09668775029891588,-0.31281259548013185,-1.6374628984124946,0.3619948912265698,-0.2951969264711085,0.0,1.0,6
-0.15666053889134865,0.3432807143642219,-0.46265451632671833,-0.7239451066866635,-0.17373937820789603,1.1991587225967322,1.3237698569283451,-0.9398255248711721,-1.3896468366960626,0.09808266170785913,0.7094906291183647,0.0,1.0,6
2.342315127814555,1.4840353729810796,0.6954428656516954,-0.4983718208066331,0.8799541801278657,0.2776553803627828,-0.7358936735511834,1.5341494030521008,0.3450655953189598,1.0877535224030255,-0.8812646672316334,1.0,0.0,6
-0.9896524277933161,0.7035190276116507,-2.1657389015890915,-0.7013877780986604,0.5375037736687432,-0.29828420853343557,-1.2508095561710655,-0.22080526344993062,1.7080539347593366,-0.03387345305149659,0.542042703186785,1.0,0.0,5
-1.5197381752763865,-0.7974739442526363,-0.05391426386374872,-0.7465024352746664,-0.2264240561246842,-0.7590358796504103,-0.9489623146352726,-1.6929225759331883,0.09724953360253041,-1.0895223711263415,1.2118344069131004,0.0,1.0,7
0.07051906717282422,-0.0169575988832069,-0.7351480179686981,-0.4081425064546209,-0.17373937820789603,-0.9318177563192758,0.38271669214028475,-0.3059972375519618,0.15920354903163708,-0.6276759694685969,-0.2951969264711085,0.0,1.0,5
-0.5352932156649703,-0.9175533820017792,0.014209111546746275,-0.8141744210386755,-0.4371627677918366,0.04727954480429546,0.3116938117789217,-0.783072292523412,0.8406977187518241,0.03210460432818127,0.2071468513236288,0.0,1.0,7
1.9636824510409334,-0.5573150687543503,2.8753908787875333,1.125755837529585,-0.015685344457531777,0.3352493392524047,1.9629757801806127,1.0911511377215009,-1.0179227441214143,-0.6936540268482748,-0.4626448524026866,0.0,1.0,4
-0.0052074681818998474,-0.7974739442526363,4.646598639460402,-0.8818464068026846,2.565863873465085,0.9111889281486231,-0.007909149847212065,-0.476381185756062,-1.6994169138416013,-0.6936540268482748,-1.132436556129002,0.0,1.0,6
1.433596703557862,-0.37719591213063575,1.1723064935251601,-0.6788304495106573,0.06334167241765026,-1.1621935918777633,-0.04342059002789359,0.4436921345459882,-0.4603366052594433,-0.49571985470924124,-0.37892088943689756,0.0,1.0,5
0.14624560252754895,0.883638184235365,-0.3264077655057283,-0.6562731209226543,0.37944973991837877,-0.9318177563192758,-1.5881682378875401,-0.21058222655769443,0.7787437033227175,0.6259071207452813,1.2118344069131004,1.0,0.0,6
-0.9896524277933161,1.2438764974827943,-1.4845051474841422,-0.6337157923346513,0.14236868929283247,0.5080312159212702,-1.1265195155386802,0.21196996498843315,1.8319619656175528,-0.1658295678108523,0.542042703186785,1.0,0.0,6
-0.3081136096007975,-0.5573150687543503,0.4229493640097159,0.6971665943575275,-0.27910873404147235,-0.35587816742305745,0.7200753738567592,0.3755385552643633,0.6548356724645014,0.3619948912265698,-0.2951969264711085,0.0,1.0,6
1.7365028449767599,2.354611296662366,-1.4845051474841422,-0.6562731209226543,0.5901884515855313,-1.3925694274362506,-1.4816339173454955,1.397842244488851,0.035295518173421,0.164060719087537,-0.37892088943689756,1.0,0.0,6
-0.6110197510196944,-0.6773945065034932,-0.3945311409162233,0.6971665943575275,-0.06837002237431992,0.9687828870382449,1.1817240962056192,0.30738497598270054,-0.646198651546766,-0.29778568257020804,-0.9649886301974224,0.0,1.0,5
-0.08093400353662458,1.9043134051030803,-2.1657389015890915,-0.5886011351586452,-0.12105470029110807,-1.3925694274362506,-1.8367483191523108,-0.4491197540434196,0.7787437033227175,0.8238412928843148,1.7979021476736254,1.0,0.0,7
-0.4595666803102463,-0.0169575988832069,-0.3264077655057283,0.26857735118547,0.06334167241765026,-0.41347212631267927,0.38271669214028475,0.40961534490517576,0.4689736261771759,-0.29778568257020804,-0.37892088943689756,0.0,1.0,6
-0.7624728217291432,1.3639559352319366,-1.4845051474841422,-0.6562731209226543,-0.2264240561246842,-1.5077573452154942,-1.8367483191523108,-0.0061214887127817854,1.3363298421846885,1.4836218666810927,0.2071468513236288,1.0,0.0,6
-0.4595666803102463,-0.31715619325606453,-0.05391426386374872,-0.25024120633859975,-0.7796131742509592,0.5080312159212702,-0.3275121114733458,-1.4134929008785184,0.09724953360253041,0.4279729486062477,1.7141781847078363,0.0,1.0,8
0.07051906717282422,2.3245914372250804,-0.5307778917372133,-0.7013877780986604,1.3541162813789587,-0.7014419207607885,-0.22097779093130124,0.7503832413133383,0.22115756446074375,0.3619948912265698,-1.0487125931632115,1.0,0.0,5
0.8277844207200683,-1.2177519763746365,-0.3945311409162233,-0.7916170924506725,-0.2000817171662901,1.4871285170448414,1.3237698569283451,0.034770658856200745,-0.08861251268479507,0.5599290633656034,-0.8812646672316334,0.0,1.0,6
-0.38384014495552155,-0.19707675550692147,0.8316896164726855,0.38136399412548516,-0.06837002237431992,-0.06790837297494821,0.8088539743084631,0.23923139670107557,-1.1418307749796304,-0.6276759694685969,-0.7975407042658443,0.0,1.0,5
0.22197213788227302,-0.6173547876289218,-0.1901610146847387,-0.8818464068026846,-0.27910873404147235,0.220061421473161,-0.540580752557435,-1.4646080853397372,-1.1418307749796304,-0.9575662563669859,0.7513526106012585,0.0,1.0,6
1.282143632848414,1.6041148107302228,1.1723064935251601,-0.6788304495106573,5.621575192638795,-0.41347212631267927,-0.07893203020857512,0.9207671895174007,-0.646198651546766,3.1990513585527154,-1.0487125931632115,1.0,0.0,5
-0.15666053889134865,-0.7374342253780647,-0.25828439009523335,1.2610998090576033,-0.46350510675023066,0.1048735036939173,0.04535801042381023,-0.32303563237236804,-1.0798767595505236,0.09808266170785913,0.7932145920841537,0.0,1.0,7
-0.838199357083868,-0.5272952093170645,0.8316896164726855,1.644574395053655,-0.3054510729998664,1.314346640375976,1.4658156176510713,0.7503832413133383,0.09724953360253041,0.03210460432818127,-0.8812646672316334,0.0,1.0,6
-0.38384014495552155,0.6434793087370793,-0.12203763927424371,0.06556139389344265,-0.5425321236254129,-0.1830962907541919,0.8976325747601669,-1.1170248310034046,-0.646198651546766,-0.49571985470924124,1.3792823328446786,0.0,1.0,6
-1.8226443166952842,-0.07699731775777843,-2.1657389015890915,0.33624933694947906,-0.7532708352925652,0.220061421473161,0.8621211345794854,-0.27192044791114933,0.7787437033227175,0.49395100598592556,-0.5463688153684757,0.0,1.0,5
-0.5352932156649703,-0.4972753498797788,1.240429868935655,0.6746092657695245,-0.14739703924950215,0.9111889281486231,1.4658156176510713,0.2937542601263982,-0.2744745589721178,-0.42974179732956375,-0.8812646672316334,0.0,1.0,5
1.0549640267842404,1.0637573408590797,0.4229493640097159,-0.7916170924506725,1.0380082138782303,-1.4501633863258725,-1.7124582785199254,0.7367525254569982,-0.15056652811390175,-0.09985151043117445,-0.9649886301974224,1.0,0.0,5
0.2976986732369971,-0.257116474381493,0.5591961148307059,-0.6337157923346513,-0.06837002237431992,-0.06790837297494821,1.0751897756635747,-0.016344525605055792,-0.21252054354301114,-0.03387345305149659,-0.6300927783342647,0.0,1.0,5
-1.2168320338574896,-0.8575136631272077,2.330403875503574,1.170870494705591,-0.35813575091665456,2.754195612616522,1.0751897756635747,0.0006938692153882753,-1.5135548675542785,-0.6936540268482748,-0.1277490005395289,0.0,1.0,7
0.5248782793011707,-1.2177519763746365,0.8998129918831804,-0.7239451066866635,-0.17373937820789603,-0.7590358796504103,-0.007909149847212065,0.10292423813782568,0.6548356724645014,-0.29778568257020804,0.12342288835783828,0.0,1.0,7
-0.0052074681818998474,0.10312183886593582,0.9679363672936755,-0.6562731209226543,0.458476756793561,-0.35587816742305745,-1.2508095561710655,0.28693890219822815,1.0885137804682563,2.077424383098193,0.37459477725520696,1.0,0.0,7
-0.0052074681818998474,0.22320127661507888,0.4229493640097159,-0.4983718208066331,0.3004227230431969,-0.41347212631267927,-1.286320996351747,-0.3196279534083019,0.7167896878936081,1.2197096371623812,1.965350073605205,1.0,0.0,7
0.07051906717282422,-0.9775931008763507,-0.1901610146847387,-0.8592890782146816,-0.33179341195826045,-1.0470056740985194,0.50700673277267,-0.919379451086662,-0.15056652811390175,-0.36376373994988587,0.6257666661525756,0.0,1.0,7
1.9636824510409334,-1.0976725386254935,0.9679363672936755,-0.7239451066866635,-0.27910873404147235,-0.41347212631267927,0.27618237159824016,0.46754588729456453,-1.1418307749796304,0.8898193502639927,-0.7975407042658443,0.0,1.0,5
-0.08093400353662458,-0.6173547876289218,0.6273194902412005,2.885227467393822,-0.27910873404147235,0.5080312159212702,0.5425181729533516,1.8067637201786384,0.592881657035392,-0.9575662563669859,-1.5510563709579488,0.0,1.0,5
1.1306905621389645,0.6434793087370793,0.5591961148307059,-0.7916170924506725,0.27408038408480284,-0.7590358796504103,-0.25648923111198274,0.40961534490517576,0.28311157988985314,0.2300387764672141,-0.37892088943689756,0.0,1.0,6
0.6763313500106188,0.7035190276116507,-0.05391426386374872,-0.7465024352746664,-0.12105470029110807,1.1415647637071105,1.2172355363863006,-0.7489955028825995,-1.2037847904087398,-0.7596320842279527,0.542042703186785,0.0,1.0,5
-0.7624728217291432,-0.07699731775777843,-1.2120116458421626,-0.047225249046572514,-0.12105470029110807,-0.1830962907541919,0.24067093141755863,0.08588584331741946,-0.08861251268479507,-0.36376373994988587,-0.9649886301974224,0.0,1.0,5
-0.0052074681818998474,-0.5573150687543503,-0.25828439009523335,2.1182782954017187,-0.04202768341592585,1.4295345581552197,1.6078613783737974,1.397842244488851,-0.646198651546766,-1.0235443137466638,-1.2998844820605802,0.0,1.0,7
0.6006048146558948,2.4146510155369376,1.649170121398625,-0.6788304495106573,1.617539670962899,-0.010314414085326379,0.3472052519596032,0.7844600309541507,0.09724953360253041,0.8238412928843148,-0.9649886301974224,1.0,0.0,5
-0.0052074681818998474,0.2832409954896504,0.014209111546746275,-0.7239451066866635,0.2213957061680147,0.220061421473161,-0.9667180347256134,0.9003211157329283,1.4602378730429044,1.6155779814404485,-0.5463688153684757,1.0,0.0,5
0.14624560252754895,-1.0376328197509221,-0.1901610146847387,-0.8141744210386755,-0.25276639508307824,-0.41347212631267927,-0.1321991904795974,-0.2037668686295244,1.8319619656175528,0.757863235504637,-0.1277490005395289,0.0,1.0,6
0.2976986732369971,-0.9775931008763507,0.9679363672936755,1.170870494705591,-0.04202768341592585,1.6023164348240853,0.364960972049944,0.7844600309541507,-0.5222906206885499,-0.6936540268482748,-0.5463688153684757,0.0,1.0,6
-0.15666053889134865,-1.0976725386254935,0.014209111546746275,0.7422812515335337,-0.3054510729998664,0.45043725703164833,0.2051594912368771,0.4436921345459882,-0.08861251268479507,-1.2874565432653748,-1.132436556129002,0.0,1.0,5
-0.4595666803102463,1.6041148107302228,-2.0976155261785965,-0.7013877780986604,0.6165307905439255,-1.277381509657007,-1.5881682378875401,1.0093668425835358,2.885180227912388,1.2856876945420592,-0.044025037573739836,1.0,0.0,5
-1.3682851045669377,0.7035190276116507,-1.1438882704316677,-0.6562731209226543,-0.8059555132093533,-0.06790837297494821,0.27618237159824016,-1.6929225759331883,1.0265597650391496,1.5495999240607705,2.3839698884341516,0.0,1.0,8
0.14624560252754895,-0.43723563100520724,-0.25828439009523335,-0.7239451066866635,-0.4371627677918366,0.8535949692590012,0.11638089078517329,-1.3862314691658382,-1.2657388058378465,-0.891588198987308,1.1281104439473115,0.0,1.0,5
-0.38384014495552155,2.444670874974223,-2.0976155261785965,-0.5886011351586452,0.5638461126271372,-0.7590358796504103,-1.4638781972551547,0.3414617656235508,2.0178240119048754,0.49395100598592556,1.8816261106394159,1.0,0.0,6
-0.5352932156649703,-0.13703703663234995,-0.12203763927424371,-0.6111584637466483,-0.14739703924950215,-0.5862540029815447,0.22291521132721787,-1.6554381073283098,-0.5842446361176594,-0.09985151043117445,1.8816261106394159,0.0,1.0,6
-0.6867462863744191,-0.13703703663234995,-1.0076415196106776,2.87394880309982,0.08968401137604433,1.1991587225967322,1.341525577018686,1.5886722664774235,-0.5842446361176594,-0.36376373994988587,-1.4673324079921584,0.0,1.0,6
-0.7624728217291432,-0.4972753498797788,0.3548259885992209,0.47159330847749714,-0.25276639508307824,1.3719405992655977,1.5368384980124343,0.24945443359331174,-0.21252054354301114,-0.36376373994988587,-0.8812646672316334,0.0,1.0,6
-0.4595666803102463,-0.7974739442526363,1.9216636230406043,-0.8818464068026846,2.0653594332555985,1.7750983114929506,0.5247624528630108,-0.6126883443193119,-0.646198651546766,-0.9575662563669859,-1.0487125931632115,0.0,1.0,7
-0.08093400353662458,0.3432807143642219,1.3766766197566451,-0.8367317496266786,2.4078098397147207,0.8535949692590012,0.6135410533147146,0.06203209056884316,-0.8940147132631981,0.164060719087537,-1.5510563709579488,0.0,1.0,5
-0.08093400353662458,1.7241942484793658,-1.756998649126122,-0.6788304495106573,0.6955578074191077,-1.277381509657007,-1.517145357526177,1.3808038496684447,2.761272197054172,1.2856876945420592,-0.7975407042658443,1.0,0.0,5
-0.0052074681818998474,0.0430821199913643,-0.46265451632671833,0.1332333796574517,-0.647901479458989,-0.41347212631267927,0.09862517069483252,-0.39459689061809694,-1.8233249446998174,0.8238412928843148,-0.21147296350531794,0.0,1.0,7
-0.6110197510196944,-0.4972753498797788,-0.7351480179686981,0.7197239229455304,-0.17373937820789603,1.1991587225967322,1.19947981629596,0.3142003339108706,0.035295518173421,-0.36376373994988587,-0.8812646672316334,0.0,1.0,5
-0.08093400353662458,-0.43723563100520724,-0.05391426386374872,2.9754567817458337,-0.27910873404147235,1.4295345581552197,2.4423802226198132,1.8749172994602634,-0.9559687286923076,0.164060719087537,-1.5510563709579488,0.0,1.0,5
-0.0052074681818998474,-0.19707675550692147,0.21857923777823088,0.49415063706550033,-0.27910873404147235,0.8535949692590012,1.1284569359345968,0.3414617656235508,-0.5222906206885499,-0.03387345305149659,-0.7138167413000552,0.0,1.0,5
-1.8226443166952842,-0.0169575988832069,-2.1657389015890915,0.33624933694947906,-0.7532708352925652,0.16246746258353914,0.8621211345794854,-0.2037668686295244,0.8406977187518241,0.49395100598592556,-0.5463688153684757,0.0,1.0,6
0.14624560252754895,5.056398646018082,-2.1657389015890915,-0.17129055628058915,1.0643505528366244,-1.4501633863258725,-1.7834811588812884,0.7163064516725258,2.51345613533774,0.03210460432818127,0.12342288835783828,1.0,0.0,3
1.5850497742673118,-0.0169575988832069,1.1723064935251601,0.5167079656535033,-0.12105470029110807,-0.010314414085326379,0.5602738930436924,1.1933815066439382,-0.33642857440122725,0.49395100598592556,-0.2951969264711085,0.0,1.0,5
-0.6110197510196944,-0.7374342253780647,0.014209111546746275,0.49415063706550033,-0.7532708352925652,-0.874223797429654,-0.5583364726477758,-0.5104579753968744,-0.5842446361176594,0.09808266170785913,0.29087081428941786,0.0,1.0,8
-1.6711912459858353,0.4633601521133647,-0.5307778917372133,-0.6788304495106573,0.08968401137604433,-0.6438479618711667,-1.144275235629021,-0.9534562407274744,3.0710422741997134,1.351665751921737,2.8863136662288875,1.0,0.0,8
-0.4595666803102463,0.3432807143642219,0.014209111546746275,-0.7465024352746664,-0.5688744625838068,0.5080312159212702,-0.540580752557435,-1.2056244840695396,2.2656400736213076,-0.36376373994988587,1.7979021476736254,0.0,1.0,7
0.2976986732369971,-0.19707675550692147,-0.3264077655057283,0.8550678944735489,-0.9376672080013234,1.5447224759344633,0.7378310939471,-0.026567562497291967,-0.8940147132631981,-1.0235443137466638,0.37459477725520696,0.0,1.0,7
-0.838199357083868,0.0430821199913643,-0.5307778917372133,-0.6111584637466483,-0.5952168015422008,-0.29828420853343557,0.32944953186926246,-1.3283009267764494,0.7167896878936081,0.3619948912265698,1.2118344069131004,0.0,1.0,7
0.14624560252754895,-0.43723563100520724,1.1723064935251601,-0.8818464068026846,-0.5161897846670188,0.16246746258353914,0.7378310939471,-0.851225871805037,-0.4603366052594433,0.03210460432818127,0.458318740220996,0.0,1.0,6
-0.4595666803102463,-0.19707675550692147,0.3548259885992209,0.26857735118547,-0.12105470029110807,-0.9894117152088977,0.8798768546698261,0.5186610717557832,0.09724953360253041,-0.9575662563669859,-1.4673324079921584,0.0,1.0,4
-0.4595666803102463,2.2945715777877944,-1.5526285228946373,0.11067605106944875,1.5911973320045054,-1.219787550767385,-1.7302139986102663,0.6992680568521196,0.7787437033227175,-0.29778568257020804,0.2071468513236288,1.0,0.0,6
1.433596703557862,-0.43723563100520724,0.8998129918831804,1.2610998090576033,-0.5688744625838068,-0.12550233186457005,0.16964805105619557,0.8526136102357758,-0.15056652811390175,-0.49571985470924124,-0.1277490005395289,0.0,1.0,9
0.37342520859172185,-0.37719591213063575,0.21857923777823088,2.321294252693746,-0.015685344457531777,0.04727954480429546,0.04535801042381023,1.8067637201786384,0.28311157988985314,-0.23180762519053016,-0.7975407042658443,0.0,1.0,5
-0.23238707424607272,0.40332043323879313,0.08233248695724127,-0.6337157923346513,0.6428731295023195,-0.4710660852023011,-1.3928553168937916,0.13700102777863815,1.1504677958973657,1.4176438093014148,0.458318740220996,1.0,0.0,6
-0.838199357083868,-0.7374342253780647,0.4229493640097159,-0.4983718208066331,2.3024404838811443,-1.0470056740985194,-0.8779394342739095,-1.2601473474948244,-1.6994169138416013,0.6918851781249591,0.7094906291183647,0.0,1.0,6
-0.38384014495552155,0.0430821199913643,0.014209111546746275,0.9001825516495549,-0.647901479458989,-0.06790837297494821,-0.02566486993755283,-0.8921180193740196,-0.5842446361176594,0.757863235504637,1.965350073605205,0.0,1.0,7
-1.0653789631480408,-0.31715619325606453,-1.1438882704316677,-0.8818464068026846,-0.7269284963341711,-1.0470056740985194,-0.5583364726477758,-1.600915243902987,0.4689736261771759,-0.891588198987308,0.7094906291183647,0.0,1.0,6
-0.5352932156649703,-0.7374342253780647,-0.3264077655057283,-0.7690597638626695,-0.46350510675023066,0.3352493392524047,0.027602290333469462,-0.926194809014832,0.9646057496100402,0.2300387764672141,0.37459477725520696,0.0,1.0,7
-1.6711912459858353,1.6041148107302228,-1.3482583966631525,-0.8367317496266786,-1.2537752755020521,2.005474147051438,-0.25648923111198274,-2.418758195282562,0.22115756446074375,-1.0895223711263415,2.467693851399941,0.0,1.0,5
-0.0052074681818998474,0.4333402926760789,0.28670261318872586,-0.6788304495106573,0.6428731295023195,-0.9894117152088977,-1.2330538360807248,0.9207671895174007,1.5841459039011205,0.6918851781249591,-1.132436556129002,1.0,0.0,5
0.14624560252754895,1.7542141079166516,-1.4845051474841422,-0.5886011351586452,0.6165307905439255,-0.8166298385400321,-1.446122477164814,0.9752900529427233,2.203686058192201,1.0217754650233477,0.2071468513236288,1.0,0.0,7
-0.15666053889134865,-1.0376328197509221,2.8753908787875333,1.7573610379936702,-0.3054510729998664,-0.35587816742305745,0.2051594912368771,-0.10153649970708697,0.22115756446074375,-1.0235443137466638,1.3792823328446786,0.0,1.0,8
-0.3081136096007975,-0.6173547876289218,-0.1901610146847387,-0.6788304495106573,-0.33179341195826045,-0.874223797429654,-0.3275121114733458,-0.7421801449544295,0.035295518173421,0.6918851781249591,-0.1277490005395289,0.0,1.0,8
-0.15666053889134865,-1.3378314141237795,-0.8713947687896879,-0.024667920458569362,-0.04202768341592585,-0.1830962907541919,0.22291521132721787,0.273308186341888,0.40701961074806925,-0.8256101416076306,-0.9649886301974224,0.0,1.0,5
-1.2925585692122137,-0.6773945065034932,-0.8713947687896879,-0.6337157923346513,-0.33179341195826045,0.5080312159212702,0.8266096943988038,-0.8205567611282907,-0.21252054354301114,-0.6936540268482748,-0.1277490005395289,0.0,1.0,6
0.07051906717282422,0.5233998709879362,-0.5307778917372133,-0.5660438065706422,0.5638461126271372,-0.1830962907541919,-0.842427994093228,0.6754143041035433,2.327594089050417,0.3619948912265698,0.458318740220996,1.0,0.0,6
-0.15666053889134865,-0.13703703663234995,0.15045586236773625,-0.8367317496266786,-0.38447808987504845,-0.5862540029815447,-0.8069165539125465,-1.1238401889315746,0.5309276416062852,0.757863235504637,1.2118344069131004,0.0,1.0,7
-0.15666053889134865,-0.6173547876289218,0.21857923777823088,-0.9044037353906876,-0.647901479458989,0.6808130925901357,-0.1854663507506197,-1.5736538121903445,-0.39838258983033387,-1.0895223711263415,0.9606625180157319,0.0,1.0,7
-0.6110197510196944,-1.0976725386254935,0.014209111546746275,0.8437892301795472,-0.4898474457086247,0.45043725703164833,0.06311373051415099,-0.0027138097487156717,-0.21252054354301114,-0.8256101416076306,0.12342288835783828,0.0,1.0,5
-0.3081136096007975,-0.13703703663234995,-0.25828439009523335,-0.047225249046572514,-0.5952168015422008,-0.29828420853343557,-0.25648923111198274,-1.444162011555227,-0.8940147132631981,-0.42974179732956375,1.5467302587762581,0.0,1.0,7
0.5248782793011707,0.0430821199913643,-0.7351480179686981,-0.7013877780986604,0.43213441783516693,0.9111889281486231,-0.22097779093130124,0.648152872390863,0.28311157988985314,0.296016833846892,-0.8812646672316334,1.0,0.0,5
-0.5352932156649703,-1.5779902896220652,0.08233248695724127,-0.7013877780986604,-0.7532708352925652,-0.41347212631267927,-0.3807792717443681,-1.1919937682131996,0.7167896878936081,1.0877535224030255,1.2118344069131004,0.0,1.0,7
-0.0052074681818998474,-0.4972753498797788,2.8753908787875333,1.9378196666976941,-0.17373937820789603,1.4871285170448414,0.8443654144891446,1.1933815066439382,-1.2037847904087398,-0.6276759694685969,-1.4673324079921584,0.0,1.0,5
-0.15666053889134865,0.5834395898625077,-0.5307778917372133,1.5994597378776487,-0.015685344457531777,2.1782560237203037,1.6966399788255013,0.9139518315892305,-1.0798767595505236,-0.23180762519053016,-0.8812646672316334,0.0,1.0,5
2.5694947338787273,-0.0169575988832069,1.1723064935251601,-0.4081425064546209,0.5638461126271372,-0.5862540029815447,-0.6471150730994796,1.6023029823337258,-0.21252054354301114,1.0877535224030255,-0.4626448524026866,1.0,0.0,6
-0.0052074681818998474,-0.8575136631272077,-0.6670246425582032,-0.7690597638626695,-0.33179341195826045,-0.7590358796504103,-0.238733511021642,0.07225512746107933,0.9026517341809336,-0.03387345305149659,-0.4626448524026866,0.0,1.0,5
0.6006048146558948,-0.43723563100520724,0.08233248695724127,-0.8592890782146816,-0.17373937820789603,0.6232191337005138,-0.20322207084096047,-1.525946306693192,-1.3896468366960626,-0.5616979120889191,1.5467302587762581,0.0,1.0,6
-0.3081136096007975,0.40332043323879313,-0.05391426386374872,0.8550678944735489,0.7219001463775018,-0.24069024964381375,-1.2330538360807248,1.2751658017819034,0.9646057496100402,0.6918851781249591,-0.37892088943689756,1.0,0.0,6
2.7209478045881768,0.3432807143642219,0.6273194902412005,-0.6337157923346513,0.7219001463775018,-1.3349754685466286,-1.7302139986102663,1.3296886652071882,-0.8940147132631981,0.8898193502639927,-1.0487125931632115,1.0,0.0,6
-0.838199357083868,-0.13703703663234995,0.08233248695724127,1.2836571376456063,-0.5425321236254129,-0.1830962907541919,-0.29200067129266427,0.2426390756651795,0.7167896878936081,-0.09985151043117445,-0.2951969264711085,0.0,1.0,6
0.9035109560747924,1.4239956541065082,-0.3264077655057283,1.6107384021716504,-0.6215591405005949,0.3928432981420265,0.027602290333469462,0.4777689241868007,-1.451600852125169,-0.9575662563669859,0.2071468513236288,0.0,1.0,6
-0.15666053889134865,-1.0376328197509221,-0.05391426386374872,-0.047225249046572514,-0.5952168015422008,0.220061421473161,0.3116938117789217,-0.03338292042546203,0.8406977187518241,-0.36376373994988587,-0.7975407042658443,0.0,1.0,7
-0.6110197510196944,-1.2177519763746365,-0.25828439009523335,0.6520519371815215,0.010656994500862296,-0.5286600440919229,-0.5760921927381165,-0.08449810488668073,0.22115756446074375,-1.1555004285060195,-0.4626448524026866,0.0,1.0,6
1.282143632848414,1.3339360757946508,0.15045586236773625,-0.453257163630627,0.958981197003048,-0.8166298385400321,-0.04342059002789359,1.8067637201786384,0.9646057496100402,0.49395100598592556,-0.8812646672316334,1.0,0.0,5
-0.4595666803102463,0.2832409954896504,-0.6670246425582032,-0.22768387775059673,-0.4898474457086247,-0.7590358796504103,-0.29200067129266427,-1.4714234432679072,0.15920354903163708,-0.03387345305149659,2.049074036570994,0.0,1.0,7
-0.23238707424607272,-0.4972753498797788,1.1723064935251601,-0.7690597638626695,0.03699933345925637,0.5080312159212702,0.9153882948505077,0.6822296620317133,2.637364166195956,-0.09985151043117445,-0.9649886301974224,0.0,1.0,4
0.6006048146558948,-0.6773945065034932,0.21857923777823088,0.9452972088255608,-0.33179341195826045,1.314346640375976,1.270502696657323,0.8526136102357758,-0.8320606978340915,0.164060719087537,-0.8812646672316334,0.0,1.0,7
0.5248782793011707,0.16316155774050736,-0.05391426386374872,-0.4870931565126316,-0.5161897846670188,-1.4501633863258725,-1.6059239579778808,-1.157916978572387,-0.21252054354301114,-1.1555004285060195,1.1281104439473115,0.0,1.0,6
-0.3081136096007975,-0.13703703663234995,-0.9395181442001829,0.5618226228295093,-0.4108204288334425,2.3510379003891693,1.9274643399999312,0.4777689241868007,-0.5222906206885499,-0.8256101416076306,-1.3836084450263693,0.0,1.0,5
-0.38384014495552155,-0.10701717719506419,3.4203778820714925,-0.8592890782146816,2.5131791955482967,1.0839708048174885,0.09862517069483252,-0.4695658278278919,-1.451600852125169,-1.0235443137466638,-1.132436556129002,0.0,1.0,5
0.5248782793011707,-0.37719591213063575,1.1723064935251601,0.6069372800055155,-0.3054510729998664,1.0263768459278668,1.4303041774703897,0.30738497598270054,-1.1418307749796304,0.09808266170785913,0.37459477725520696,0.0,1.0,6
-1.2168320338574896,-1.3378314141237795,0.08233248695724127,-0.4758144922186301,-0.33179341195826045,-0.5286600440919229,-0.7358936735511834,-1.8871602768858646,-0.33642857440122725,-1.4194126580247306,1.965350073605205,0.0,1.0,8
0.22197213788227302,-1.0376328197509221,0.014209111546746275,-0.7465024352746664,-0.4371627677918366,1.1991587225967322,0.5957853332243739,-0.9875330303682869,-0.08861251268479507,-0.6276759694685969,0.7932145920841537,0.0,1.0,7
-0.3081136096007975,-0.5573150687543503,0.3548259885992209,-0.430699835042624,-0.8059555132093533,-0.06790837297494821,-0.3807792717443681,-1.4134929008785184,-0.5222906206885499,-0.5616979120889191,1.3792823328446786,0.0,1.0,6
1.282143632848414,-0.257116474381493,0.21857923777823088,-0.09233990622257862,-0.647901479458989,0.1048735036939173,0.5957853332243739,0.027955300928030686,-0.4603366052594433,-0.5616979120889191,0.7932145920841537,0.0,1.0,7
-1.4440116399216625,2.2345318589132233,-0.8713947687896879,-0.7916170924506725,2.7502602461738435,-1.3349754685466286,-0.9312065945449318,-0.18672847380911814,2.4515021199086333,0.49395100598592556,0.37459477725520696,1.0,0.0,5
0.5248782793011707,0.0430821199913643,0.9679363672936755,-0.3179131921026088,0.5638461126271372,-0.874223797429654,-1.375099596803451,0.9548439791582132,0.7787437033227175,2.1434024404778707,1.8816261106394159,1.0,0.0,8
0.07051906717282422,-0.8575136631272077,0.49107273942021085,-0.6111584637466483,-0.2264240561246842,-0.35587816742305745,-0.4873135922864127,-1.3828237902017722,-1.7613709292707107,-1.2214784858856973,1.2118344069131004,0.0,1.0,6
-0.3081136096007975,-0.9175533820017792,1.7854168722196142,2.0731636382257124,-0.4898474457086247,1.1991587225967322,0.8798768546698261,1.0229975584398758,-0.646198651546766,-0.36376373994988587,-0.7975407042658443,0.0,1.0,6
1.2064170974936899,0.4633601521133647,-0.7351480179686981,-0.5660438065706422,0.932638858044654,0.16246746258353914,-0.4695578721960719,1.2717581228177994,-0.21252054354301114,-0.09985151043117445,-1.132436556129002,1.0,0.0,5
1.0549640267842404,-1.0376328197509221,-0.25828439009523335,-0.5209291493946361,-0.25276639508307824,0.45043725703164833,0.6312967734050554,-0.28895884273155553,-0.7701066824049821,0.164060719087537,0.2071468513236288,0.0,1.0,6
-0.15666053889134865,1.003717621984508,-1.5526285228946373,-0.6562731209226543,0.14236868929283247,-1.5077573452154942,-1.8722597593329924,0.45732285040229054,0.7787437033227175,0.03210460432818127,-0.044025037573739836,1.0,0.0,5
3.7811192995543164,-0.0169575988832069,1.240429868935655,-0.5886011351586452,0.24773804512640876,-1.1621935918777633,-1.6591911182489032,1.8749172994602634,-0.646198651546766,4.25470027662756,-1.132436556129002,1.0,0.0,6
-0.08093400353662458,-0.7974739442526363,0.08233248695724127,-0.8592890782146816,-0.46350510675023066,0.220061421473161,-0.30975639138300504,-1.151101620644217,-0.7081526669758754,1.4176438093014148,0.542042703186785,0.0,1.0,6
-0.08093400353662458,-0.5573150687543503,-0.46265451632671833,-0.7690597638626695,-0.27910873404147235,1.1415647637071105,1.1817240962056192,-0.6808419236009368,-0.15056652811390175,-0.7596320842279527,0.37459477725520696,0.0,1.0,7
0.5248782793011707,-0.257116474381493,1.9216636230406043,-0.7126664423926619,-0.2264240561246842,-0.9894117152088977,-0.14995491056993818,-0.4048199275103331,0.09724953360253041,-0.29778568257020804,1.0862484624644162,0.0,1.0,5
1.0549640267842404,-1.0976725386254935,0.4229493640097159,-0.3630278492786149,-0.4371627677918366,0.6232191337005138,0.50700673277267,-0.4423043961152495,-1.6994169138416013,-0.9575662563669859,-0.2951969264711085,0.0,1.0,6
0.07051906717282422,-0.8575136631272077,0.3548259885992209,-0.8592890782146816,-0.5161897846670188,1.0263768459278668,0.08086945060449176,-0.851225871805037,0.592881657035392,-0.29778568257020804,0.29087081428941786,0.0,1.0,6
0.9035109560747924,-0.43723563100520724,0.9679363672936755,0.8325105658855456,-0.2264240561246842,0.5080312159212702,1.4658156176510713,0.9889207687990256,-0.5222906206885499,0.3619948912265698,-0.7975407042658443,0.0,1.0,6
-0.15666053889134865,-1.2177519763746365,1.1723064935251601,0.20090536542146095,-0.09471236133271399,-0.4710660852023011,0.06311373051415099,0.30738497598270054,0.8406977187518241,-1.1555004285060195,-0.9649886301974224,0.0,1.0,6
4.235478511682664,-0.257116474381493,2.8753908787875333,-0.5434864779826392,1.0116658749198362,-1.219787550767385,-1.5349010776165177,1.6704565616153506,-0.15056652811390175,1.5495999240607705,0.2071468513236288,1.0,0.0,7
-0.08093400353662458,-0.31715619325606453,-0.25828439009523335,0.9678545374135641,-0.2264240561246842,1.1415647637071105,0.4714952925919886,0.13700102777863815,-0.5842446361176594,-0.29778568257020804,-0.21147296350531794,0.0,1.0,6
-0.3081136096007975,-0.4972753498797788,1.104183118114665,0.26857735118547,-0.2000817171662901,1.4295345581552197,1.19947981629596,0.4505074924741583,-0.08861251268479507,-0.5616979120889191,-0.9649886301974224,0.0,1.0,6
0.4491517439464459,-0.7974739442526363,0.49107273942021085,-0.7239451066866635,-0.5952168015422008,1.8326922703825725,1.1639683761152784,-1.1919937682131996,-0.8320606978340915,1.4176438093014148,1.7141781847078363,0.0,1.0,8
-1.0653789631480408,-0.37719591213063575,0.15045586236773625,-0.6337157923346513,-0.5161897846670188,-0.35587816742305745,0.18740377114653634,-1.5804691701185147,0.8406977187518241,-1.3534346006450526,1.8816261106394159,0.0,1.0,8
-0.838199357083868,-0.43723563100520724,-0.05391426386374872,-0.25024120633859975,-0.5952168015422008,0.6808130925901357,0.4004724122306255,-0.7898876504515822,0.09724953360253041,-0.49571985470924124,0.29087081428941786,0.0,1.0,6
0.5248782793011707,-0.9775931008763507,0.28670261318872586,0.20090536542146095,0.03699933345925637,0.04727954480429546,0.3116938117789217,0.17107781741945063,0.15920354903163708,-0.09985151043117445,0.29087081428941786,0.0,1.0,6
-0.08093400353662458,-0.5573150687543503,-0.05391426386374872,-0.6111584637466483,-0.17373937820789603,0.1048735036939173,0.7378310939471,-1.0556866096499498,-0.5222906206885499,-0.1658295678108523,0.7094906291183647,0.0,1.0,6
-0.9896524277933161,-0.6173547876289218,-0.3945311409162233,1.644574395053655,-0.09471236133271399,0.220061421473161,0.3472052519596032,0.9207671895174007,0.7167896878936081,-0.5616979120889191,-0.8812646672316334,0.0,1.0,6
-0.15666053889134865,-0.6173547876289218,-0.3945311409162233,-0.7465024352746664,-0.4108204288334425,0.04727954480429546,-0.07893203020857512,-1.0488712517217795,-0.15056652811390175,-0.03387345305149659,0.37459477725520696,0.0,1.0,6
0.07051906717282422,2.8349290476589375,-1.5526285228946373,1.4415584377616277,-0.33179341195826045,0.8535949692590012,1.5901056582834567,0.8969134367688244,-0.4603366052594433,-0.49571985470924124,-1.2998844820605802,0.0,1.0,5
0.14624560252754895,-0.9775931008763507,0.5591961148307059,-0.7690597638626695,-0.25276639508307824,-0.4710660852023011,-0.22097779093130124,-0.27192044791114933,0.3450655953189598,-0.6276759694685969,0.12342288835783828,0.0,1.0,5
-0.08093400353662458,0.10312183886593582,-0.803271393379193,-0.7690597638626695,5.647917531597189,-0.35587816742305745,0.4537395725016478,-0.3196279534083019,-0.7081526669758754,0.6259071207452813,-0.6300927783342647,0.0,1.0,5
-0.838199357083868,-0.7374342253780647,-0.25828439009523335,2.603260860043784,0.06334167241765026,1.3719405992655977,0.364960972049944,0.7333448464929321,-0.15056652811390175,-1.0235443137466638,-0.044025037573739836,0.0,1.0,5
-0.23238707424607272,-0.6173547876289218,0.08233248695724127,-0.047225249046572514,-0.4371627677918366,-0.8166298385400321,0.2939380916885809,-0.3059972375519618,0.22115756446074375,0.6918851781249591,0.12342288835783828,0.0,1.0,6
-0.15666053889134865,1.1838367786082227,-1.5526285228946373,-0.6788304495106573,0.6428731295023195,-1.1621935918777633,-1.747969718700607,0.09951655917372174,1.2743758267555818,0.3619948912265698,0.7932145920841537,1.0,0.0,6
1.5093232389125861,-0.6773945065034932,0.21857923777823088,1.2836571376456063,-0.5161897846670188,0.220061421473161,0.5425181729533516,1.2274582962847507,-0.8320606978340915,-1.4194126580247306,-0.7138167413000552,0.0,1.0,5
-0.3081136096007975,-0.257116474381493,-0.3945311409162233,3.4491606820938974,-0.5161897846670188,0.8535949692590012,0.6312967734050554,0.9446209422659769,-1.1418307749796304,-1.0235443137466638,1.4630062958104693,0.0,1.0,6
-0.3081136096007975,0.883638184235365,-0.6670246425582032,-0.6111584637466483,0.37944973991837877,-0.9894117152088977,-1.6059239579778808,-0.040198278353594255,1.1504677958973657,1.945468268338837,0.6257666661525756,1.0,0.0,6
2.342315127814555,0.5834395898625077,1.240429868935655,-0.11489723481058156,1.3277739424205646,-1.4501633863258725,-1.8012368789716293,1.1933815066439382,0.3450655953189598,1.945468268338837,0.7932145920841537,1.0,0.0,5
0.22197213788227302,-0.31715619325606453,2.398527250914069,0.6971665943575275,-0.5161897846670188,1.314346640375976,0.9153882948505077,0.7163064516725258,-2.0091869909871427,-0.8256101416076306,-1.3836084450263693,0.0,1.0,6
-0.5352932156649703,-0.7374342253780647,1.240429868935655,2.569424867161779,-0.2264240561246842,0.3352493392524047,1.19947981629596,1.5477801189084408,-1.2657388058378465,-0.29778568257020804,-1.4673324079921584,0.0,1.0,6
-0.0052074681818998474,-0.31715619325606453,0.5591961148307059,0.5843799514175123,-0.8586401911261414,1.4871285170448414,1.1107012158442562,-0.5786115546784993,-1.1418307749796304,-1.4194126580247306,0.7932145920841537,0.0,1.0,6
-0.08093400353662458,1.6641545296047942,-1.756998649126122,-0.8367317496266786,0.35310740095998505,-1.4501633863258725,-1.81899259906197,-0.10153649970708697,-0.33642857440122725,-0.36376373994988587,-0.6300927783342647,1.0,0.0,5
-0.3081136096007975,0.2832409954896504,-0.05391426386374872,2.106999631107717,-0.35813575091665456,-0.12550233186457005,0.8443654144891446,1.4659958237704758,-0.33642857440122725,0.03210460432818127,-1.216160519094791,0.0,1.0,5
2.1908620571051056,3.555405674153796,-0.6670246425582032,-0.3630278492786149,1.2750892645037766,-1.1045996329881413,-0.5050693123767535,2.215685195868388,1.2743758267555818,0.6918851781249591,0.6257666661525756,1.0,0.0,4
-0.15666053889134865,-0.31715619325606453,0.3548259885992209,-0.7690597638626695,-0.5688744625838068,0.220061421473161,0.2051594912368771,-1.3351162847046194,0.22115756446074375,-0.42974179732956375,1.4630062958104693,0.0,1.0,6
-0.38384014495552155,-0.19707675550692147,-1.620751898305132,-0.8367317496266786,-0.4898474457086247,1.6023164348240853,0.5780296131340331,-0.783072292523412,-0.2744745589721178,-0.49571985470924124,-0.4626448524026866,0.0,1.0,5
-0.6110197510196944,-0.7974739442526363,0.8316896164726855,0.5392652942415064,-0.3054510729998664,0.9687828870382449,1.19947981629596,0.40961534490517576,0.09724953360253041,-0.49571985470924124,-1.216160519094791,0.0,1.0,5
3.6296662288448682,1.7241942484793658,1.240429868935655,-0.8141744210386755,0.37944973991837877,-1.3925694274362506,-1.5704125177971993,1.162712395967192,-0.9559687286923076,0.4279729486062477,-0.1277490005395289,1.0,0.0,4
-0.23238707424607272,1.3039162163573657,-1.9613687753576068,-0.7916170924506725,0.7745848242942895,0.3352493392524047,-1.215298115990384,0.24604675462924563,1.8939159810466595,0.2300387764672141,0.03969892539204922,1.0,0.0,5
-0.6110197510196944,-0.07699731775777843,-0.05391426386374872,0.11067605106944875,-0.2264240561246842,0.6808130925901357,1.0396783354828931,0.2051546070602631,-0.21252054354301114,0.8238412928843148,-1.0487125931632115,0.0,1.0,6
-0.7624728217291432,-0.31715619325606453,0.014209111546746275,-0.3179131921026088,-0.8059555132093533,0.5080312159212702,0.4182281323209663,-1.8053759817478996,0.5309276416062852,-1.0895223711263415,2.132797999536783,0.0,1.0,7
-0.4595666803102463,-0.7974739442526363,-0.1901610146847387,0.07684005818744412,-0.7269284963341711,0.7384070514797575,-0.14995491056993818,-1.151101620644217,-1.8233249446998174,-0.6936540268482748,0.7932145920841537,0.0,1.0,7
0.7520578853653429,0.2832409954896504,1.1723064935251601,-0.6111584637466483,1.1170352307534124,0.9687828870382449,0.32944953186926246,1.1593047170031259,0.9646057496100402,3.001117186413682,-0.6300927783342647,1.0,0.0,5
0.37342520859172185,-0.43723563100520724,0.15045586236773625,-0.7239451066866635,-0.7532708352925652,-0.24069024964381375,0.9508997350311892,-1.157916978572387,-1.451600852125169,-0.36376373994988587,1.2955583698788895,0.0,1.0,7
0.6763313500106188,-0.43723563100520724,0.08233248695724127,-0.8367317496266786,-0.3054510729998664,-0.24069024964381375,-0.25648923111198274,-1.3078548529919771,-1.5135548675542785,-0.6276759694685969,1.5467302587762581,0.0,1.0,6
0.22197213788227302,-1.0376328197509221,2.6710207525560485,1.5317877521136398,-0.4898474457086247,1.256752681486354,0.5957853332243739,1.1967891856080044,-1.2037847904087398,-0.49571985470924124,-1.3836084450263693,0.0,1.0,5
1.812229380331484,3.225187220343653,-0.25828439009523335,-0.5886011351586452,0.7745848242942895,-0.010314414085326379,0.5780296131340331,1.1593047170031259,0.09724953360253041,-0.03387345305149659,-0.9649886301974224,1.0,0.0,5
-1.0653789631480408,-0.43723563100520724,-0.3264077655057283,1.644574395053655,-0.3054510729998664,1.4295345581552197,0.9864111752118707,0.9207671895174007,0.3450655953189598,-0.7596320842279527,-1.0487125931632115,0.0,1.0,6
0.8277844207200683,-0.7974739442526363,1.7854168722196142,2.7273261672778006,-0.2000817171662901,1.8326922703825725,1.7499071390965235,2.0793780373051383,-1.3276928212669559,-0.1658295678108523,-1.0487125931632115,0.0,1.0,6
-0.0052074681818998474,-0.07699731775777843,0.15045586236773625,-0.6788304495106573,-0.33179341195826045,1.7750983114929506,1.0041668953022116,-1.7133686497176985,0.15920354903163708,-0.03387345305149659,2.3002459254683627,0.0,1.0,7
-0.4595666803102463,-0.6173547876289218,-0.25828439009523335,0.38136399412548516,-0.647901479458989,-0.24069024964381375,-0.41629071192504963,-0.9466408827993044,-0.5842446361176594,-1.4194126580247306,1.4630062958104693,0.0,1.0,6
-0.5352932156649703,-0.31715619325606453,-0.12203763927424371,0.9340185445315594,-0.14739703924950215,-0.29828420853343557,0.9153882948505077,-0.3775584957976907,0.09724953360253041,0.164060719087537,0.6536746510170396,0.0,1.0,6
1.0549640267842404,2.924988625970795,-2.1657389015890915,-0.4983718208066331,1.0116658749198362,-0.7590358796504103,-1.2685652762614064,1.2683504438537332,0.6548356724645014,0.4279729486062477,-0.1277490005395289,1.0,0.0,6
-0.38384014495552155,0.8235984653607935,-1.620751898305132,-0.6562731209226543,0.19505336720962063,-0.7014419207607885,-1.4283667570744731,0.34827712355168305,0.6548356724645014,0.6918851781249591,-0.7138167413000552,1.0,0.0,5
-0.838199357083868,-0.7374342253780647,-0.05391426386374872,-0.8141744210386755,-0.46350510675023066,0.565625174810892,0.2584266515078994,-0.8750796245536133,1.398283857613798,0.3619948912265698,0.29087081428941786,0.0,1.0,5
-0.913925892438592,-0.6173547876289218,0.6273194902412005,-0.8367317496266786,-0.5425321236254129,0.6808130925901357,0.06311373051415099,-1.4714234432679072,-1.1418307749796304,0.6918851781249591,0.9885705028801973,0.0,1.0,6
-1.2925585692122137,-0.13703703663234995,0.8998129918831804,-0.024667920458569362,-0.7532708352925652,-0.29828420853343557,1.3592812971090267,-0.783072292523412,1.7700079501884434,-0.29778568257020804,0.7932145920841537,0.0,1.0,7
-1.0653789631480408,-0.8575136631272077,0.15045586236773625,-0.9044037353906876,-0.5688744625838068,0.565625174810892,-0.5050693123767535,-1.5566154173699385,1.7080539347593366,-0.7596320842279527,0.9606625180157319,0.0,1.0,5
0.14624560252754895,0.10312183886593582,-0.1901610146847387,-0.5434864779826392,0.8009271632526835,-0.24069024964381375,-0.7536493936415242,0.6651912672112693,1.0265597650391496,0.9557974076436706,0.37459477725520696,1.0,0.0,5
1.887955915686208,0.4633601521133647,0.9679363672936755,-0.6562731209226543,0.458476756793561,-1.4501633863258725,-1.747969718700607,0.6788219830676094,0.28311157988985314,1.351665751921737,1.4630062958104693,1.0,0.0,6
0.2976986732369971,-0.0169575988832069,0.49107273942021085,0.5843799514175123,-0.4371627677918366,0.8535949692590012,1.785418579277205,0.6822296620317133,-0.7081526669758754,-0.03387345305149659,-1.132436556129002,0.0,1.0,6
2.2665885924598297,-0.6773945065034932,0.3548259885992209,-0.6337157923346513,0.010656994500862296,-0.9318177563192758,-1.3928553168937916,0.5595532193247658,0.035295518173421,-0.29778568257020804,-1.0487125931632115,1.0,0.0,4
-0.4595666803102463,-0.7374342253780647,0.21857923777823088,-0.8141744210386755,-0.17373937820789603,-0.41347212631267927,-0.5583364726477758,-1.4680157643038032,-0.33642857440122725,-0.36376373994988587,1.2118344069131004,0.0,1.0,7
2.418041663169279,1.7842339673539374,-0.5307778917372133,-0.4983718208066331,1.2750892645037766,-0.06790837297494821,-1.0910080753579987,1.8067637201786384,0.09724953360253041,0.8898193502639927,-0.5463688153684757,1.0,0.0,5
-0.23238707424607272,0.3432807143642219,0.3548259885992209,0.8776252230615519,-0.09471236133271399,0.3352493392524047,0.5957853332243739,0.5118457138276131,-0.39838258983033387,-0.23180762519053016,-1.0487125931632115,0.0,1.0,5
1.433596703557862,-0.5573150687543503,0.15045586236773625,-0.6788304495106573,0.37944973991837877,0.8535949692590012,-0.842427994093228,1.0877434587573969,1.3363298421846885,2.1434024404778707,-0.2951969264711085,1.0,0.0,7
-0.838199357083868,1.5440750918556512,-2.1657389015890915,-0.8367317496266786,-0.38447808987504845,-0.35587816742305745,-0.6293593530091388,-0.27192044791114933,0.5309276416062852,-1.0235443137466638,-0.9649886301974224,0.0,1.0,4
-1.5197381752763865,-0.7374342253780647,0.9679363672936755,0.26857735118547,0.24773804512640876,0.6232191337005138,1.2882584167476636,-0.2991818796238296,-0.21252054354301114,-0.7596320842279527,-0.6859087539238722,0.0,1.0,5
0.14624560252754895,1.7241942484793658,-1.6888752737156272,-0.5886011351586452,0.8799541801278657,-1.1045996329881413,-1.375099596803451,1.1593047170031259,1.2743758267555818,1.4836218666810927,-0.7138167413000552,1.0,0.0,6
-0.6110197510196944,-1.1577122575000651,0.5591961148307059,-0.7916170924506725,-0.38447808987504845,-0.41347212631267927,-0.4873135922864127,-1.6281766756156295,-0.7081526669758754,-0.49571985470924124,1.3792823328446786,0.0,1.0,7
1.433596703557862,2.504710593848795,2.466650626324564,-0.7465024352746664,9.414872002647536,-0.7014419207607885,-0.8956951543642503,0.6890450199598456,-2.0091869909871427,5.2443711373227275,-1.216160519094791,1.0,0.0,6
1.282143632848414,-0.0169575988832069,0.014209111546746275,-0.8367317496266786,-0.4108204288334425,-1.0470056740985194,1.3060141368380045,0.273308186341888,-0.33642857440122725,-0.29778568257020804,-0.8812646672316334,0.0,1.0,5
0.7520578853653429,-0.8575136631272077,0.7635662410621905,-0.5660438065706422,0.5111614347103491,0.04727954480429546,-1.1265195155386802,0.7571985992415083,1.8939159810466595,1.813512153579482,-0.1277490005395289,1.0,0.0,6
-1.1411054985027649,-0.6173547876289218,-0.12203763927424371,-0.8367317496266786,-0.7005861573757771,-0.29828420853343557,-0.29200067129266427,-1.6418073914719695,0.9026517341809336,-0.6936540268482748,1.5467302587762581,0.0,1.0,7
-1.1411054985027649,-0.7374342253780647,0.08233248695724127,-0.7013877780986604,-0.5425321236254129,0.3928432981420265,-0.07893203020857512,-1.7201840076458306,0.22115756446074375,0.296016833846892,1.5467302587762581,0.0,1.0,6
1.7365028449767599,0.2832409954896504,0.6273194902412005,0.8776252230615519,0.326765062001591,-0.7014419207607885,-1.3395881566227694,1.394434565524747,0.40701961074806925,1.813512153579482,0.29087081428941786,1.0,0.0,7
-1.2168320338574896,-0.19707675550692147,0.3548259885992209,-0.8141744210386755,0.458476756793561,-1.0470056740985194,-0.3275121114733458,0.30738497598270054,0.592881657035392,0.296016833846892,-1.132436556129002,1.0,0.0,5
-0.38384014495552155,-1.3378314141237795,0.28670261318872586,-0.6111584637466483,-0.46350510675023066,0.7384070514797575,0.18740377114653634,-0.7524031818466657,-0.9559687286923076,0.8898193502639927,-0.37892088943689756,0.0,1.0,7
2.342315127814555,0.40332043323879313,0.6954428656516954,-0.5886011351586452,4.120061872010334,-1.3925694274362506,-1.7834811588812884,1.6704565616153506,-0.21252054354301114,0.5599290633656034,-0.8812646672316334,1.0,0.0,6
-0.5352932156649703,-0.9775931008763507,0.15045586236773625,-0.7690597638626695,-0.4371627677918366,0.7384070514797575,0.5957853332243739,-1.1238401889315746,0.592881657035392,0.3619948912265698,0.7932145920841537,0.0,1.0,8
0.22197213788227302,-0.6173547876289218,1.1723064935251601,0.990411866001567,-0.2264240561246842,1.1415647637071105,0.6135410533147146,0.5799992931092381,-0.33642857440122725,0.3619948912265698,-0.044025037573739836,0.0,1.0,7
-0.838199357083868,0.10312183886593582,-0.3264077655057283,-0.6562731209226543,-0.5688744625838068,-0.8166298385400321,-0.25648923111198274,-0.9534562407274744,1.0885137804682563,1.1537315797827035,0.7932145920841537,0.0,1.0,7
-1.0653789631480408,-0.9775931008763507,0.3548259885992209,-0.8818464068026846,-0.5425321236254129,0.04727954480429546,-0.3275121114733458,-1.7304070445381046,-0.39838258983033387,-0.36376373994988587,1.2118344069131004,0.0,1.0,6
-0.15666053889134865,-1.0376328197509221,0.08233248695724127,-0.22768387775059673,-0.5952168015422008,-0.7590358796504103,0.22291521132721787,-0.37415081683362456,-0.21252054354301114,-0.9575662563669859,0.03969892539204922,0.0,1.0,7
-0.6110197510196944,-0.4972753498797788,0.21857923777823088,0.6069372800055155,-0.015685344457531777,0.8535949692590012,1.3592812971090267,0.2630851494496519,-0.39838258983033387,-0.23180762519053016,-0.8812646672316334,0.0,1.0,5
1.5093232389125861,1.123797059733651,-0.5307778917372133,-0.5434864779826392,0.5638461126271372,-0.12550233186457005,0.43598385241130705,1.1524893590749556,-0.08861251268479507,0.2300387764672141,-0.8812646672316334,1.0,0.0,5
0.4491517439464459,3.225187220343653,-2.1657389015890915,-0.5434864779826392,1.0906928917950183,-0.29828420853343557,-0.842427994093228,0.7844600309541507,-0.15056652811390175,0.9557974076436706,-0.6300927783342647,1.0,0.0,5
0.4491517439464459,-1.0376328197509221,-0.5989012671477081,-0.7465024352746664,-0.7269284963341711,0.5080312159212702,0.24067093141755863,-0.6058729863911418,0.9026517341809336,-0.8256101416076306,0.12342288835783828,0.0,1.0,7
-1.2925585692122137,-1.0376328197509221,-0.5989012671477081,-0.4758144922186301,-0.46350510675023066,-1.1621935918777633,-0.11444347038925665,-0.7046956763495131,0.3450655953189598,-0.23180762519053016,-0.4626448524026866,0.0,1.0,5
-0.0052074681818998474,-0.6773945065034932,0.49107273942021085,2.0731636382257124,0.03699933345925637,1.0839708048174885,1.3770370171993676,1.1593047170031259,-1.5135548675542785,-0.36376373994988587,-1.2998844820605802,0.0,1.0,7
-0.838199357083868,0.22320127661507888,-1.1438882704316677,-0.7239451066866635,0.4057920788767728,-1.3925694274362506,-1.6947025584295847,0.3414617656235508,1.2124218113264724,0.2300387764672141,-0.9649886301974224,1.0,0.0,5
-0.3081136096007975,-0.13703703663234995,0.15045586236773625,0.2234626940094639,-0.17373937820789603,-1.4501633863258725,0.2584266515078994,0.273308186341888,-0.21252054354301114,-0.891588198987308,-1.216160519094791,0.0,1.0,5
-0.9896524277933161,0.5834395898625077,-2.1657389015890915,-0.7690597638626695,-0.38447808987504845,-1.5653513041051161,-1.8367483191523108,-0.03338292042546203,1.5841459039011205,2.077424383098193,0.9606625180157319,1.0,0.0,6
-0.08093400353662458,-1.5179505707474938,-0.12203763927424371,0.26857735118547,-0.647901479458989,-0.35587816742305745,0.3472052519596032,-0.5104579753968744,-1.451600852125169,-0.9575662563669859,0.29087081428941786,0.0,1.0,6
-0.6867462863744191,-0.43723563100520724,-0.46265451632671833,0.1783480368334578,-0.4898474457086247,1.256752681486354,0.7200753738567592,0.17107781741945063,0.3450655953189598,-1.0235443137466638,-0.9649886301974224,0.0,1.0,6
-1.0653789631480408,-0.257116474381493,0.6954428656516954,-0.8818464068026846,-0.5425321236254129,-0.6438479618711667,-0.02566486993755283,-1.972352250987896,-0.7701066824049821,-0.49571985470924124,1.7141781847078363,0.0,1.0,7
-1.0653789631480408,-0.0169575988832069,-0.7351480179686981,0.35880666553748203,-0.4371627677918366,1.1415647637071105,0.9331440149408484,-0.13561328934789943,0.40701961074806925,0.5599290633656034,-0.4626448524026866,0.0,1.0,5
0.37342520859172185,-0.0169575988832069,-0.25828439009523335,1.3513291234096154,-0.4371627677918366,0.04727954480429546,0.04535801042381023,1.244496691105157,0.28311157988985314,-1.6173468301637641,-1.132436556129002,0.0,1.0,6
0.07051906717282422,-0.6173547876289218,-0.12203763927424371,-0.5660438065706422,-0.38447808987504845,0.04727954480429546,-0.1854663507506197,-1.157916978572387,-1.0798767595505236,0.164060719087537,0.6257666661525756,0.0,1.0,7
-0.6867462863744191,0.40332043323879313,-0.9395181442001829,-0.3404705206906119,-0.7796131742509592,-0.41347212631267927,-0.09668775029891588,-1.4714234432679072,0.7167896878936081,0.03210460432818127,1.8816261106394159,0.0,1.0,8
-0.9896524277933161,-0.13703703663234995,-0.803271393379193,2.1182782954017187,-0.17373937820789603,-0.06790837297494821,0.5247624528630108,0.7367525254569982,0.09724953360253041,-0.8256101416076306,-0.21147296350531794,0.0,1.0,6
0.6006048146558948,1.3639559352319366,0.49107273942021085,-0.25024120633859975,-0.5952168015422008,-0.4710660852023011,0.13413661087551404,-0.9534562407274744,0.40701961074806925,0.8898193502639927,1.8816261106394159,0.0,1.0,7
-0.3081136096007975,1.7842339673539374,-1.9613687753576068,-0.6111584637466483,0.4848190957519551,-0.9318177563192758,-1.4816339173454955,0.32442337080310674,0.8406977187518241,0.296016833846892,-0.1277490005395289,1.0,0.0,6
-1.2925585692122137,-0.19707675550692147,-0.1901610146847387,-0.453257163630627,-0.7796131742509592,-0.8166298385400321,-0.22097779093130124,-1.3044471740278731,0.035295518173421,0.164060719087537,0.542042703186785,0.0,1.0,6
1.7365028449767599,3.255207079780938,-0.3264077655057283,-0.6111584637466483,0.7219001463775018,0.04727954480429546,0.5425181729533516,1.1252279273623134,0.09724953360253041,-0.03387345305149659,-0.9649886301974224,1.0,0.0,5
-0.3081136096007975,-0.37719591213063575,0.49107273942021085,-0.8141744210386755,-0.5425321236254129,-0.874223797429654,0.0098465702431287,-0.919379451086662,0.28311157988985314,1.2197096371623812,0.9606625180157319,0.0,1.0,5
-0.913925892438592,0.5834395898625077,-0.3945311409162233,-0.430699835042624,-0.09471236133271399,1.5447224759344633,0.24067093141755863,-1.594099885974817,-0.026658497255685663,-0.9575662563669859,1.7979021476736254,0.0,1.0,6
-0.23238707424607272,0.3432807143642219,0.6954428656516954,0.26857735118547,0.24773804512640876,0.6232191337005138,1.0929454957539153,0.34827712355168305,-0.646198651546766,0.03210460432818127,-0.9649886301974224,0.0,1.0,5
-0.4595666803102463,-0.0169575988832069,0.5591961148307059,0.6971665943575275,-0.27910873404147235,2.1782560237203037,0.9864111752118707,0.15063174363497828,-0.4603366052594433,-0.23180762519053016,-0.8394026857487381,0.0,1.0,6
-0.38384014495552155,0.40332043323879313,-0.3264077655057283,-0.5434864779826392,-0.6215591405005949,-0.29828420853343557,-0.5228250324670942,-1.239701273710352,-1.0798767595505236,-1.2874565432653748,0.9606625180157319,0.0,1.0,6
0.22197213788227302,0.4633601521133647,-0.803271393379193,-0.8141744210386755,0.08968401137604433,-0.874223797429654,0.9508997350311892,-0.03338292042546203,-1.0179227441214143,-0.891588198987308,-0.9649886301974224,0.0,1.0,6
-0.4595666803102463,-0.31715619325606453,0.8316896164726855,0.9001825516495549,-0.09471236133271399,1.8326922703825725,1.1284569359345968,0.801498425774557,-1.2657388058378465,-0.5616979120889191,-1.3836084450263693,0.0,1.0,5
0.6006048146558948,1.7842339673539374,-0.6670246425582032,-0.5886011351586452,0.9853235359614421,-1.4501633863258725,-1.446122477164814,0.5527378613965958,0.9026517341809336,0.296016833846892,0.37459477725520696,1.0,0.0,5
0.14624560252754895,-0.8575136631272077,-0.25828439009523335,0.9227398802375578,-0.25276639508307824,-0.06790837297494821,-0.34526783156368657,0.2801235442700581,-0.39838258983033387,-0.42974179732956375,-0.6300927783342647,0.0,1.0,7
1.6607763096220358,0.5233998709879362,-0.5307778917372133,-0.4983718208066331,0.932638858044654,-0.9318177563192758,-1.2330538360807248,1.1933815066439382,-0.21252054354301114,1.2856876945420592,-0.4626448524026866,1.0,0.0,6
-0.6867462863744191,-1.0976725386254935,-0.6670246425582032,-0.8367317496266786,-0.27910873404147235,-0.7014419207607885,-0.8601837141835688,-0.48660422264829817,2.3895481044795237,0.09808266170785913,-0.21147296350531794,0.0,1.0,6
-0.6110197510196944,-0.31715619325606453,-0.25828439009523335,1.3738864519976184,0.16871102825122655,2.06306810594106,0.96865545512153,0.9548439791582132,-2.0711410064162497,0.2300387764672141,-1.2998844820605802,0.0,1.0,5
-2.5799096702425275,-0.19707675550692147,-2.029492150768102,1.3738864519976184,-0.5425321236254129,-0.5862540029815447,-0.007909149847212065,-0.6876572815291069,3.256904320487036,-0.6276759694685969,1.5467302587762581,0.0,1.0,6
-0.913925892438592,-0.31715619325606453,-0.7351480179686981,-0.8367317496266786,-0.04202768341592585,0.6808130925901357,0.9508997350311892,-1.0556866096499498,0.592881657035392,-0.6936540268482748,0.458318740220996,0.0,1.0,6
-0.3081136096007975,1.7241942484793658,-1.8932453999471122,-0.8367317496266786,0.03699933345925637,-0.29828420853343557,0.32944953186926246,-0.6092806653552457,-0.33642857440122725,-0.9575662563669859,-0.2951969264711085,0.0,1.0,4
0.6006048146558948,-0.6173547876289218,-0.12203763927424371,2.806276817335811,-0.015685344457531777,0.7384070514797575,1.2349912564766414,1.7726869305378259,-1.0798767595505236,-0.23180762519053016,-1.132436556129002,0.0,1.0,6
-1.0653789631480408,-0.4972753498797788,-0.1901610146847387,-0.9044037353906876,-0.38447808987504845,0.2776553803627828,-0.238733511021642,-1.3828237902017722,0.8406977187518241,-0.36376373994988587,0.7094906291183647,0.0,1.0,7
1.9636824510409334,3.225187220343653,-0.46265451632671833,-0.5660438065706422,1.2487469255453825,0.2776553803627828,0.7200753738567592,2.215685195868388,1.1504677958973657,0.8898193502639927,0.542042703186785,1.0,0.0,5
0.14624560252754895,-1.0976725386254935,1.1723064935251601,-0.8592890782146816,-0.04202768341592585,-0.7014419207607885,0.6312967734050554,-0.9534562407274744,0.035295518173421,-0.42974179732956375,0.542042703186785,0.0,1.0,6
-1.5954647106311113,-0.19707675550692147,-0.12203763927424371,-0.9269610639786906,-0.5161897846670188,-0.12550233186457005,0.6668082135857369,-0.851225871805037,1.9558699964757689,0.164060719087537,-0.37892088943689756,0.0,1.0,6
-0.6867462863744191,-0.31715619325606453,-0.25828439009523335,-0.06978257763457546,0.06334167241765026,-0.12550233186457005,-0.5938479128284573,-1.4100852219144144,0.09724953360253041,0.164060719087537,1.7979021476736254,0.0,1.0,8
-0.5352932156649703,-0.9775931008763507,-0.1901610146847387,-0.7465024352746664,-0.5688744625838068,0.5080312159212702,0.5247624528630108,-0.6126883443193119,1.64609991933023,-0.23180762519053016,-0.044025037573739836,0.0,1.0,6
-0.3081136096007975,-0.5573150687543503,0.15045586236773625,2.0280489810497064,-0.647901479458989,0.9687828870382449,0.32944953186926246,0.23923139670107557,0.9026517341809336,-0.23180762519053016,1.3792823328446786,0.0,1.0,7
-0.15666053889134865,-0.7974739442526363,-0.25828439009523335,0.5618226228295093,0.35310740095998505,0.8535949692590012,1.252746976566982,0.7163064516725258,0.7167896878936081,0.09808266170785913,-0.9649886301974224,0.0,1.0,5
-0.38384014495552155,-0.0169575988832069,1.512923370577635,2.5468675385737765,-0.25276639508307824,0.7960010103693794,1.1817240962056192,1.4319190341296635,-1.1418307749796304,0.164060719087537,-1.4673324079921584,0.0,1.0,5
0.6006048146558948,-1.2777916952492079,-0.46265451632671833,-0.8818464068026846,-0.6215591405005949,-0.874223797429654,-0.5050693123767535,-1.3828237902017722,-1.5135548675542785,-0.9575662563669859,0.542042703186785,0.0,1.0,8
-0.23238707424607272,-0.6173547876289218,1.1723064935251601,-0.8367317496266786,-0.647901479458989,0.2776553803627828,0.5957853332243739,-0.4423043961152495,1.398283857613798,0.2300387764672141,0.12342288835783828,0.0,1.0,7
-1.4440116399216625,-0.257116474381493,-1.0757648950211727,-0.18256922057459063,-0.7269284963341711,0.3928432981420265,-0.25648923111198274,-1.362377716417262,0.4689736261771759,-1.1555004285060195,1.0443864809815224,0.0,1.0,8
1.0549640267842404,-0.6773945065034932,0.5591961148307059,-0.18256922057459063,-0.5688744625838068,-0.7590358796504103,-0.09668775029891588,0.06884744849701321,-0.5222906206885499,-0.03387345305149659,-0.7138167413000552,0.0,1.0,5
-0.38384014495552155,-1.0976725386254935,0.3548259885992209,-0.8367317496266786,-0.5425321236254129,0.8535949692590012,0.18740377114653634,-1.6554381073283098,-0.21252054354301114,-0.1658295678108523,1.5467302587762581,0.0,1.0,7
0.4491517439464459,1.3639559352319366,-1.5526285228946373,-0.6111584637466483,0.2213957061680147,0.220061421473161,-1.2330538360807248,-0.11175953659932314,1.4602378730429044,1.351665751921737,1.7979021476736254,1.0,0.0,8
-0.38384014495552155,-0.6773945065034932,-1.0076415196106776,-0.8367317496266786,0.11602635033443841,-0.9318177563192758,-0.25648923111198274,-0.6808419236009368,-0.9559687286923076,0.09808266170785913,-0.8812646672316334,0.0,1.0,5
-0.15666053889134865,1.6041148107302228,-0.3945311409162233,-0.7465024352746664,-0.14739703924950215,-0.29828420853343557,0.8266096943988038,0.034770658856200745,0.8406977187518241,0.4279729486062477,0.03969892539204922,0.0,1.0,4
-0.08093400353662458,-0.4972753498797788,0.014209111546746275,0.20090536542146095,-0.5161897846670188,0.5080312159212702,-0.30975639138300504,-0.37415081683362456,0.5309276416062852,-0.891588198987308,0.8769385550499428,0.0,1.0,6
-0.6110197510196944,-0.5573150687543503,0.014209111546746275,1.4190011091736248,-0.4898474457086247,2.2358499826099254,1.3770370171993676,0.41983838179741195,-0.5222906206885499,-0.23180762519053016,-0.2951969264711085,0.0,1.0,6
0.2976986732369971,-0.13703703663234995,1.7854168722196142,2.64837551721979,-0.17373937820789603,0.7384070514797575,0.8621211345794854,1.840840509819451,-0.4603366052594433,0.03210460432818127,-1.132436556129002,0.0,1.0,5
-1.2168320338574896,-0.31715619325606453,-1.825122024536617,-0.9495183925666938,-0.4898474457086247,-1.1045996329881413,-1.4993896374358362,-0.7149187132417871,0.8406977187518241,-1.2214784858856973,-1.132436556129002,0.0,1.0,5
-0.15666053889134865,-0.0169575988832069,-0.12203763927424371,-0.7239451066866635,-0.3054510729998664,0.7960010103693794,0.48925101268232934,-1.0556866096499498,-1.451600852125169,-0.5616979120889191,0.2071468513236288,0.0,1.0,6
-0.5352932156649703,0.40332043323879313,2.1941571246825844,1.5317877521136398,0.2213957061680147,2.005474147051438,1.9629757801806127,1.1252279273623134,-0.646198651546766,-0.1658295678108523,-1.3836084450263693,0.0,1.0,5
-1.1411054985027649,-1.2177519763746365,-0.12203763927424371,0.0881187224814458,-0.3054510729998664,-0.24069024964381375,-0.16771063066027894,0.06543976953290927,0.592881657035392,-0.5616979120889191,-1.0487125931632115,0.0,1.0,5
-0.5352932156649703,-0.5573150687543503,0.8998129918831804,0.6294946085935185,-0.2264240561246842,1.256752681486354,1.3060141368380045,0.4300614186896481,-0.15056652811390175,-0.03387345305149659,-1.216160519094791,0.0,1.0,5
0.2976986732369971,-0.7974739442526363,0.21857923777823088,-0.8592890782146816,-0.4108204288334425,-1.3349754685466286,-0.14995491056993818,-1.0556866096499498,-1.0179227441214143,-0.5616979120889191,0.6257666661525756,0.0,1.0,4
-0.3081136096007975,0.10312183886593582,-0.5307778917372133,-0.09233990622257862,-0.46350510675023066,-0.35587816742305745,0.16964805105619557,-1.226070557854012,0.28311157988985314,-1.2874565432653748,1.7141781847078363,0.0,1.0,7
-0.08093400353662458,-0.7374342253780647,0.014209111546746275,2.682211510101794,-0.015685344457531777,1.0839708048174885,0.7733425341277815,1.8067637201786384,0.9026517341809336,-1.0235443137466638,-0.7975407042658443,0.0,1.0,6
0.07051906717282422,-0.7374342253780647,0.3548259885992209,2.366408909869752,-0.2264240561246842,2.293443941499547,1.5723499381931159,1.5307417240880348,0.15920354903163708,1.5495999240607705,-0.9649886301974224,0.0,1.0,5
-0.0052074681818998474,-0.19707675550692147,0.9679363672936755,-0.0021105918705664113,-0.4371627677918366,-1.5653513041051161,-1.517145357526177,-1.3283009267764494,-1.1418307749796304,-0.03387345305149659,1.6304542217420472,0.0,1.0,4
1.2064170974936899,-1.0376328197509221,0.4229493640097159,-0.7239451066866635,-0.4371627677918366,0.5080312159212702,0.5957853332243739,-0.10153649970708697,-0.39838258983033387,0.8898193502639927,-0.2951969264711085,0.0,1.0,6
0.9035109560747924,1.6641545296047942,-1.3482583966631525,-0.7239451066866635,0.4057920788767728,0.45043725703164833,-1.215298115990384,0.18470853327579076,0.9646057496100402,2.341336612616904,1.0443864809815224,1.0,0.0,6
0.5248782793011707,-0.37719591213063575,0.6273194902412005,-0.6788304495106573,-0.33179341195826045,1.1415647637071105,0.6668082135857369,-0.37415081683362456,1.398283857613798,-0.29778568257020804,0.12342288835783828,0.0,1.0,8
0.5248782793011707,-1.0376328197509221,0.014209111546746275,-0.7690597638626695,-0.09471236133271399,0.9687828870382449,0.6312967734050554,0.10292423813782568,0.40701961074806925,1.4836218666810927,-0.7975407042658443,0.0,1.0,6
2.796674339942901,-0.13703703663234995,1.3766766197566451,-0.7239451066866635,1.9863324163804161,-0.7590358796504103,-1.2508095561710655,0.9684746950145532,0.3450655953189598,1.5495999240607705,0.7932145920841537,1.0,0.0,6
-0.3081136096007975,-1.2177519763746365,-0.9395181442001829,-0.8141744210386755,-0.25276639508307824,-0.010314414085326379,-0.4340464320153904,-0.9739023145119846,0.28311157988985314,0.03210460432818127,0.542042703186785,0.0,1.0,6
-1.5197381752763865,-1.1276923980627793,0.08233248695724127,-0.7690597638626695,-0.7532708352925652,-0.9894117152088977,-0.9844737548159541,-1.6179536387233933,0.4689736261771759,2.0114463257185147,1.1281104439473115,0.0,1.0,8
0.2976986732369971,0.883638184235365,0.08233248695724127,-0.7013877780986604,0.458476756793561,-0.1830962907541919,-0.5228250324670942,0.873059684020248,1.1504677958973657,0.296016833846892,-1.2998844820605802,1.0,0.0,5
0.7520578853653429,1.4840353729810796,-2.1657389015890915,-0.5660438065706422,0.958981197003048,-0.6438479618711667,-1.0022294749062948,1.9430708787418882,1.7080539347593366,0.757863235504637,-1.0487125931632115,1.0,0.0,6
-0.08093400353662458,-1.1577122575000651,0.15045586236773625,0.06556139389344265,-0.5952168015422008,0.16246746258353914,-0.1854663507506197,0.273308186341888,0.9026517341809336,-0.09985151043117445,-1.0487125931632115,0.0,1.0,7
1.2064170974936899,3.6754851119029386,-1.825122024536617,-0.7239451066866635,0.4848190957519551,-1.4501633863258725,-1.6947025584295847,0.5663685772529358,0.4689736261771759,-0.6276759694685969,-0.7975407042658443,1.0,0.0,4
0.6006048146558948,0.6434793087370793,0.28670261318872586,0.8550678944735489,-0.8059555132093533,1.1415647637071105,0.6490524934953962,-0.6126883443193119,-0.9559687286923076,-1.8812590596824752,1.7979021476736254,0.0,1.0,8
-1.1411054985027649,-0.37719591213063575,-0.12203763927424371,-0.25024120633859975,-0.8059555132093533,0.3352493392524047,-0.16771063066027894,-1.6588457862923758,0.22115756446074375,0.296016833846892,1.8397641291565208,0.0,1.0,6
0.14624560252754895,0.10312183886593582,0.15045586236773625,-0.7239451066866635,0.4848190957519551,-0.7014419207607885,-1.35734387671311,-0.40822760647443707,0.9646057496100402,2.275358555237226,2.55141781436573,1.0,0.0,7
-0.15666053889134865,-0.6773945065034932,0.6954428656516954,2.9416207888638293,-0.17373937820789603,0.2776553803627828,0.5247624528630108,1.840840509819451,-0.026658497255685663,-0.7596320842279527,-1.4673324079921584,0.0,1.0,5
-0.08093400353662458,-1.2777916952492079,-0.1901610146847387,2.366408909869752,0.19505336720962063,1.4871285170448414,0.018724430288299083,0.9786977319067894,-0.39838258983033387,-0.8256101416076306,-0.7138167413000552,0.0,1.0,7
-0.913925892438592,-0.37719591213063575,-0.46265451632671833,-0.7239451066866635,-0.38447808987504845,-1.277381509657007,-0.11444347038925665,-0.5445347650376869,-0.8940147132631981,0.09808266170785913,-1.2998844820605802,0.0,1.0,5
1.2064170974936899,1.0637573408590797,0.15045586236773625,-0.5209291493946361,0.8009271632526835,-0.35587816742305745,0.13413661087551404,1.2615350859255632,0.22115756446074375,0.49395100598592556,-0.8812646672316334,1.0,0.0,5
-0.5352932156649703,-0.5573150687543503,0.014209111546746275,1.1031985089415821,-0.3054510729998664,0.6232191337005138,0.24067093141755863,0.6345221565345608,-0.2744745589721178,-0.09985151043117445,-0.7975407042658443,0.0,1.0,6
0.6763313500106188,1.9043134051030803,2.6028973771455535,-0.6337157923346513,1.0906928917950183,-0.29828420853343557,0.2584266515078994,0.9207671895174007,-0.8940147132631981,-0.03387345305149659,-1.2998844820605802,1.0,0.0,5
0.5248782793011707,-1.0976725386254935,-0.12203763927424371,0.5392652942415064,-0.17373937820789603,1.6023164348240853,0.6668082135857369,0.5527378613965958,-0.646198651546766,-1.0895223711263415,-0.8812646672316334,0.0,1.0,6
-1.1411054985027649,0.7035190276116507,0.9679363672936755,-0.8141744210386755,-0.4371627677918366,0.04727954480429546,0.96865545512153,-0.4423043961152495,-0.5842446361176594,-0.42974179732956375,-1.4673324079921584,0.0,1.0,5
-0.15666053889134865,-0.43723563100520724,0.6273194902412005,3.0995220889798505,-0.38447808987504845,0.220061421473161,0.7555868140374408,1.9430708787418882,-1.6374628984124946,-0.23180762519053016,-1.216160519094791,0.0,1.0,5
-0.838199357083868,-0.37719591213063575,-0.46265451632671833,0.42647865130149126,-0.015685344457531777,0.7960010103693794,1.5368384980124343,0.3414617656235508,-0.21252054354301114,-0.891588198987308,-1.216160519094791,0.0,1.0,6
-0.5352932156649703,0.0430821199913643,0.4229493640097159,0.5392652942415064,-0.5425321236254129,-0.5862540029815447,1.4480598975607306,0.8935057578047583,1.5221918884720138,-0.36376373994988587,-1.216160519094791,0.0,1.0,6
-1.1411054985027649,-0.7374342253780647,-0.1901610146847387,-0.3404705206906119,-0.4371627677918366,-0.1830962907541919,0.5602738930436924,-1.5361693435854282,-0.33642857440122725,-1.1555004285060195,1.2955583698788895,0.0,1.0,6
-0.3081136096007975,-0.7374342253780647,-0.05391426386374872,0.29113467977347296,-0.5688744625838068,0.16246746258353914,0.9864111752118707,-0.919379451086662,0.09724953360253041,0.8238412928843148,1.7141781847078363,0.0,1.0,6
0.8277844207200683,0.883638184235365,0.28670261318872586,-0.7239451066866635,4.357142922635881,-1.3925694274362506,-1.747969718700607,1.1933815066439382,-0.2744745589721178,0.4279729486062477,-0.8812646672316334,1.0,0.0,6
0.22197213788227302,1.4239956541065082,1.649170121398625,-0.430699835042624,2.539521534506691,-1.4501633863258725,-1.7834811588812884,0.08929352228148557,-0.08861251268479507,3.2650294159323936,0.8769385550499428,1.0,0.0,6
0.4491517439464459,-0.37719591213063575,0.014209111546746275,0.9001825516495549,-0.5425321236254129,0.220061421473161,0.0098465702431287,0.23923139670107557,-0.33642857440122725,-0.9575662563669859,-0.21147296350531794,0.0,1.0,7
0.14624560252754895,-0.9775931008763507,-0.5307778917372133,-0.8141744210386755,-0.25276639508307824,-0.5286600440919229,-0.14995491056993818,-0.22762062137810068,1.8319619656175528,0.6918851781249591,-0.044025037573739836,0.0,1.0,7
-0.38384014495552155,0.40332043323879313,0.15045586236773625,0.9452972088255608,-0.2000817171662901,-0.06790837297494821,0.6312967734050554,0.7844600309541507,-0.026658497255685663,-0.1658295678108523,-1.216160519094791,0.0,1.0,5
-0.9896524277933161,-1.2177519763746365,-0.803271393379193,-0.7690597638626695,-0.4371627677918366,-0.24069024964381375,-0.007909149847212065,-1.1749553733927933,0.15920354903163708,-0.5616979120889191,0.7094906291183647,0.0,1.0,6
-0.6867462863744191,-0.43723563100520724,0.3548259885992209,0.6520519371815215,-0.25276639508307824,1.6023164348240853,1.785418579277205,0.3142003339108706,-0.21252054354301114,-0.36376373994988587,-0.8812646672316334,0.0,1.0,6
-1.2168320338574896,0.7035190276116507,-0.5307778917372133,-0.047225249046572514,-0.38447808987504845,-0.35587816742305745,-0.7536493936415242,-1.2601473474948244,0.40701961074806925,-1.0895223711263415,1.7141781847078363,0.0,1.0,6
-0.9896524277933161,-0.37719591213063575,0.49107273942021085,-0.8141744210386755,-0.674243818417383,0.9687828870382449,0.5780296131340331,-2.0916210147307397,-0.8940147132631981,0.6918851781249591,1.965350073605205,0.0,1.0,7
-0.15666053889134865,-0.31715619325606453,0.21857923777823088,-0.8141744210386755,-0.5425321236254129,0.6808130925901357,-0.09668775029891588,-1.1272478678956408,0.5309276416062852,0.5599290633656034,0.8769385550499428,0.0,1.0,6
0.14624560252754895,-0.07699731775777843,-0.3945311409162233,-0.5434864779826392,-0.4371627677918366,-0.06790837297494821,0.0098465702431287,-1.089763399290762,-0.9559687286923076,-0.09985151043117445,1.0443864809815224,0.0,1.0,7
-0.23238707424607272,-0.8575136631272077,-0.25828439009523335,-0.8592890782146816,-0.2264240561246842,0.3352493392524047,0.7910982542181223,-0.3059972375519618,-0.21252054354301114,-0.6936540268482748,-1.216160519094791,0.0,1.0,6
-0.6110197510196944,1.7241942484793658,-0.7351480179686981,-0.7690597638626695,0.6165307905439255,-1.0470056740985194,-1.4638781972551547,0.8151291416308971,2.203686058192201,0.8238412928843148,-0.6300927783342647,1.0,0.0,5
0.2976986732369971,1.3039162163573657,-1.3482583966631525,1.2159851518815974,1.0380082138782303,-0.4710660852023011,1.1107012158442562,1.2956118755663757,0.592881657035392,-0.5616979120889191,-1.216160519094791,0.0,1.0,4
-1.0653789631480408,-0.37719591213063575,0.21857923777823088,-0.6111584637466483,-0.09471236133271399,0.3352493392524047,-0.007909149847212065,-0.7149187132417871,0.3450655953189598,-0.23180762519053016,-0.2951969264711085,0.0,1.0,4
-0.7624728217291432,-1.0976725386254935,0.014209111546746275,-0.8818464068026846,-0.5425321236254129,2.5238197770580344,1.2349912564766414,-1.2056244840695396,-0.026658497255685663,-0.8256101416076306,0.37459477725520696,0.0,1.0,6
-0.5352932156649703,-0.30214626353742163,-0.8713947687896879,-0.8592890782146816,-0.4108204288334425,-0.010314414085326379,-0.06117631011823436,-0.6672112077446345,-1.451600852125169,-0.49571985470924124,-0.9649886301974224,0.0,1.0,6
0.2976986732369971,-0.6773945065034932,-0.1901610146847387,0.8099532372975426,-0.09471236133271399,2.005474147051438,0.5602738930436924,0.6140760827500505,-0.7081526669758754,-1.4194126580247306,-0.6300927783342647,0.0,1.0,6
-0.15666053889134865,2.624790031597938,-1.620751898305132,-0.6788304495106573,0.958981197003048,-1.1621935918777633,-1.6947025584295847,0.3755385552643633,1.0885137804682563,-0.42974179732956375,-0.4626448524026866,1.0,0.0,5
-1.0653789631480408,-0.13703703663234995,0.4229493640097159,-0.05850391334057399,-0.6215591405005949,-0.41347212631267927,-0.36302355165402733,-1.1919937682131996,1.2124218113264724,-0.7596320842279527,1.0443864809815224,0.0,1.0,7
1.2064170974936899,0.763558746486222,1.1723064935251601,-0.4758144922186301,0.7482424853358958,-0.7590358796504103,-0.07893203020857512,1.2615350859255632,0.40701961074806925,0.4279729486062477,-0.6300927783342647,1.0,0.0,5
-0.08093400353662458,2.2045119994759372,-2.1657389015890915,-0.7013877780986604,0.6165307905439255,-0.9318177563192758,-1.4106110369841325,0.9207671895174007,1.5221918884720138,0.09808266170785913,-0.9649886301974224,1.0,0.0,5
2.342315127814555,-0.43723563100520724,-0.5307778917372133,-0.6562731209226543,0.4057920788767728,-0.874223797429654,-1.446122477164814,0.3755385552643633,-0.026658497255685663,0.8238412928843148,1.8816261106394159,1.0,0.0,6
-0.913925892438592,-1.2177519763746365,-1.0076415196106776,0.1332333796574517,-0.5425321236254129,0.3928432981420265,0.22291521132721787,-0.26169741101891314,-1.0798767595505236,0.2300387764672141,-0.6300927783342647,0.0,1.0,6
-2.27700352882363,-1.0376328197509221,0.28670261318872586,-0.7239451066866635,-0.7269284963341711,3.6181049959608496,0.8266096943988038,-1.5361693435854282,2.637364166195956,2.341336612616904,1.2118344069131004,0.0,1.0,7
1.812229380331484,0.22320127661507888,0.6954428656516954,-0.7013877780986604,0.37944973991837877,-1.4501633863258725,-1.8012368789716293,0.7128987727084218,-0.4603366052594433,1.4176438093014148,-0.044025037573739836,1.0,0.0,6
-1.0653789631480408,-0.37719591213063575,-0.12203763927424371,-0.25024120633859975,-0.8059555132093533,0.3352493392524047,-0.16771063066027894,-1.6588457862923758,0.22115756446074375,0.296016833846892,1.8397641291565208,0.0,1.0,6
-0.3081136096007975,-0.9175533820017792,2.6710207525560485,2.8175554816298125,-0.38447808987504845,-0.5286600440919229,-0.007909149847212065,1.1388586432186156,-2.318957068132682,-0.23180762519053016,-0.8812646672316334,0.0,1.0,6
-0.38384014495552155,-0.07699731775777843,0.15045586236773625,0.35880666553748203,0.27408038408480284,0.2776553803627828,0.7378310939471,0.3142003339108706,-0.7081526669758754,-0.36376373994988587,-1.0487125931632115,0.0,1.0,6
3.023853946007073,1.964353123977652,1.58104674598813,-0.6111584637466483,0.7219001463775018,-1.3925694274362506,-1.8012368789716293,1.8749172994602634,-0.33642857440122725,1.1537315797827035,-0.8812646672316334,1.0,0.0,6
0.6006048146558948,2.384631156099652,-0.7351480179686981,-0.22768387775059673,-0.17373937820789603,-0.35587816742305745,0.32944953186926246,-0.10835185763525704,-1.0179227441214143,-1.0235443137466638,-0.7138167413000552,0.0,1.0,5
1.282143632848414,1.4840353729810796,1.240429868935655,-0.6788304495106573,7.386511902851196,-0.1830962907541919,-0.5938479128284573,0.648152872390863,-1.1418307749796304,7.091756743953706,-0.8812646672316334,1.0,0.0,6
-0.6867462863744191,-0.6773945065034932,-0.05391426386374872,-0.7916170924506725,-0.9113248690429295,-1.1045996329881413,-0.5760921927381165,-1.8053759817478996,0.4689736261771759,-0.891588198987308,1.965350073605205,0.0,1.0,7
-0.23238707424607272,-0.6173547876289218,0.49107273942021085,-0.8367317496266786,0.16871102825122655,-0.7014419207607885,0.38271669214028475,-0.5786115546784993,0.5309276416062852,-0.36376373994988587,-0.1277490005395289,0.0,1.0,7
-0.0052074681818998474,0.2832409954896504,1.512923370577635,-0.8141744210386755,2.644890890340267,0.220061421473161,0.3116938117789217,-0.0027138097487156717,-0.7081526669758754,-0.03387345305149659,-1.2998844820605802,0.0,1.0,6
-0.838199357083868,0.22320127661507888,-0.803271393379193,0.35880666553748203,-0.6215591405005949,-0.29828420853343557,0.4004724122306255,-0.23784365827033685,0.4689736261771759,1.0217754650233477,-0.1277490005395289,0.0,1.0,6
-0.3081136096007975,-0.6773945065034932,-0.05391426386374872,-0.4983718208066331,-0.25276639508307824,0.565625174810892,0.13413661087551404,-1.1033941151470643,-1.0179227441214143,0.6918851781249591,0.29087081428941786,0.0,1.0,7
1.5093232389125861,0.5233998709879362,1.3766766197566451,-0.6111584637466483,0.6955578074191077,-0.9318177563192758,-1.6236796780682217,1.0570743480806883,0.7787437033227175,0.49395100598592556,0.6257666661525756,1.0,0.0,6
1.357870168203138,2.084432561726794,-2.1657389015890915,-0.5886011351586452,0.8272695022110776,-0.6438479618711667,-1.35734387671311,1.5341494030521008,0.7787437033227175,0.4279729486062477,-1.0487125931632115,1.0,0.0,5
1.357870168203138,-0.5873349281916361,0.4229493640097159,0.20090536542146095,-0.3054510729998664,1.256752681486354,0.7910982542181223,0.17107781741945063,-1.8233249446998174,-1.2214784858856973,-0.2951969264711085,0.0,1.0,6
0.6763313500106188,-1.0376328197509221,-0.7351480179686981,-0.7690597638626695,-0.5425321236254129,-0.35587816742305745,0.08086945060449176,-0.18332079484505204,-0.2744745589721178,-0.09985151043117445,-0.37892088943689756,0.0,1.0,6
-0.6110197510196944,-0.7974739442526363,-0.25828439009523335,0.20090536542146095,-0.25276639508307824,-0.06790837297494821,-0.238733511021642,-0.5854269126066695,-0.4603366052594433,-0.891588198987308,0.37459477725520696,0.0,1.0,6
0.5248782793011707,-0.6173547876289218,0.5591961148307059,-0.7690597638626695,-0.015685344457531777,-1.1045996329881413,-1.5881682378875401,0.7503832413133383,0.592881657035392,2.2093804978575484,-1.5510563709579488,1.0,0.0,6
-0.3081136096007975,-1.0376328197509221,2.8753908787875333,-0.5886011351586452,-0.09471236133271399,1.7750983114929506,1.19947981629596,0.273308186341888,2.51345613533774,1.4836218666810927,-0.044025037573739836,0.0,1.0,6
0.14624560252754895,-0.8575136631272077,0.3548259885992209,-0.8592890782146816,-0.7532708352925652,-0.12550233186457005,-0.45180215210573116,-1.082948041362592,-0.5222906206885499,0.49395100598592556,1.0443864809815224,0.0,1.0,6
0.5248782793011707,-0.9175533820017792,0.6954428656516954,-0.7690597638626695,0.010656994500862296,-0.7014419207607885,-1.4993896374358362,-0.1696900789887119,0.40701961074806925,1.0217754650233477,0.542042703186785,1.0,0.0,6
-0.838199357083868,-0.7374342253780647,0.5591961148307059,-0.7126664423926619,-0.674243818417383,-0.29828420853343557,-0.06117631011823436,-1.6486227494001395,-1.2037847904087398,-1.5513687727840861,1.0443864809815224,0.0,1.0,7
0.7520578853653429,-0.257116474381493,0.8316896164726855,1.667131723641658,-0.35813575091665456,1.256752681486354,0.7023196537664185,0.007509227143520503,-1.1418307749796304,-1.3534346006450526,1.2118344069131004,0.0,1.0,6
-1.2168320338574896,-0.43723563100520724,0.3548259885992209,-0.9269610639786906,-0.8322978521677473,-1.1045996329881413,-1.1620309557193618,-2.060951904053993,0.40701961074806925,-1.3534346006450526,2.132797999536783,0.0,1.0,6
-0.6867462863744191,-0.6773945065034932,-0.6670246425582032,2.806276817335811,-0.06837002237431992,0.6808130925901357,0.6490524934953962,1.3739884917402747,-0.646198651546766,0.4279729486062477,-1.0487125931632115,0.0,1.0,6
-0.4595666803102463,3.7055049713402237,-2.1657389015890915,-0.7239451066866635,0.6692154684607136,-1.4501633863258725,-1.747969718700607,-0.3059972375519618,1.7080539347593366,-0.6276759694685969,1.1281104439473115,1.0,0.0,6
-0.23238707424607272,-0.6773945065034932,0.15045586236773625,-0.5209291493946361,-0.647901479458989,-0.35587816742305745,0.11638089078517329,-1.4646080853397372,-0.5222906206885499,-1.0235443137466638,1.5467302587762581,0.0,1.0,7
0.5248782793011707,1.4239956541065082,-0.5989012671477081,-0.6111584637466483,0.5111614347103491,-0.41347212631267927,-0.36302355165402733,0.8049061047386231,-0.08861251268479507,0.296016833846892,-0.8812646672316334,1.0,0.0,6
-0.4595666803102463,-0.43723563100520724,0.08233248695724127,-0.8141744210386755,-0.38447808987504845,-0.35587816742305745,1.2172355363863006,-0.8001106873438183,0.40701961074806925,-0.49571985470924124,0.12342288835783828,0.0,1.0,5
-0.3081136096007975,-0.7374342253780647,-0.1901610146847387,0.8776252230615519,-0.27910873404147235,2.9845714481750094,1.3060141368380045,0.3414617656235508,0.4689736261771759,-0.6276759694685969,-0.21147296350531794,0.0,1.0,6
-0.913925892438592,-0.7374342253780647,-0.46265451632671833,1.3738864519976184,-0.015685344457531777,4.712390214863665,1.1107012158442562,0.5459225034684256,-0.8940147132631981,-1.1555004285060195,-0.9649886301974224,0.0,1.0,6
-0.3081136096007975,-1.1577122575000651,0.6273194902412005,1.7799183665816731,-0.33179341195826045,2.8405865509509547,1.2172355363863006,0.9957361267271957,0.09724953360253041,1.6155779814404485,-0.2951969264711085,0.0,1.0,6
-1.1411054985027649,1.5440750918556512,-2.1657389015890915,-0.8141744210386755,0.16871102825122655,-1.1045996329881413,-1.7124582785199254,-0.8818949824817833,1.398283857613798,0.164060719087537,1.3792823328446786,1.0,0.0,6
0.22197213788227302,0.3432807143642219,4.646598639460402,3.268702053389873,-0.4108204288334425,0.16246746258353914,0.5957853332243739,1.0911511377215009,0.09724953360253041,-1.0235443137466638,1.2118344069131004,0.0,1.0,6
-0.15666053889134865,-0.6173547876289218,0.21857923777823088,-0.7916170924506725,-0.12105470029110807,1.1991587225967322,0.24067093141755863,-0.13561328934789943,1.1504677958973657,0.3619948912265698,-0.1277490005395289,0.0,1.0,7
-0.15666053889134865,0.10312183886593582,0.014209111546746275,1.1370345018235868,-0.3054510729998664,0.3928432981420265,0.2939380916885809,-0.33325866926464204,-0.8320606978340915,-1.3534346006450526,0.9606625180157319,0.0,1.0,8
-0.5352932156649703,-0.31715619325606453,-0.46265451632671833,-0.5660438065706422,2.249755805964356,-1.277381509657007,-0.06117631011823436,-0.6126883443193119,-1.3896468366960626,-0.6276759694685969,-0.5463688153684757,0.0,1.0,4
1.357870168203138,1.4239956541065082,-0.46265451632671833,-0.4983718208066331,0.4848190957519551,-1.219787550767385,-0.1854663507506197,1.1218202483982094,0.035295518173421,0.2300387764672141,-0.7138167413000552,1.0,0.0,5
-0.0052074681818998474,-1.5779902896220652,1.1723064935251601,-0.8367317496266786,-0.17373937820789603,-0.7014419207607885,0.5957853332243739,0.0006938692153882753,1.4602378730429044,-0.6276759694685969,-0.2951969264711085,0.0,1.0,6
0.37342520859172185,-0.43723563100520724,1.1723064935251601,-0.27279853492660283,-0.5161897846670188,0.9111889281486231,0.43598385241130705,-1.1374709047878768,-1.1418307749796304,-1.0235443137466638,0.8769385550499428,0.0,1.0,6
0.7520578853653429,-0.4972753498797788,0.8316896164726855,-0.8367317496266786,-0.27910873404147235,-1.3349754685466286,-0.8069165539125465,-0.03338292042546203,-0.5222906206885499,0.5599290633656034,-0.2951969264711085,0.0,1.0,4
0.4491517439464459,1.123797059733651,-1.8932453999471122,-0.7465024352746664,0.5111614347103491,-0.7590358796504103,-1.4816339173454955,0.648152872390863,0.6548356724645014,0.164060719087537,-0.4626448524026866,1.0,0.0,6
-0.3081136096007975,1.964353123977652,-0.12203763927424371,1.802475695169676,6.148421971806675,-0.4710660852023011,1.3947927372897082,1.3296886652071882,-0.8940147132631981,0.8898193502639927,-1.2998844820605802,0.0,1.0,4
0.37342520859172185,-0.19707675550692147,-0.3945311409162233,0.6294946085935185,-0.674243818417383,-0.41347212631267927,-0.4340464320153904,-0.03338292042546203,-0.5842446361176594,-0.23180762519053016,-0.1277490005395289,0.0,1.0,5
-0.6110197510196944,-0.7374342253780647,0.014209111546746275,1.5769024092896458,0.24773804512640876,1.5447224759344633,0.7733425341277815,1.6023029823337258,2.327594089050417,-0.6936540268482748,-1.2998844820605802,0.0,1.0,6
0.6006048146558948,-0.43723563100520724,-0.46265451632671833,3.1784727390378613,-0.3054510729998664,1.1415647637071105,1.6611285386448198,2.0487089266284295,-1.0798767595505236,-0.23180762519053016,-1.132436556129002,0.0,1.0,6
-0.38384014495552155,-0.4972753498797788,-0.3945311409162233,-0.22768387775059673,0.5901884515855313,0.3064523598075937,1.803174299367546,0.3755385552643633,0.5309276416062852,0.9557974076436706,-0.8812646672316334,0.0,1.0,5
-0.15666053889134865,-0.8575136631272077,0.3548259885992209,-0.6788304495106573,-0.7005861573757771,-0.24069024964381375,0.38271669214028475,-0.4423043961152495,0.3450655953189598,0.49395100598592556,-0.2951969264711085,0.0,1.0,6
-0.838199357083868,-0.4972753498797788,-0.25828439009523335,-0.7465024352746664,-0.35813575091665456,-0.35587816742305745,-0.29200067129266427,-1.8121913396760698,-0.5222906206885499,-0.6276759694685969,1.6304542217420472,0.0,1.0,6
-0.838199357083868,-1.0976725386254935,-0.1901610146847387,0.2234626940094639,-0.7005861573757771,-0.06790837297494821,0.5247624528630108,0.08247816435331551,2.823226212483281,-0.49571985470924124,0.12342288835783828,0.0,1.0,6
-0.9896524277933161,-0.257116474381493,-0.5989012671477081,-0.18256922057459063,-0.4898474457086247,0.6808130925901357,0.08086945060449176,-0.7149187132417871,-0.4603366052594433,-0.23180762519053016,0.37459477725520696,0.0,1.0,5
-1.0653789631480408,-0.257116474381493,0.08233248695724127,-0.3404705206906119,-0.6215591405005949,-0.29828420853343557,0.027602290333469462,-1.3385239636687234,-0.15056652811390175,-0.6276759694685969,0.9606625180157319,0.0,1.0,6
-0.7624728217291432,-0.13703703663234995,0.8998129918831804,-0.4758144922186301,-0.7269284963341711,0.3928432981420265,-0.36302355165402733,-1.5395770225495322,0.15920354903163708,0.4279729486062477,1.5467302587762581,0.0,1.0,6
0.9792374914295164,1.9043134051030803,-0.803271393379193,-0.6562731209226543,1.0643505528366244,-0.41347212631267927,-0.02566486993755283,0.9650670160504872,-0.5842446361176594,-0.36376373994988587,-1.132436556129002,1.0,0.0,5
-0.9896524277933161,-0.43723563100520724,-0.3264077655057283,-0.0021105918705664113,-0.5688744625838068,-0.9318177563192758,-0.30975639138300504,-1.3351162847046194,-0.7701066824049821,-1.3534346006450526,1.0443864809815224,0.0,1.0,7
-0.6110197510196944,0.2832409954896504,-0.7351480179686981,-0.8592890782146816,-0.4108204288334425,0.2776553803627828,0.38271669214028475,-0.7660338977030058,-0.4603366052594433,-0.49571985470924124,-0.2951969264711085,0.0,1.0,5
-0.6867462863744191,1.5440750918556512,0.8316896164726855,1.3513291234096154,-0.17373937820789603,1.1415647637071105,2.318090181987428,0.9207671895174007,-0.21252054354301114,0.2300387764672141,-1.0487125931632115,0.0,1.0,4
0.14624560252754895,-0.4972753498797788,0.3548259885992209,0.990411866001567,-0.25276639508307824,0.6808130925901357,0.5780296131340331,1.2615350859255632,1.4602378730429044,1.2197096371623812,-0.4626448524026866,0.0,1.0,5
0.14624560252754895,-1.4278909924356369,0.15045586236773625,1.6220170664656517,-0.17373937820789603,1.5447224759344633,0.5602738930436924,0.9548439791582132,-0.39838258983033387,-1.0895223711263415,-1.2998844820605802,0.0,1.0,6
2.0394089863956575,0.0430821199913643,1.58104674598813,-0.6562731209226543,0.14236868929283247,-1.4501633863258725,-1.7834811588812884,0.8866903998765882,0.22115756446074375,1.6815560388201263,0.03969892539204922,1.0,0.0,5
0.07051906717282422,1.2438764974827943,-2.0976155261785965,-0.7239451066866635,0.958981197003048,-1.219787550767385,-1.7657254387909478,0.21878532291660321,0.7787437033227175,0.296016833846892,0.37459477725520696,1.0,0.0,7
0.7520578853653429,0.2832409954896504,0.4229493640097159,-0.7916170924506725,0.03699933345925637,-1.1621935918777633,-1.517145357526177,0.5799992931092381,0.22115756446074375,1.351665751921737,-0.6300927783342647,1.0,0.0,5
-0.913925892438592,-0.19707675550692147,0.4229493640097159,-0.047225249046572514,-0.4371627677918366,0.6232191337005138,-0.238733511021642,-1.6418073914719695,0.09724953360253041,0.164060719087537,2.132797999536783,0.0,1.0,6
2.342315127814555,0.9436779031099366,0.6954428656516954,-0.6788304495106573,0.326765062001591,-0.5286600440919229,-1.1265195155386802,1.2615350859255632,-0.39838258983033387,1.2197096371623812,0.7932145920841537,1.0,0.0,6
-0.4595666803102463,2.2945715777877944,-0.803271393379193,0.6294946085935185,0.43213441783516693,-0.06790837297494821,-0.6293593530091388,1.0911511377215009,0.40701961074806925,0.03210460432818127,-1.132436556129002,1.0,0.0,5
2.1151355217503816,0.5834395898625077,1.1723064935251601,-0.5209291493946361,0.5375037736687432,-1.1045996329881413,-1.6947025584295847,0.6140760827500505,0.035295518173421,0.6259071207452813,0.8769385550499428,1.0,0.0,7
-0.5352932156649703,0.2832409954896504,0.21857923777823088,-0.7690597638626695,-0.2000817171662901,-1.1621935918777633,0.8798768546698261,0.22560068084477328,0.7787437033227175,-0.1658295678108523,-0.7138167413000552,0.0,1.0,5
-0.23238707424607272,-0.8575136631272077,1.240429868935655,1.125755837529585,-0.5425321236254129,2.754195612616522,0.9331440149408484,0.648152872390863,-0.4603366052594433,0.09808266170785913,-0.2951969264711085,0.0,1.0,6
-1.2168320338574896,-0.6773945065034932,-0.1901610146847387,-0.430699835042624,-0.8849825300845354,-0.6438479618711667,-0.45180215210573116,-1.301039495063807,0.15920354903163708,-0.1658295678108523,0.542042703186785,0.0,1.0,6
-0.23238707424607272,-0.9775931008763507,0.4229493640097159,0.6971665943575275,-0.2000817171662901,0.7960010103693794,1.0929454957539153,0.4436921345459882,0.4689736261771759,0.03210460432818127,-0.6300927783342647,0.0,1.0,6
0.6763313500106188,0.22320127661507888,-0.25828439009523335,-0.6562731209226543,0.24773804512640876,-0.9894117152088977,-1.4993896374358362,0.7844600309541507,0.035295518173421,1.2856876945420592,-0.7138167413000552,1.0,0.0,7
-1.1411054985027649,0.40332043323879313,-0.7351480179686981,-0.7013877780986604,-0.2264240561246842,-0.010314414085326379,-0.04342059002789359,-1.0625019675780818,0.40701961074806925,0.09808266170785913,0.542042703186785,0.0,1.0,6
-0.23238707424607272,0.3432807143642219,0.7635662410621905,0.26857735118547,0.2213957061680147,0.6808130925901357,1.1284569359345968,0.34827712355168305,-0.7081526669758754,-0.03387345305149659,-0.9649886301974224,0.0,1.0,5
-0.838199357083868,-0.5573150687543503,-0.12203763927424371,-0.8592890782146816,-0.5425321236254129,0.6808130925901357,-0.1321991904795974,-1.1919937682131996,0.7167896878936081,0.164060719087537,0.2071468513236288,0.0,1.0,7
-1.2168320338574896,-1.0076129603136363,-0.1901610146847387,-0.9495183925666938,-0.35813575091665456,-0.5862540029815447,-0.842427994093228,-1.151101620644217,0.3450655953189598,-0.36376373994988587,-0.5463688153684757,0.0,1.0,6
0.2976986732369971,-0.257116474381493,0.3548259885992209,-0.7690597638626695,0.8009271632526835,-0.1830962907541919,1.1107012158442562,-0.040198278353594255,-0.8320606978340915,-0.23180762519053016,-0.6300927783342647,0.0,1.0,5
1.282143632848414,1.4840353729810796,0.49107273942021085,-0.6111584637466483,1.0116658749198362,-1.4501633863258725,-1.6414353981585623,1.397842244488851,0.9026517341809336,0.296016833846892,-0.21147296350531794,1.0,0.0,5
-0.7624728217291432,-0.8575136631272077,1.1723064935251601,-0.7690597638626695,0.2213957061680147,-0.7590358796504103,0.50700673277267,-0.27192044791114933,-0.026658497255685663,-0.09985151043117445,-1.132436556129002,0.0,1.0,6
-0.6867462863744191,-0.7374342253780647,-0.3264077655057283,-0.11489723481058156,-0.5425321236254129,2.9269774892853873,0.7555868140374408,-0.5786115546784993,-1.0798767595505236,1.4836218666810927,0.12342288835783828,0.0,1.0,7
-0.23238707424607272,-0.30214626353742163,-0.1901610146847387,0.26857735118547,-0.27910873404147235,-0.06790837297494821,1.9984872203612942,0.23923139670107557,0.40701961074806925,-0.03387345305149659,-0.37892088943689756,0.0,1.0,6
-0.5352932156649703,-0.07699731775777843,2.7391441279665436,-0.8818464068026846,0.11602635033443841,-1.3349754685466286,0.6490524934953962,-0.5104579753968744,-0.8320606978340915,0.2300387764672141,-0.8812646672316334,0.0,1.0,4
-0.3081136096007975,-0.4972753498797788,-0.1901610146847387,2.6934901743957957,-0.015685344457531777,1.0263768459278668,1.1462126560249377,1.8067637201786384,1.398283857613798,-0.891588198987308,-0.7975407042658443,0.0,1.0,5
-0.38384014495552155,-0.07699731775777843,0.28670261318872586,0.35880666553748203,-0.38447808987504845,0.220061421473161,0.027602290333469462,-1.1136171520393006,-1.5755088829833852,-1.4853907154044084,1.3792823328446786,0.0,1.0,8
-0.4595666803102463,0.40332043323879313,-0.5307778917372133,-0.024667920458569362,2.6712332292986614,0.9687828870382449,0.5247624528630108,0.07225512746107933,-0.33642857440122725,-0.29778568257020804,-0.9649886301974224,0.0,1.0,5
-0.6110197510196944,-0.37719591213063575,-1.0076415196106776,0.7422812515335337,-0.38447808987504845,1.7750983114929506,1.4303041774703897,0.4334690976537521,-0.026658497255685663,-0.49571985470924124,-0.9649886301974224,0.0,1.0,5
-0.7624728217291432,-0.6473746470662076,0.15045586236773625,-0.7013877780986604,-0.5425321236254129,-1.5077573452154942,0.04535801042381023,-1.4237159377707547,1.0885137804682563,-0.6276759694685969,1.3792823328446786,0.0,1.0,5
-0.4595666803102463,-0.9175533820017792,0.7635662410621905,1.3287717948216125,-0.3054510729998664,1.314346640375976,0.7023196537664185,1.029812916368008,1.8319619656175528,1.5495999240607705,-0.1277490005395289,0.0,1.0,6
-1.1411054985027649,0.6434793087370793,0.6954428656516954,-0.8818464068026846,-0.14739703924950215,1.7750983114929506,1.4658156176510713,-0.4423043961152495,-1.2657388058378465,-0.891588198987308,-1.2998844820605802,0.0,1.0,5
0.4491517439464459,1.814253826791223,-2.1657389015890915,-0.6788304495106573,0.6692154684607136,-1.277381509657007,-1.747969718700607,0.648152872390863,0.9646057496100402,0.3619948912265698,-0.6300927783342647,1.0,0.0,6
-0.0052074681818998474,1.574094951292937,-2.029492150768102,-0.7013877780986604,1.0380082138782303,-1.1621935918777633,-1.4816339173454955,0.17107781741945063,1.4602378730429044,-0.03387345305149659,1.0443864809815224,1.0,0.0,6
-0.23238707424607272,-0.0169575988832069,0.28670261318872586,-0.8141744210386755,-0.647901479458989,-0.9894117152088977,0.5425181729533516,-0.8035183663078844,-0.9559687286923076,-0.09985151043117445,-0.6300927783342647,0.0,1.0,5
-0.15666053889134865,1.3639559352319366,-2.1657389015890915,-0.6788304495106573,3.5141880759672706,-1.0470056740985194,-1.2330538360807248,0.7708293150978106,0.5309276416062852,0.4279729486062477,-0.9649886301974224,1.0,0.0,6
1.0549640267842404,0.883638184235365,-0.1901610146847387,-0.6788304495106573,1.4068009592957469,-0.6438479618711667,0.32944953186926246,0.9207671895174007,-1.8233249446998174,9.532944867001785,-0.6300927783342647,1.0,0.0,5
1.357870168203138,0.22320127661507888,0.6273194902412005,-0.5886011351586452,1.2224045865869884,-1.3925694274362506,-1.8545040392426515,0.5254764296839533,-0.5842446361176594,0.296016833846892,1.1281104439473115,1.0,0.0,7
-0.4595666803102463,3.0750879231572235,-2.029492150768102,-0.5886011351586452,0.14236868929283247,-0.874223797429654,-1.6236796780682217,0.6038530458578144,1.9558699964757689,0.4279729486062477,0.37459477725520696,1.0,0.0,6
0.14624560252754895,-0.37719591213063575,-0.12203763927424371,0.06556139389344265,-0.06837002237431992,0.7960010103693794,0.8266096943988038,-0.13561328934789943,-0.646198651546766,-0.36376373994988587,-0.21147296350531794,0.0,1.0,6
-0.0052074681818998474,-0.9775931008763507,0.8998129918831804,-0.13745456339858453,-0.27910873404147235,1.5447224759344633,0.9153882948505077,-0.0674597100662745,-0.5842446361176594,0.5599290633656034,0.542042703186785,0.0,1.0,6
-0.0052074681818998474,-0.6173547876289218,-0.3264077655057283,1.4415584377616277,-0.5952168015422008,0.565625174810892,1.0574340555732338,1.101374174613737,-0.15056652811390175,-0.6276759694685969,-1.2998844820605802,0.0,1.0,5
1.9636824510409334,1.9043134051030803,0.49107273942021085,-0.4081425064546209,0.6955578074191077,-0.5286600440919229,-0.9844737548159541,1.5000726134112883,0.9026517341809336,1.1537315797827035,0.7932145920841537,1.0,0.0,7
-0.913925892438592,-1.0976725386254935,-0.6670246425582032,-0.7690597638626695,-0.38447808987504845,0.3352493392524047,-0.14995491056993818,-1.362377716417262,0.09724953360253041,-1.4194126580247306,0.7094906291183647,0.0,1.0,6
3.3267600874259706,0.40332043323879313,1.512923370577635,-0.7916170924506725,1.0116658749198362,-0.4710660852023011,-1.304076716442088,0.9718823739786193,-1.2657388058378465,1.4836218666810927,-0.5463688153684757,1.0,0.0,7
0.7520578853653429,-0.9775931008763507,-0.25828439009523335,0.7873959087095397,-0.5688744625838068,0.6232191337005138,0.4537395725016478,0.23923139670107557,-1.1418307749796304,-1.0895223711263415,-0.37892088943689756,0.0,1.0,7
-0.23238707424607272,0.3432807143642219,-0.5307778917372133,-0.5660438065706422,0.6955578074191077,-0.010314414085326379,-1.2330538360807248,0.4777689241868007,0.22115756446074375,0.296016833846892,-0.4626448524026866,1.0,0.0,5
0.37342520859172185,0.22320127661507888,-0.5989012671477081,1.3062144662336095,-0.7005861573757771,-0.12550233186457005,-0.34526783156368657,-0.9739023145119846,-1.8233249446998174,-0.8256101416076306,2.55141781436573,0.0,1.0,6
-0.0052074681818998474,-1.0376328197509221,0.15045586236773625,0.3136920083614761,-0.38447808987504845,-0.8166298385400321,-0.06117631011823436,-0.5854269126066695,-1.451600852125169,-0.891588198987308,0.2071468513236288,0.0,1.0,6
0.07051906717282422,-0.9775931008763507,2.2622805000930795,-0.8141744210386755,-0.27910873404147235,-0.12550233186457005,0.7555868140374408,0.034770658856200745,0.6548356724645014,0.5599290633656034,-0.9649886301974224,0.0,1.0,6
0.37342520859172185,0.2832409954896504,-0.25828439009523335,-0.024667920458569362,-0.5688744625838068,0.3352493392524047,-0.09668775029891588,-0.919379451086662,-0.21252054354301114,0.296016833846892,1.3792823328446786,0.0,1.0,7
0.6006048146558948,2.924988625970795,-0.3264077655057283,-0.6788304495106573,0.6165307905439255,-1.1045996329881413,-0.913450874454591,0.6890450199598456,0.40701961074806925,-0.36376373994988587,-0.6300927783342647,1.0,0.0,4
0.5248782793011707,-0.8575136631272077,1.1723064935251601,-0.7690597638626695,-0.09471236133271399,-0.874223797429654,0.5247624528630108,-0.5104579753968744,-0.39838258983033387,-0.42974179732956375,-0.044025037573739836,0.0,1.0,5
-0.838199357083868,-0.6173547876289218,-0.3264077655057283,1.4641157663496307,-0.17373937820789603,1.1991587225967322,0.32944953186926246,0.08929352228148557,-0.026658497255685663,-1.0895223711263415,0.2071468513236288,0.0,1.0,6
0.6763313500106188,5.926974569699369,-2.1657389015890915,-0.7239451066866635,0.6692154684607136,-1.5653513041051161,-1.81899259906197,0.648152872390863,1.9558699964757689,-0.36376373994988587,0.29087081428941786,1.0,0.0,5
0.8277844207200683,-0.4972753498797788,0.3548259885992209,-0.8141744210386755,0.5111614347103491,-1.277381509657007,-1.6236796780682217,0.9889207687990256,0.22115756446074375,1.0877535224030255,-0.7975407042658443,1.0,0.0,6
-0.913925892438592,-0.37719591213063575,-0.3264077655057283,-0.6111584637466483,-0.14739703924950215,-0.41347212631267927,0.5780296131340331,-0.1696900789887119,0.035295518173421,0.8898193502639927,-0.21147296350531794,0.0,1.0,6
0.37342520859172185,3.4353262364046526,-1.3482583966631525,-0.6337157923346513,2.2760981449227504,-1.3349754685466286,-1.6236796780682217,0.648152872390863,0.7787437033227175,0.757863235504637,-0.2951969264711085,1.0,0.0,7
-0.7624728217291432,0.16316155774050736,-0.6670246425582032,0.7422812515335337,-0.8322978521677473,0.3352493392524047,1.803174299367546,0.648152872390863,0.6548356724645014,0.4279729486062477,-0.7975407042658443,0.0,1.0,6
-0.6110197510196944,-0.6173547876289218,-0.3264077655057283,-0.7916170924506725,-0.4371627677918366,0.2776553803627828,-0.16771063066027894,-1.825822055532372,-0.5842446361176594,-1.5513687727840861,1.5467302587762581,0.0,1.0,6
-0.08093400353662458,-0.0169575988832069,1.1723064935251601,-0.7916170924506725,-0.7796131742509592,-0.24069024964381375,0.2051594912368771,-1.532761664621362,0.4689736261771759,-1.3534346006450526,1.3792823328446786,0.0,1.0,7
0.14624560252754895,-0.257116474381493,-0.6670246425582032,-0.8141744210386755,-0.27910873404147235,-0.8166298385400321,0.364960972049944,-0.5786115546784993,-0.8940147132631981,1.5495999240607705,-0.1277490005395289,0.0,1.0,7
-1.5197381752763865,-0.5573150687543503,-0.5989012671477081,-0.8141744210386755,-0.25276639508307824,-0.5862540029815447,-0.6648707931898203,-1.529353985657296,0.592881657035392,0.5599290633656034,0.7094906291183647,0.0,1.0,5
-0.15666053889134865,-1.3378314141237795,0.014209111546746275,0.49415063706550033,0.03699933345925637,-0.4710660852023011,-0.45180215210573116,0.7163064516725258,0.40701961074806925,-1.0235443137466638,-1.132436556129002,0.0,1.0,6
0.7520578853653429,-0.07699731775777843,0.014209111546746275,-0.4983718208066331,0.27408038408480284,-1.5077573452154942,-1.81899259906197,0.07907048538924939,0.4689736261771759,1.4836218666810927,1.8816261106394159,1.0,0.0,7
1.282143632848414,0.8235984653607935,-0.5307778917372133,-0.4870931565126316,0.9853235359614421,0.2776553803627828,-0.14995491056993818,1.2615350859255632,-0.7701066824049821,-0.03387345305149659,-1.132436556129002,1.0,0.0,5
-0.15666053889134865,-1.1577122575000651,0.4229493640097159,2.321294252693746,-0.3054510729998664,1.3719405992655977,0.09862517069483252,1.0229975584398758,-0.2744745589721178,-0.7596320842279527,-0.6300927783342647,0.0,1.0,6
2.948127410652349,-0.9775931008763507,1.104183118114665,-0.7916170924506725,0.3004227230431969,-1.3349754685466286,-1.7657254387909478,0.9548439791582132,-0.026658497255685663,0.6918851781249591,-0.37892088943689756,1.0,0.0,6
-0.38384014495552155,0.3432807143642219,-0.6670246425582032,0.8550678944735489,-0.12105470029110807,-0.35587816742305745,-0.02566486993755283,0.4300614186896481,-0.026658497255685663,-0.5616979120889191,-0.9649886301974224,0.0,1.0,5
-0.4595666803102463,-0.9175533820017792,0.21857923777823088,-0.7916170924506725,-0.5161897846670188,0.3928432981420265,-0.1321991904795974,-1.512315590836852,-0.2744745589721178,0.9557974076436706,1.2118344069131004,0.0,1.0,7
-0.6110197510196944,0.16316155774050736,1.1723064935251601,1.8701476809336854,-0.3054510729998664,1.314346640375976,2.2825787418067462,1.2615350859255632,-0.5222906206885499,-0.36376373994988587,-1.718504296889527,0.0,1.0,6
-0.23238707424607272,0.10312183886593582,0.15045586236773625,-0.18256922057459063,-1.0166942248765056,1.5447224759344633,0.08086945060449176,-1.600915243902987,0.3450655953189598,-1.1555004285060195,1.7979021476736254,0.0,1.0,9
-0.08093400353662458,0.5233998709879362,0.6954428656516954,0.11067605106944875,0.37944973991837877,-0.12550233186457005,0.24067093141755863,0.9548439791582132,1.2124218113264724,1.1537315797827035,-0.044025037573739836,1.0,0.0,5
-0.913925892438592,-0.8575136631272077,0.4229493640097159,-0.8367317496266786,-0.5952168015422008,0.3928432981420265,-0.1854663507506197,-1.9927983247723682,-0.7081526669758754,-0.09985151043117445,1.7979021476736254,0.0,1.0,6
1.0549640267842404,-0.8575136631272077,0.6954428656516954,-0.7916170924506725,-0.4108204288334425,0.2776553803627828,0.18740377114653634,-0.6808419236009368,-0.7081526669758754,-0.29778568257020804,0.7094906291183647,0.0,1.0,7
-1.1411054985027649,-0.7974739442526363,-0.5307778917372133,-0.6111584637466483,-0.25276639508307824,1.717504352603329,1.3237698569283451,0.17107781741945063,2.637364166195956,1.2197096371623812,-0.37892088943689756,0.0,1.0,6
-0.0052074681818998474,-0.8575136631272077,0.4229493640097159,-0.9044037353906876,-0.5161897846670188,-0.5286600440919229,-0.7181379534608426,-0.919379451086662,-0.08861251268479507,-1.0895223711263415,0.37459477725520696,0.0,1.0,5
-0.7624728217291432,-0.43723563100520724,1.1723064935251601,-0.8141744210386755,-0.17373937820789603,-0.5862540029815447,-0.7181379534608426,-0.476381185756062,0.592881657035392,-0.6276759694685969,-0.6300927783342647,0.0,1.0,6
-0.838199357083868,-0.37719591213063575,-0.46265451632671833,1.7799183665816731,-0.06837002237431992,0.220061421473161,1.3237698569283451,1.1593047170031259,0.15920354903163708,-0.6936540268482748,-1.2998844820605802,0.0,1.0,4
-0.23238707424607272,0.2832409954896504,-0.6670246425582032,-0.16001189198658766,-0.7005861573757771,-1.1621935918777633,-0.22097779093130124,-0.5104579753968744,-1.3896468366960626,2.2093804978575484,0.8769385550499428,0.0,1.0,4
-0.3081136096007975,-0.4972753498797788,0.08233248695724127,-0.7916170924506725,-0.25276639508307824,0.7960010103693794,0.9331440149408484,-0.5786115546784993,-0.646198651546766,-0.6276759694685969,-0.044025037573739836,0.0,1.0,6
-0.7624728217291432,1.4239956541065082,-2.1657389015890915,-0.7690597638626695,0.2213957061680147,-1.277381509657007,-1.7124582785199254,0.7163064516725258,2.079778027333985,2.0114463257185147,-0.9649886301974224,1.0,0.0,5
-0.4595666803102463,-0.43723563100520724,1.3766766197566451,0.6971665943575275,-0.33179341195826045,1.314346640375976,1.5545942181027752,0.33464640769538073,-0.2744745589721178,-0.36376373994988587,-0.8812646672316334,0.0,1.0,5
-0.23238707424607272,-0.6773945065034932,0.014209111546746275,2.569424867161779,-0.3054510729998664,1.8326922703825725,0.6845639336760777,0.9207671895174007,-0.026658497255685663,-0.7596320842279527,-0.044025037573739836,0.0,1.0,5
3.6296662288448682,0.16316155774050736,3.0116376296085234,-0.18256922057459063,0.24773804512640876,-1.3349754685466286,-1.35734387671311,2.0112244580235132,-0.026658497255685663,0.4279729486062477,2.049074036570994,1.0,0.0,7
-0.38384014495552155,-0.5573150687543503,-1.2801350212526574,-0.8592890782146816,-0.4108204288334425,2.9269774892853873,1.0574340555732338,-0.851225871805037,-0.5222906206885499,-0.7596320842279527,-0.6300927783342647,0.0,1.0,5
-0.838199357083868,-1.0376328197509221,-0.7351480179686981,-0.7013877780986604,0.8799541801278657,0.7960010103693794,0.27618237159824016,-0.6638035287805306,-0.9559687286923076,-0.8256101416076306,-0.7138167413000552,0.0,1.0,5
0.22197213788227302,-0.257116474381493,0.014209111546746275,-0.8141744210386755,-0.647901479458989,0.04727954480429546,0.8266096943988038,-1.007979104152797,-1.6994169138416013,-0.7596320842279527,-0.044025037573739836,0.0,1.0,5
0.07051906717282422,-0.22709661494420724,0.49107273942021085,-0.8592890782146816,0.06334167241765026,-1.3349754685466286,-1.8367483191523108,-0.4048199275103331,0.40701961074806925,-0.09985151043117445,0.7932145920841537,1.0,0.0,6
-0.23238707424607272,0.8235984653607935,-0.803271393379193,-0.7013877780986604,0.6692154684607136,-1.219787550767385,-1.6236796780682217,0.46073052936639447,1.0265597650391496,-0.6936540268482748,-1.2580225005776848,1.0,0.0,4
-0.5352932156649703,-0.9775931008763507,1.104183118114665,2.930342124569828,-0.06837002237431992,1.4871285170448414,1.2172355363863006,2.004409100095381,-1.5135548675542785,0.49395100598592556,-1.718504296889527,0.0,1.0,6
-0.5352932156649703,-0.4972753498797788,0.014209111546746275,0.3700853298314837,0.06334167241765026,0.220061421473161,-0.1854663507506197,-0.6672112077446345,-0.2744745589721178,-0.7596320842279527,0.458318740220996,0.0,1.0,5
-0.23238707424607272,-0.19707675550692147,0.15045586236773625,0.5392652942415064,0.06334167241765026,0.3352493392524047,1.0574340555732338,0.6140760827500505,1.4602378730429044,0.5599290633656034,0.458318740220996,0.0,1.0,7
-0.38384014495552155,-0.37719591213063575,0.6954428656516954,-0.3404705206906119,-0.5688744625838068,0.7384070514797575,-0.16771063066027894,-1.4612004063756332,-0.2744745589721178,-1.0235443137466638,1.3792823328446786,0.0,1.0,6
0.6763313500106188,0.10312183886593582,1.8535402476301093,1.9378196666976941,-0.14739703924950215,1.717504352603329,0.3472052519596032,1.4864418975549483,-1.6374628984124946,-0.9575662563669859,-1.5510563709579488,0.0,1.0,5
1.282143632848414,-0.6173547876289218,0.49107273942021085,-0.7690597638626695,0.458476756793561,-1.5653513041051161,-1.8545040392426515,0.8457982523076056,-0.646198651546766,0.3619948912265698,-0.8812646672316334,1.0,0.0,6
-0.6110197510196944,-0.7374342253780647,0.4229493640097159,0.9227398802375578,-0.33179341195826045,0.2776553803627828,0.22291521132721787,-0.42185832233073933,-1.5755088829833852,-1.5513687727840861,0.37459477725520696,0.0,1.0,7
0.6006048146558948,-0.6173547876289218,1.104183118114665,0.40392132271348813,-0.25276639508307824,-0.9894117152088977,0.3472052519596032,0.5663685772529358,0.035295518173421,1.0877535224030255,-0.4626448524026866,0.0,1.0,5
-0.6867462863744191,-1.0976725386254935,0.5591961148307059,-0.7690597638626695,-0.6215591405005949,1.659910393713707,0.5957853332243739,-1.0556866096499498,1.3363298421846885,-0.03387345305149659,0.7094906291183647,0.0,1.0,5
0.6006048146558948,-0.7374342253780647,0.6954428656516954,2.1633929525777247,-0.33179341195826045,0.8535949692590012,0.8621211345794854,1.9771476683827007,-0.08861251268479507,1.0217754650233477,-1.634780333923738,0.0,1.0,7
0.22197213788227302,-0.43723563100520724,0.28670261318872586,0.44903597988949423,-0.5425321236254129,0.8535949692590012,0.8798768546698261,-0.2037668686295244,-1.2037847904087398,-1.3534346006450526,0.37459477725520696,0.0,1.0,5
-1.0653789631480408,-0.13703703663234995,-0.25828439009523335,-0.16001189198658766,-0.647901479458989,0.9111889281486231,0.0098465702431287,-1.7167763286817646,-0.39838258983033387,0.2300387764672141,2.049074036570994,0.0,1.0,8
-0.23238707424607272,-0.4972753498797788,-0.05391426386374872,0.44903597988949423,-0.46350510675023066,0.3928432981420265,1.0751897756635747,-0.25147437412667695,0.592881657035392,-0.29778568257020804,0.7094906291183647,0.0,1.0,6
-0.3081136096007975,-0.6173547876289218,0.3548259885992209,0.5505439585355079,-0.35813575091665456,1.659910393713707,1.3060141368380045,0.4402844555818843,-0.15056652811390175,-0.23180762519053016,-0.9649886301974224,0.0,1.0,6
-1.1411054985027649,-0.19707675550692147,-0.1901610146847387,0.5167079656535033,-0.17373937820789603,0.16246746258353914,0.50700673277267,-0.401412248546267,0.5309276416062852,-0.23180762519053016,0.43041075535653195,0.0,1.0,6
0.07051906717282422,0.8235984653607935,0.014209111546746275,-0.6562731209226543,0.14236868929283247,0.04727954480429546,-1.0732523552676578,0.9480286212300809,0.4689736261771759,0.757863235504637,-0.4626448524026866,1.0,0.0,7
-0.3081136096007975,-0.4972753498797788,0.7635662410621905,1.5205090878196381,-0.3054510729998664,1.314346640375976,1.4835713377414121,0.8185368205949632,0.22115756446074375,0.09808266170785913,-0.8812646672316334,0.0,1.0,5
-0.15666053889134865,-0.0169575988832069,-0.3945311409162233,1.1934278232935944,-0.4108204288334425,1.1991587225967322,0.9153882948505077,-0.2310283003421668,-0.8940147132631981,-1.2214784858856973,0.8769385550499428,0.0,1.0,6
-0.6110197510196944,-1.0976725386254935,-0.25828439009523335,-0.6337157923346513,-0.38447808987504845,0.16246746258353914,-0.3807792717443681,-1.0556866096499498,0.5309276416062852,-0.6936540268482748,0.458318740220996,0.0,1.0,6
-0.23238707424607272,0.883638184235365,-1.4845051474841422,-0.6111584637466483,0.458476756793561,-1.0470056740985194,-1.4993896374358362,0.4777689241868007,1.2124218113264724,0.296016833846892,-0.2951969264711085,1.0,0.0,6
-0.23238707424607272,-0.13703703663234995,-0.3945311409162233,0.7422812515335337,-0.09471236133271399,0.1048735036939173,1.1639683761152784,0.6822296620317133,0.15920354903163708,-0.1658295678108523,-1.132436556129002,0.0,1.0,6
1.1306905621389645,2.1444722806013656,-0.5307778917372133,-0.5660438065706422,4.4625122784694575,-1.4501633863258725,-1.7657254387909478,1.5682261926929133,0.592881657035392,0.4279729486062477,-1.2998844820605802,1.0,0.0,6
-0.4595666803102463,0.2832409954896504,0.49107273942021085,1.5543450807016428,0.010656994500862296,1.1991587225967322,1.8919528998192496,1.3671731338121045,0.22115756446074375,-0.1658295678108523,-1.3836084450263693,0.0,1.0,6
0.6006048146558948,-0.8575136631272077,-0.12203763927424371,0.6971665943575275,-0.5161897846670188,0.6808130925901357,0.27618237159824016,-0.2412513372344408,-0.7701066824049821,0.8898193502639927,1.0443864809815224,0.0,1.0,6
-0.0052074681818998474,1.1838367786082227,-0.3264077655057283,-0.5434864779826392,0.7219001463775018,-1.0470056740985194,-0.6471150730994796,0.648152872390863,1.0265597650391496,1.1537315797827035,0.37459477725520696,1.0,0.0,5
0.9792374914295164,0.763558746486222,-0.3264077655057283,-0.7013877780986604,0.03699933345925637,-0.7014419207607885,-1.35734387671311,0.2324160387729055,-0.39838258983033387,2.077424383098193,0.458318740220996,1.0,0.0,6
0.4491517439464459,-0.37719591213063575,1.1723064935251601,-0.8367317496266786,-0.27910873404147235,-0.1830962907541919,0.48925101268232934,-0.3059972375519618,-0.8320606978340915,0.3619948912265698,-0.2951969264711085,0.0,1.0,5
-0.15666053889134865,-0.6173547876289218,-0.5307778917372133,0.9001825516495549,-0.7005861573757771,0.6808130925901357,1.856441459638568,0.6345221565345608,1.5221918884720138,-0.49571985470924124,-0.2951969264711085,0.0,1.0,6
-0.3081136096007975,-0.9775931008763507,-0.7351480179686981,0.0881187224814458,-0.09471236133271399,0.220061421473161,-0.1854663507506197,-0.016344525605055792,0.4689736261771759,-0.6936540268482748,-0.9649886301974224,0.0,1.0,5
-0.6110197510196944,-0.5573150687543503,1.44479999516714,0.35880666553748203,-0.4898474457086247,1.659910393713707,2.1227772609936797,0.3414617656235508,-1.2037847904087398,-0.7596320842279527,-1.4673324079921584,0.0,1.0,5
0.2976986732369971,2.6848297504725096,-0.7351480179686981,-0.6111584637466483,0.8009271632526835,-0.5286600440919229,-0.8246722740028872,0.3414617656235508,-0.646198651546766,-0.6276759694685969,-1.132436556129002,1.0,0.0,5
-1.6711912459858353,-0.5272952093170645,-0.6670246425582032,-0.5209291493946361,-0.35813575091665456,0.9111889281486231,0.6845639336760777,-0.7217340711699194,3.256904320487036,1.4836218666810927,0.6257666661525756,0.0,1.0,6
-0.5352932156649703,0.5233998709879362,-0.25828439009523335,1.5769024092896458,-0.015685344457531777,-0.41347212631267927,1.0574340555732338,1.397842244488851,0.5309276416062852,0.09808266170785913,-1.0487125931632115,0.0,1.0,5
-1.2168320338574896,0.4633601521133647,0.15045586236773625,-0.5886011351586452,-0.9113248690429295,0.220061421473161,-0.30975639138300504,-1.8224143765683058,-0.026658497255685663,-1.0235443137466638,1.8816261106394159,0.0,1.0,7
-0.0052074681818998474,0.3432807143642219,-0.5307778917372133,0.7873959087095397,-0.04202768341592585,0.8535949692590012,0.6490524934953962,0.6004453668937483,-0.15056652811390175,-0.09985151043117445,-1.132436556129002,0.0,1.0,5
-0.0052074681818998474,-0.4972753498797788,0.8316896164726855,0.47159330847749714,-0.7796131742509592,-0.29828420853343557,0.2051594912368771,-0.5104579753968744,-1.2657388058378465,-1.2874565432653748,0.458318740220996,0.0,1.0,8
6.28009496626022,1.814253826791223,1.1723064935251601,-0.18256922057459063,1.0116658749198362,-1.1621935918777633,-1.6236796780682217,2.94833617314597,-1.8852789601289268,1.351665751921737,0.458318740220996,1.0,0.0,5
0.2976986732369971,0.3432807143642219,-0.3264077655057283,0.04300406530543969,-0.7005861573757771,0.1048735036939173,-0.238733511021642,-0.9466408827993044,-0.026658497255685663,0.5599290633656034,1.4630062958104693,0.0,1.0,7
-0.08093400353662458,1.123797059733651,-1.6888752737156272,-0.7465024352746664,0.37944973991837877,-0.874223797429654,-1.6059239579778808,0.2051546070602631,0.40701961074806925,0.8238412928843148,0.2071468513236288,1.0,0.0,6
-0.913925892438592,-0.4972753498797788,0.014209111546746275,-0.3404705206906119,-0.7532708352925652,-0.06790837297494821,-0.02566486993755283,-1.1238401889315746,1.0885137804682563,1.1537315797827035,1.4630062958104693,0.0,1.0,7
-0.7624728217291432,0.0430821199913643,-0.05391426386374872,-0.5434864779826392,-0.5425321236254129,0.3928432981420265,-0.39853499183470886,-1.744037760394407,0.28311157988985314,-0.03387345305149659,1.8816261106394159,0.0,1.0,7
-0.4595666803102463,-0.0169575988832069,-0.9395181442001829,0.3136920083614761,0.6692154684607136,0.9687828870382449,2.229311581535724,0.8866903998765882,1.2124218113264724,-0.36376373994988587,-1.132436556129002,0.0,1.0,5
0.4491517439464459,-0.43723563100520724,0.08233248695724127,-0.5886011351586452,-0.09471236133271399,0.3352493392524047,1.0751897756635747,-0.851225871805037,-0.15056652811390175,0.09808266170785913,0.37459477725520696,0.0,1.0,6
-0.6867462863744191,-0.37719591213063575,1.03605974270417,1.3964437805856214,-0.4371627677918366,1.7750983114929506,1.2172355363863006,0.48458428211497073,-0.646198651546766,-0.1658295678108523,-0.8812646672316334,0.0,1.0,6
0.5248782793011707,-0.9775931008763507,0.08233248695724127,-0.8592890782146816,-0.6215591405005949,-0.5862540029815447,-0.7536493936415242,-0.783072292523412,-0.646198651546766,-1.0235443137466638,-0.044025037573739836,0.0,1.0,7
0.6006048146558948,1.6041148107302228,0.4229493640097159,1.5994597378776487,6.43818770034901,-0.35587816742305745,1.874197179728909,1.636379771974538,-1.7613709292707107,-0.36376373994988587,-1.132436556129002,0.0,1.0,5
-0.6110197510196944,-0.7374342253780647,0.15045586236773625,-0.8141744210386755,-0.8849825300845354,1.4871285170448414,0.0098465702431287,-1.675884181112782,-0.2744745589721178,1.0877535224030255,0.9606625180157319,0.0,1.0,6
1.5850497742673118,2.2345318589132233,-0.5307778917372133,-0.6562731209226543,0.35310740095998505,-1.4501633863258725,-1.6769468383392439,0.7163064516725258,-0.646198651546766,0.3619948912265698,-0.5463688153684757,1.0,0.0,5
-0.0052074681818998474,-0.6173547876289218,-0.8713947687896879,0.6069372800055155,-0.3054510729998664,1.314346640375976,1.0929454957539153,0.4436921345459882,-0.33642857440122725,-1.0235443137466638,-0.8812646672316334,0.0,1.0,5
-0.6110197510196944,-0.37719591213063575,0.8998129918831804,0.8099532372975426,0.010656994500862296,0.9687828870382449,1.9274643399999312,0.6958603778880157,-0.39838258983033387,-0.1658295678108523,-1.216160519094791,0.0,1.0,5
-0.38384014495552155,2.1444722806013656,-1.620751898305132,-0.2840771992206043,0.27408038408480284,-1.277381509657007,-1.747969718700607,-0.39459689061809694,1.2743758267555818,-0.09985151043117445,1.7141781847078363,1.0,0.0,5
-0.38384014495552155,0.2832409954896504,-0.5307778917372133,-0.5209291493946361,-1.0430365638348997,-0.4710660852023011,-0.611603632918798,-1.2465166316384844,-1.2037847904087398,-1.0895223711263415,0.7932145920841537,0.0,1.0,5
-0.6867462863744191,-0.5573150687543503,0.8316896164726855,-0.7465024352746664,-0.8586401911261414,0.3352493392524047,0.027602290333469462,-1.754260797286681,-0.2744745589721178,-0.891588198987308,1.6304542217420472,0.0,1.0,6
0.07051906717282422,-0.37719591213063575,1.512923370577635,1.7799183665816731,-0.2000817171662901,1.8326922703825725,0.6668082135857369,1.3296886652071882,-1.0179227441214143,-0.5616979120889191,-1.216160519094791,0.0,1.0,6
-0.7624728217291432,0.6434793087370793,-0.803271393379193,-0.7690597638626695,0.326765062001591,-1.5653513041051161,-1.7657254387909478,0.4436921345459882,1.1504677958973657,0.164060719087537,-1.132436556129002,1.0,0.0,5
-1.2168320338574896,-0.07699731775777843,-0.25828439009523335,-0.8592890782146816,-0.674243818417383,0.16246746258353914,-0.30975639138300504,-1.1033941151470643,1.64609991933023,0.296016833846892,0.29087081428941786,0.0,1.0,6
-0.5352932156649703,-0.9775931008763507,-0.3945311409162233,-0.8141744210386755,-0.4108204288334425,0.565625174810892,0.4714952925919886,-0.13561328934789943,0.7167896878936081,1.2197096371623812,-0.8812646672316334,0.0,1.0,6
-0.15666053889134865,-0.9175533820017792,0.08233248695724127,0.29113467977347296,-0.647901479458989,0.6808130925901357,0.22291521132721787,-0.9125640931584919,0.5309276416062852,-1.0235443137466638,1.3792823328446786,0.0,1.0,6
-1.5197381752763865,0.10312183886593582,-2.029492150768102,-0.7690597638626695,-0.674243818417383,-0.35587816742305745,-0.1854663507506197,-1.669068823184612,1.3363298421846885,-1.2214784858856973,1.3792823328446786,0.0,1.0,6
1.812229380331484,0.9436779031099366,0.28670261318872586,-0.4983718208066331,1.5648549930461113,-0.24069024964381375,-1.0554966351773172,0.9275825474455707,-0.2744745589721178,0.9557974076436706,0.29087081428941786,1.0,0.0,5
0.22197213788227302,-0.07699731775777843,-0.25828439009523335,-0.024667920458569362,-0.38447808987504845,-0.5286600440919229,0.7200753738567592,-0.22080526344993062,0.8406977187518241,0.2300387764672141,0.29087081428941786,0.0,1.0,6
-0.4595666803102463,3.225187220343653,-1.8932453999471122,-0.6337157923346513,0.24773804512640876,-1.0470056740985194,-1.6769468383392439,0.6345221565345608,1.8939159810466595,0.164060719087537,-0.5463688153684757,1.0,0.0,5
-0.6110197510196944,-0.257116474381493,0.08233248695724127,0.04300406530543969,-0.17373937820789603,-0.010314414085326379,0.4004724122306255,-0.4968272595405343,0.22115756446074375,0.296016833846892,0.458318740220996,0.0,1.0,5
0.14624560252754895,-1.1276923980627793,0.15045586236773625,-0.6111584637466483,-0.3054510729998664,2.4950227976132235,1.7676628591868644,-0.37415081683362456,-0.2744745589721178,0.49395100598592556,-0.5463688153684757,0.0,1.0,7
-0.3081136096007975,0.5834395898625077,-0.803271393379193,2.479195552809767,0.2213957061680147,1.7750983114929506,1.270502696657323,1.479626539626778,-0.5842446361176594,-0.5616979120889191,-1.634780333923738,0.0,1.0,5
0.9035109560747924,-0.9175533820017792,0.7635662410621905,-0.6562731209226543,-0.12105470029110807,-0.5862540029815447,-0.1854663507506197,-0.1696900789887119,-2.318957068132682,-0.49571985470924124,-0.8812646672316334,0.0,1.0,5
0.9035109560747924,1.3039162163573657,-1.620751898305132,-0.6562731209226543,1.2750892645037766,-0.8166298385400321,-1.2508095561710655,0.4436921345459882,-0.5842446361176594,-0.09985151043117445,0.37459477725520696,1.0,0.0,5
-0.6867462863744191,-0.7974739442526363,-0.1901610146847387,1.5092304235256366,-0.2264240561246842,1.0839708048174885,0.5780296131340331,0.10973959606599575,-0.026658497255685663,-1.0235443137466638,0.2071468513236288,0.0,1.0,5
0.5248782793011707,-0.37719591213063575,0.6273194902412005,-0.024667920458569362,0.03699933345925637,0.04727954480429546,0.6845639336760777,0.7163064516725258,0.28311157988985314,-0.1658295678108523,-0.7138167413000552,0.0,1.0,6
-0.08093400353662458,0.5834395898625077,0.3548259885992209,-0.5209291493946361,-0.4108204288334425,0.2776553803627828,0.24067093141755863,-1.669068823184612,-0.9559687286923076,-0.6936540268482748,2.467693851399941,0.0,1.0,7
-0.4595666803102463,-0.6773945065034932,-0.803271393379193,1.4415584377616277,-0.33179341195826045,0.8535949692590012,0.2939380916885809,0.5254764296839533,-1.6374628984124946,-0.1658295678108523,-0.7138167413000552,0.0,1.0,6
-0.23238707424607272,-0.6173547876289218,0.21857923777823088,-0.9044037353906876,-0.12105470029110807,0.2776553803627828,0.5602738930436924,-0.5104579753968744,1.398283857613798,-0.6276759694685969,-0.4626448524026866,0.0,1.0,6
-0.838199357083868,-0.43723563100520724,-0.05391426386374872,-0.7916170924506725,-0.5688744625838068,-0.7590358796504103,-0.5583364726477758,-1.2737780633511646,0.592881657035392,-0.6276759694685969,0.458318740220996,0.0,1.0,7
0.9792374914295164,-1.0376328197509221,-0.05391426386374872,-0.9044037353906876,-0.8586401911261414,-0.9894117152088977,-0.41629071192504963,-0.5104579753968744,-2.6906811607073298,-1.0895223711263415,-0.37892088943689756,0.0,1.0,5
-0.3081136096007975,-0.9175533820017792,0.014209111546746275,0.5843799514175123,-0.2000817171662901,0.3928432981420265,-0.1321991904795974,-0.401412248546267,-0.646198651546766,-0.6276759694685969,0.12342288835783828,0.0,1.0,7
0.8277844207200683,-1.2177519763746365,0.28670261318872586,0.8550678944735489,-0.8059555132093533,-0.9894117152088977,-0.9667180347256134,0.3755385552643633,-0.5842446361176594,-1.2214784858856973,0.41645675873810223,0.0,1.0,5
-0.5352932156649703,-0.7374342253780647,-0.25828439009523335,-0.2953558635146058,0.06334167241765026,-0.06790837297494821,0.6490524934953962,-0.9296024879788981,0.035295518173421,-0.8256101416076306,1.2955583698788895,0.0,1.0,7
1.0549640267842404,-0.7374342253780647,0.08233248695724127,-0.8592890782146816,-0.674243818417383,0.45043725703164833,-0.34526783156368657,-0.7183263922058533,-2.442865098990898,-1.4853907154044084,-0.21147296350531794,0.0,1.0,5
-0.6110197510196944,1.964353123977652,-1.620751898305132,-0.6562731209226543,-0.3054510729998664,-0.6438479618711667,-1.1797866758097024,0.13700102777863815,1.64609991933023,-0.29778568257020804,0.7094906291183647,1.0,0.0,6
-0.3081136096007975,-0.9775931008763507,-0.25828439009523335,1.0806411803535791,-0.46350510675023066,-0.06790837297494821,-0.02566486993755283,-0.14924400520420172,-0.7081526669758754,-0.5616979120889191,0.29087081428941786,0.0,1.0,7
-0.38384014495552155,-1.0976725386254935,0.15045586236773625,-0.7690597638626695,-0.8059555132093533,-0.1830962907541919,-0.09668775029891588,-0.37415081683362456,0.7167896878936081,0.296016833846892,-0.37892088943689756,0.0,1.0,6
-0.3081136096007975,-0.37719591213063575,-1.0076415196106776,2.0054916524617035,-0.25276639508307824,1.0839708048174885,0.8443654144891446,1.2956118755663757,-0.08861251268479507,-0.1658295678108523,-1.2998844820605802,0.0,1.0,6
0.07051906717282422,-0.5573150687543503,0.6273194902412005,-0.7239451066866635,-0.5161897846670188,1.256752681486354,0.8976325747601669,-1.157916978572387,0.40701961074806925,-0.9575662563669859,1.3792823328446786,0.0,1.0,7
0.14624560252754895,-0.5573150687543503,0.3548259885992209,1.9152623381096912,0.08968401137604433,1.256752681486354,1.3770370171993676,1.0229975584398758,-1.3896468366960626,-0.6276759694685969,-1.216160519094791,0.0,1.0,5
0.07051906717282422,-0.4972753498797788,0.08233248695724127,2.8965061316878233,-0.2000817171662901,0.6520161131453248,1.4303041774703897,1.8749172994602634,-1.0179227441214143,-0.6276759694685969,-1.216160519094791,0.0,1.0,7
1.2064170974936899,-0.43723563100520724,0.9679363672936755,-0.6562731209226543,1.0116658749198362,-0.5862540029815447,-1.517145357526177,0.1301856698504681,0.22115756446074375,0.164060719087537,0.6257666661525756,1.0,0.0,6
-0.6110197510196944,-0.13703703663234995,0.21857923777823088,-0.047225249046572514,-0.7005861573757771,0.220061421473161,-0.238733511021642,-1.1238401889315746,0.8406977187518241,0.4279729486062477,1.6304542217420472,0.0,1.0,8
-0.4595666803102463,-0.7374342253780647,0.28670261318872586,0.11067605106944875,-0.7269284963341711,-0.010314414085326379,-0.16771063066027894,-0.8307797980205268,-0.15056652811390175,-0.42974179732956375,1.0443864809815224,0.0,1.0,6
-0.6867462863744191,-0.4972753498797788,-0.5307778917372133,0.49415063706550033,-0.46350510675023066,0.45043725703164833,1.0219226153925522,0.4436921345459882,1.64609991933023,0.6918851781249591,-0.7138167413000552,0.0,1.0,6
-0.23238707424607272,0.40332043323879313,-1.2120116458421626,1.2159851518815974,-0.5161897846670188,-0.7014419207607885,0.08086945060449176,0.5118457138276131,0.9646057496100402,-0.5616979120889191,-0.4626448524026866,0.0,1.0,5
-0.9896524277933161,-0.07699731775777843,0.014209111546746275,0.6971665943575275,-0.4898474457086247,-1.219787550767385,-1.4283667570744731,-1.157916978572387,-0.026658497255685663,-1.1555004285060195,1.7979021476736254,0.0,1.0,7
-0.7624728217291432,-0.257116474381493,-0.05391426386374872,-0.7690597638626695,-0.5688744625838068,0.565625174810892,-0.14995491056993818,-1.825822055532372,0.22115756446074375,-0.9575662563669859,1.965350073605205,0.0,1.0,7
-0.4595666803102463,-0.5573150687543503,0.21857923777823088,-0.4758144922186301,-0.5952168015422008,0.45043725703164833,0.11638089078517329,-1.5055002329087197,-0.21252054354301114,-0.891588198987308,1.8816261106394159,0.0,1.0,6
0.6006048146558948,-1.2177519763746365,1.1723064935251601,-0.7916170924506725,-0.5688744625838068,0.6808130925901357,0.09862517069483252,-0.5786115546784993,0.22115756446074375,-0.891588198987308,0.03969892539204922,0.0,1.0,7
-0.4595666803102463,-0.9175533820017792,0.6273194902412005,0.8776252230615519,-0.27910873404147235,1.1991587225967322,0.96865545512153,0.30738497598270054,-0.5222906206885499,0.2300387764672141,-0.6300927783342647,0.0,1.0,6
-0.5352932156649703,0.0430821199913643,-0.05391426386374872,1.170870494705591,0.326765062001591,1.6023164348240853,0.9864111752118707,0.8253521785231333,-0.2744745589721178,-0.29778568257020804,-0.9649886301974224,0.0,1.0,5
-0.6110197510196944,-0.07699731775777843,-0.25828439009523335,-0.8818464068026846,-0.4898474457086247,-0.010314414085326379,-0.07893203020857512,-0.9534562407274744,-0.646198651546766,-0.7596320842279527,-0.044025037573739836,0.0,1.0,6
0.2976986732369971,1.7241942484793658,-1.9613687753576068,-0.6788304495106573,0.6165307905439255,-0.1830962907541919,-1.2685652762614064,0.43687677661781815,1.3363298421846885,0.6918851781249591,0.29087081428941786,1.0,0.0,6
0.4491517439464459,-0.5573150687543503,-0.25828439009523335,0.49415063706550033,-0.4371627677918366,0.9111889281486231,1.1462126560249377,0.31079265494680447,-0.5222906206885499,0.4279729486062477,-0.37892088943689756,0.0,1.0,6
0.37342520859172185,3.7055049713402237,-0.803271393379193,-0.6788304495106573,-0.25276639508307824,-0.874223797429654,-0.9667180347256134,0.3414617656235508,0.8406977187518241,-0.6276759694685969,0.29087081428941786,1.0,0.0,5
-1.2168320338574896,-1.3378314141237795,-0.3945311409162233,-0.16001189198658766,-0.4898474457086247,-0.7014419207607885,-0.30975639138300504,0.09270120124558952,0.8406977187518241,-0.49571985470924124,-1.132436556129002,0.0,1.0,5
0.8277844207200683,-1.2177519763746365,0.8998129918831804,-0.7916170924506725,-0.46350510675023066,-0.7014419207607885,-0.29200067129266427,-0.8001106873438183,-1.2657388058378465,0.164060719087537,0.37459477725520696,0.0,1.0,6
-0.08093400353662458,2.0243928428522233,-2.1657389015890915,-0.6111584637466483,0.8009271632526835,-0.7590358796504103,-1.5704125177971993,1.1354509642545494,1.398283857613798,-0.03387345305149659,-0.8812646672316334,1.0,0.0,5
0.37342520859172185,-0.9775931008763507,0.21857923777823088,0.1783480368334578,-0.04202768341592585,-0.29828420853343557,0.5247624528630108,0.4300614186896481,0.09724953360253041,0.03210460432818127,-0.2951969264711085,0.0,1.0,6
1.357870168203138,0.3432807143642219,0.6273194902412005,-0.6788304495106573,0.03699933345925637,-0.874223797429654,-1.3218324365324285,-0.12198257349155932,-0.026658497255685663,0.4279729486062477,1.3792823328446786,1.0,0.0,6
-0.838199357083868,0.3432807143642219,-0.9395181442001829,0.9001825516495549,-0.14739703924950215,-0.09670535241975914,2.5666702632521985,0.648152872390863,-0.21252054354301114,-0.23180762519053016,-1.4673324079921584,0.0,1.0,5
-0.913925892438592,-0.43723563100520724,0.014209111546746275,-0.3179131921026088,-0.5688744625838068,0.3352493392524047,0.32944953186926246,-0.8001106873438183,0.035295518173421,-0.49571985470924124,0.2071468513236288,0.0,1.0,6
-0.6110197510196944,-1.2777916952492079,-0.25828439009523335,-0.9269610639786906,-0.3054510729998664,0.1048735036939173,-0.4873135922864127,-0.9364178459070681,1.5221918884720138,-0.09985151043117445,0.542042703186785,0.0,1.0,6
-0.9896524277933161,0.16316155774050736,-0.12203763927424371,-0.7916170924506725,-0.6215591405005949,0.2776553803627828,-0.34526783156368657,-1.5804691701185147,0.8406977187518241,0.164060719087537,1.2118344069131004,0.0,1.0,7
0.37342520859172185,-0.13703703663234995,2.0579103738615943,1.2610998090576033,-0.5425321236254129,1.4871285170448414,0.6845639336760777,1.1252279273623134,-0.5842446361176594,-0.6276759694685969,-1.3836084450263693,0.0,1.0,6
-0.838199357083868,-0.8575136631272077,0.15045586236773625,1.01296919458957,-0.4108204288334425,0.45043725703164833,1.5368384980124343,0.17107781741945063,-0.5222906206885499,-0.6276759694685969,-0.37892088943689756,0.0,1.0,3
-0.4595666803102463,-1.0376328197509221,-0.3945311409162233,0.5392652942415064,-0.12105470029110807,0.8535949692590012,0.24067093141755863,-0.21058222655769443,-0.39838258983033387,-1.0895223711263415,-0.4626448524026866,0.0,1.0,6
-0.913925892438592,-0.0169575988832069,-0.1901610146847387,0.24602002259746686,-0.27910873404147235,-0.06790837297494821,0.3472052519596032,0.04158601678433298,1.5841459039011205,0.2300387764672141,0.12342288835783828,0.0,1.0,6
0.5248782793011707,1.003717621984508,-0.46265451632671833,-0.4758144922186301,0.5375037736687432,-0.5286600440919229,-1.2330538360807248,0.9889207687990256,1.64609991933023,2.8031830142746483,1.2955583698788895,1.0,0.0,6
0.7520578853653429,-0.37719591213063575,1.9216636230406043,-0.453257163630627,1.2487469255453825,-1.1621935918777633,-1.6414353981585623,1.2887965176382057,1.0265597650391496,0.9557974076436706,0.03969892539204922,1.0,0.0,5
1.0549640267842404,2.0544127022895093,-1.4845051474841422,-0.7690597638626695,0.932638858044654,-1.5653513041051161,-1.81899259906197,1.0059591636194318,0.5309276416062852,0.757863235504637,-0.8394026857487381,1.0,0.0,6
-0.7624728217291432,-0.31715619325606453,-0.3945311409162233,1.825033023757679,-0.27910873404147235,1.4295345581552197,1.5901056582834567,1.0059591636194318,-0.39838258983033387,-0.8256101416076306,-0.7975407042658443,0.0,1.0,6
-0.6110197510196944,-1.1577122575000651,-0.46265451632671833,0.6294946085935185,-0.17373937820789603,-0.9894117152088977,-0.8246722740028872,-0.19013615277318427,-0.39838258983033387,-0.891588198987308,-0.5463688153684757,0.0,1.0,6
0.22197213788227302,-0.0169575988832069,-0.25828439009523335,-0.22768387775059673,-0.7532708352925652,0.9111889281486231,-0.25648923111198274,-1.675884181112782,-0.15056652811390175,-0.23180762519053016,2.216521962502572,0.0,1.0,7
0.6006048146558948,1.6641545296047942,0.08233248695724127,-0.5209291493946361,0.8272695022110776,-0.8166298385400321,-1.375099596803451,0.9207671895174007,0.5309276416062852,0.296016833846892,0.12342288835783828,1.0,0.0,6
-0.8003360894065052,-0.7974739442526363,0.3548259885992209,-0.4081425064546209,-0.9376672080013234,-0.5862540029815447,-0.611603632918798,-1.2737780633511646,1.0265597650391496,-0.42974179732956375,1.2118344069131004,0.0,1.0,5
-1.8983708520500082,1.964353123977652,-1.5526285228946373,-0.9044037353906876,-0.9640095469597175,-1.4501633863258725,-1.8722597593329924,-2.4800964166360546,0.4689736261771759,-1.2874565432653748,2.55141781436573,0.0,1.0,5
0.37342520859172185,-0.37719591213063575,-0.1901610146847387,0.42647865130149126,-0.4108204288334425,-0.06790837297494821,0.8621211345794854,0.23923139670107557,1.3363298421846885,0.4279729486062477,-0.044025037573739836,0.0,1.0,6
0.7520578853653429,-0.7374342253780647,-0.12203763927424371,-0.7239451066866635,-0.25276639508307824,0.9687828870382449,1.252746976566982,-0.40822760647443707,-0.5842446361176594,-0.23180762519053016,-0.2951969264711085,0.0,1.0,6
0.6006048146558948,0.3432807143642219,0.08233248695724127,0.6069372800055155,-0.5952168015422008,-0.1830962907541919,-0.29200067129266427,-0.34007402719277424,-0.2744745589721178,-0.8256101416076306,1.3792823328446786,0.0,1.0,7
-0.4595666803102463,-0.7974739442526363,-0.1901610146847387,-0.7239451066866635,-0.8059555132093533,0.2776553803627828,0.24067093141755863,-0.9091564141944257,0.9026517341809336,-0.36376373994988587,0.542042703186785,0.0,1.0,6
-1.3682851045669377,2.384631156099652,-1.5526285228946373,-0.7465024352746664,0.8536118411694718,-0.8166298385400321,-1.5704125177971993,-0.16287472106054185,2.761272197054172,0.164060719087537,0.8769385550499428,1.0,0.0,6
0.22197213788227302,-0.9775931008763507,2.7391441279665436,1.035526523177573,-0.46350510675023066,1.314346640375976,0.6490524934953962,1.2001968645721084,-1.2037847904087398,-0.49571985470924124,-1.3836084450263693,0.0,1.0,5
-0.6867462863744191,-0.43723563100520724,-0.5989012671477081,-0.4758144922186301,-0.25276639508307824,-0.9894117152088977,-0.25648923111198274,-0.3059972375519618,0.3450655953189598,-0.6936540268482748,-0.6300927783342647,0.0,1.0,5
0.14624560252754895,-0.9175533820017792,-0.12203763927424371,-0.8141744210386755,0.010656994500862296,0.16246746258353914,0.364960972049944,-0.5104579753968744,-0.646198651546766,-0.23180762519053016,-0.7975407042658443,0.0,1.0,6
-0.5352932156649703,0.7035190276116507,0.6273194902412005,2.6596541815137913,0.7219001463775018,1.659910393713707,1.9097086199095905,1.636379771974538,-0.2744745589721178,0.296016833846892,-1.2998844820605802,0.0,1.0,5
-0.15666053889134865,-0.13703703663234995,-0.1901610146847387,0.5843799514175123,-0.8322978521677473,0.2776553803627828,0.16964805105619557,-0.9807176724401546,-0.4603366052594433,0.757863235504637,1.8816261106394159,0.0,1.0,7
3.2510335520712466,1.1838367786082227,2.6710207525560485,-0.13745456339858453,1.7755937047132635,-1.3925694274362506,-1.7657254387909478,1.3296886652071882,-1.3276928212669559,1.945468268338837,1.0443864809815224,1.0,0.0,7
1.0549640267842404,-0.9775931008763507,-0.25828439009523335,-0.9495183925666938,-0.647901479458989,-0.29828420853343557,-0.6471150730994796,-1.1783630523568593,-1.451600852125169,-1.0235443137466638,0.458318740220996,0.0,1.0,5
-0.08093400353662458,-1.1577122575000651,0.15045586236773625,-0.9044037353906876,-0.6215591405005949,-0.1830962907541919,-0.7358936735511834,-1.6213613176874972,0.09724953360253041,-0.8256101416076306,1.3792823328446786,0.0,1.0,6
4.084025440973214,0.40332043323879313,1.512923370577635,-0.4983718208066331,1.2224045865869884,-0.6438479618711667,-1.304076716442088,1.6670488826512846,-0.08861251268479507,1.4836218666810927,0.6257666661525756,1.0,0.0,6
0.8277844207200683,1.69417438904208,-0.803271393379193,-0.7916170924506725,0.6165307905439255,-0.1830962907541919,0.08086945060449176,0.9207671895174007,-0.39838258983033387,3.858831932349494,-1.216160519094791,1.0,0.0,4
-0.23238707424607272,1.0637573408590797,-0.46265451632671833,-0.5434864779826392,0.6428731295023195,-1.1621935918777633,-1.375099596803451,0.801498425774557,1.4602378730429044,-0.23180762519053016,0.37459477725520696,1.0,0.0,5
-1.3682851045669377,-0.6173547876289218,-0.9395181442001829,-0.6111584637466483,-0.17373937820789603,-0.4710660852023011,0.5425181729533516,-0.8273721190564607,0.09724953360253041,-0.49571985470924124,-0.21147296350531794,0.0,1.0,5
-0.6110197510196944,-1.1577122575000651,0.28670261318872586,-0.7239451066866635,-0.5952168015422008,0.7384070514797575,0.6312967734050554,-0.783072292523412,1.2124218113264724,1.0217754650233477,0.37459477725520696,0.0,1.0,8
-0.5352932156649703,0.10312183886593582,-0.05391426386374872,-0.20512654916259376,0.11602635033443841,-0.5862540029815447,0.3472052519596032,0.08588584331741946,-0.2744745589721178,-0.5616979120889191,-1.2998844820605802,0.0,1.0,6
-0.6867462863744191,-0.257116474381493,-0.25828439009523335,-0.0021105918705664113,-0.38447808987504845,0.3352493392524047,0.9508997350311892,0.18811621223985686,-0.026658497255685663,1.0217754650233477,-0.8812646672316334,0.0,1.0,6
-0.5352932156649703,-0.07699731775777843,-0.12203763927424371,-0.27279853492660283,-0.5425321236254129,0.220061421473161,-0.4695578721960719,-1.437346653627057,0.15920354903163708,0.6259071207452813,1.6304542217420472,0.0,1.0,7
-0.5352932156649703,-0.257116474381493,-0.25828439009523335,1.452837102055629,-0.4108204288334425,-0.06790837297494821,-0.09668775029891588,-0.10835185763525704,-1.5135548675542785,-1.5513687727840861,0.29087081428941786,0.0,1.0,6
-0.38384014495552155,-0.7374342253780647,0.3548259885992209,-0.7690597638626695,-0.7532708352925652,-0.35587816742305745,-0.22097779093130124,-1.089763399290762,-0.08861251268479507,0.3619948912265698,0.8769385550499428,0.0,1.0,7
0.7520578853653429,-0.37719591213063575,0.5591961148307059,-0.5886011351586452,-0.12105470029110807,-1.5077573452154942,-1.8545040392426515,-0.3196279534083019,0.6548356724645014,1.0877535224030255,1.8816261106394159,1.0,0.0,7
-0.5352932156649703,-0.43723563100520724,-0.3945311409162233,1.3513291234096154,-0.7005861573757771,-1.6229452629947378,-0.5760921927381165,-0.16287472106054185,-0.9559687286923076,-1.1555004285060195,0.542042703186785,0.0,1.0,5
-0.08093400353662458,0.16316155774050736,2.398527250914069,1.2385424804696004,-0.3054510729998664,1.0839708048174885,0.7200753738567592,1.0229975584398758,-0.39838258983033387,-0.6276759694685969,-1.5510563709579488,0.0,1.0,5
-1.7469177813405594,-0.04697745832049266,-1.2120116458421626,-0.8367317496266786,-0.5425321236254129,2.2358499826099254,0.9508997350311892,-0.8103337242360544,1.5221918884720138,-0.49571985470924124,-0.07193302243820386,0.0,1.0,5
-0.913925892438592,-0.8575136631272077,-0.3945311409162233,0.40392132271348813,-0.2000817171662901,-0.4710660852023011,-0.3807792717443681,-0.5786115546784993,-0.4603366052594433,-0.7596320842279527,0.37459477725520696,0.0,1.0,6
1.812229380331484,1.8742935456657945,-0.7351480179686981,-0.6788304495106573,-0.46350510675023066,-0.5286600440919229,0.09862517069483252,-0.8921180193740196,-1.3896468366960626,3.06709524379336,1.7141781847078363,0.0,1.0,6
-0.4595666803102463,2.1744921400386517,-1.6888752737156272,-0.7690597638626695,0.5111614347103491,-1.3925694274362506,-1.7657254387909478,0.5799992931092381,1.3363298421846885,0.296016833846892,0.12342288835783828,1.0,0.0,5
-0.4595666803102463,-0.5573150687543503,0.28670261318872586,0.6971665943575275,-0.3054510729998664,1.3719405992655977,1.1639683761152784,0.4436921345459882,-0.8940147132631981,-0.7596320842279527,-1.132436556129002,0.0,1.0,5
-0.23238707424607272,0.16316155774050736,-0.5989012671477081,1.01296919458957,0.010656994500862296,1.3719405992655977,0.9153882948505077,0.4027999869770057,0.035295518173421,-0.7596320842279527,-0.4626448524026866,0.0,1.0,5
-0.6110197510196944,-1.3078115546864937,-0.1901610146847387,0.18962670112745927,-0.38447808987504845,-0.35587816742305745,-0.2742449512023235,-0.851225871805037,0.035295518173421,-1.4194126580247306,1.2118344069131004,0.0,1.0,7
-0.913925892438592,-0.43723563100520724,-0.12203763927424371,2.1859502811657276,-0.33179341195826045,-0.874223797429654,0.5247624528630108,0.7367525254569982,-0.646198651546766,-0.03387345305149659,-0.21147296350531794,0.0,1.0,6
0.8277844207200683,1.9943729834149375,-0.3945311409162233,-0.6562731209226543,0.7219001463775018,-1.1045996329881413,-1.2685652762614064,1.0570743480806883,0.5309276416062852,-0.03387345305149659,-1.132436556129002,1.0,0.0,4
0.37342520859172185,-0.19707675550692147,0.28670261318872586,-0.16001189198658766,-0.8059555132093533,-0.874223797429654,-0.4873135922864127,-1.014794462080967,-0.7081526669758754,-0.36376373994988587,1.2118344069131004,0.0,1.0,5
1.812229380331484,1.3039162163573657,-0.5989012671477081,-0.3630278492786149,1.1960622476285943,0.3928432981420265,-0.39853499183470886,1.7386101408970134,0.4689736261771759,0.757863235504637,-0.37892088943689756,1.0,0.0,5
-0.0052074681818998474,-0.7374342253780647,0.21857923777823088,0.11067605106944875,-0.06837002237431992,0.3928432981420265,1.2172355363863006,0.08247816435331551,-0.8940147132631981,-0.23180762519053016,-0.21147296350531794,0.0,1.0,5
-1.1411054985027649,-0.37719591213063575,-0.25828439009523335,-0.6337157923346513,-0.9903518859181115,-0.874223797429654,-0.8779394342739095,-1.4646080853397372,-1.0179227441214143,-0.09985151043117445,0.542042703186785,0.0,1.0,6
2.5694947338787273,0.10312183886593582,1.7172934968091194,-0.6111584637466483,0.8009271632526835,-1.3925694274362506,-1.6769468383392439,0.7708293150978106,-0.5222906206885499,1.2197096371623812,0.458318740220996,1.0,0.0,7
2.418041663169279,-0.37719591213063575,1.512923370577635,-0.5209291493946361,1.2750892645037766,-1.4501633863258725,-1.6947025584295847,1.4659958237704758,0.15920354903163708,0.6259071207452813,-0.8812646672316334,1.0,0.0,5
1.1306905621389645,-0.19707675550692147,2.8072675033770382,2.106999631107717,-0.33179341195826045,-0.1830962907541919,1.3592812971090267,1.919217125993312,-1.6374628984124946,2.275358555237226,-1.5510563709579488,0.0,1.0,5
0.9035109560747924,-0.7374342253780647,-0.12203763927424371,-0.8367317496266786,-0.4898474457086247,0.8535949692590012,0.13413661087551404,-0.926194809014832,-0.5842446361176594,0.03210460432818127,0.2071468513236288,0.0,1.0,7
-0.6867462863744191,-1.0376328197509221,0.014209111546746275,-0.18256922057459063,-0.4371627677918366,0.3928432981420265,0.04535801042381023,-0.9125640931584919,0.09724953360253041,-0.6936540268482748,0.6257666661525756,0.0,1.0,6
-0.3081136096007975,0.7035190276116507,-0.3945311409162233,0.29113467977347296,2.3814675007563264,1.0839708048174885,0.7910982542181223,-0.05382899420993438,-0.5222906206885499,-0.42974179732956375,-0.4626448524026866,0.0,1.0,5
3.7053927641995923,0.3432807143642219,1.3766766197566451,-0.6788304495106573,0.932638858044654,-0.874223797429654,-1.0732523552676578,1.8749172994602634,-1.2037847904087398,0.8238412928843148,-0.2951969264711085,1.0,0.0,5
0.6006048146558948,-0.13703703663234995,-0.3945311409162233,-0.8592890782146816,-0.17373937820789603,-1.0758026535433305,-0.4695578721960719,0.034770658856200745,0.09724953360253041,-1.0895223711263415,-0.8812646672316334,0.0,1.0,4
0.6006048146558948,-0.9775931008763507,1.1723064935251601,-0.7239451066866635,0.11602635033443841,-1.1621935918777633,0.5425181729533516,-0.10153649970708697,0.035295518173421,-0.36376373994988587,-0.4626448524026866,0.0,1.0,5
0.9035109560747924,-0.0169575988832069,0.6954428656516954,-0.6562731209226543,0.4057920788767728,-0.41347212631267927,-1.3928553168937916,-0.19695151070135433,-0.7081526669758754,1.6155779814404485,1.5467302587762581,1.0,0.0,6
-0.23238707424607272,0.40332043323879313,-0.05391426386374872,-0.6788304495106573,0.5901884515855313,-0.5286600440919229,-1.1265195155386802,0.7435678833851682,1.5221918884720138,0.09808266170785913,-0.8812646672316334,1.0,0.0,6
-0.7624728217291432,-0.9175533820017792,-0.1901610146847387,-0.16001189198658766,-0.3054510729998664,0.16246746258353914,0.2051594912368771,0.7094910937443558,-0.2744745589721178,-0.7596320842279527,-1.0487125931632115,0.0,1.0,6
0.37342520859172185,1.6041148107302228,-0.9395181442001829,-0.5886011351586452,0.6955578074191077,-1.3925694274362506,-1.6769468383392439,0.6140760827500505,0.40701961074806925,0.4279729486062477,-0.2951969264711085,1.0,0.0,6
0.4491517439464459,0.6134594492997935,1.649170121398625,-0.9044037353906876,-0.4371627677918366,-1.277381509657007,-0.540580752557435,-0.23784365827033685,0.15920354903163708,-0.6936540268482748,0.2071468513236288,0.0,1.0,5
-0.23238707424607272,-0.9175533820017792,1.1723064935251601,0.35880666553748203,-0.5425321236254129,1.0839708048174885,1.0219226153925522,-0.4423043961152495,-0.15056652811390175,-1.7493029449231194,0.7932145920841537,0.0,1.0,6
-0.23238707424607272,0.3432807143642219,-1.0076415196106776,1.7799183665816731,-0.6215591405005949,1.659910393713707,1.270502696657323,1.036628274296178,-0.8940147132631981,-0.29778568257020804,-0.9649886301974224,0.0,1.0,5
-0.838199357083868,-0.19707675550692147,-0.3945311409162233,-0.6337157923346513,-0.14739703924950215,-0.12550233186457005,0.9331440149408484,-0.6467651339601244,0.9026517341809336,-0.42974179732956375,-0.1277490005395289,0.0,1.0,6
0.6006048146558948,-0.7374342253780647,0.014209111546746275,1.2159851518815974,-0.35813575091665456,1.8902862292721943,1.5368384980124343,0.8526136102357758,-0.7081526669758754,-0.03387345305149659,-0.8812646672316334,0.0,1.0,6
-0.838199357083868,-0.37719591213063575,0.014209111546746275,-0.5660438065706422,-0.38447808987504845,-0.41347212631267927,1.8475635995933979,-0.34007402719277424,0.28311157988985314,0.4279729486062477,-0.6300927783342647,0.0,1.0,5
-0.0052074681818998474,-0.6773945065034932,-0.46265451632671833,3.110800753273852,0.7482424853358958,-0.6438479618711667,-0.06117631011823436,2.0248551738798533,-0.7701066824049821,-0.1658295678108523,-1.5510563709579488,0.0,1.0,5
-1.0653789631480408,-0.5573150687543503,-0.3945311409162233,1.825033023757679,-0.14739703924950215,0.7960010103693794,0.5957853332243739,0.9207671895174007,0.40701961074806925,-1.0235443137466638,-1.0487125931632115,0.0,1.0,5
-0.23238707424607272,2.9850283448453663,-0.7351480179686981,-0.20512654916259376,0.458476756793561,-0.8166298385400321,-0.8779394342739095,1.3365040231353582,1.8939159810466595,1.2197096371623812,-1.104528568752819,1.0,0.0,6
0.2976986732369971,0.8235984653607935,0.3548259885992209,-0.9495183925666938,-0.5161897846670188,-1.5077573452154942,-0.25648923111198274,-1.4646080853397372,-1.2037847904087398,-0.9575662563669859,0.7094906291183647,0.0,1.0,4
2.1908620571051056,-0.19707675550692147,0.21857923777823088,-0.7690597638626695,0.4848190957519551,-1.219787550767385,-1.5349010776165177,0.7571985992415083,0.09724953360253041,1.945468268338837,0.542042703186785,1.0,0.0,7
-0.913925892438592,-0.4972753498797788,-0.1901610146847387,-0.430699835042624,-0.4108204288334425,0.3928432981420265,0.5247624528630108,-1.7235916866099346,-0.026658497255685663,-0.9575662563669859,1.8816261106394159,0.0,1.0,7
-0.7624728217291432,0.16316155774050736,-0.12203763927424371,0.35880666553748203,7.6235929534767415,2.811789571506144,1.5190827779220937,0.30738497598270054,0.40701961074806925,0.296016833846892,-0.7975407042658443,0.0,1.0,5
-0.4595666803102463,-0.13703703663234995,0.15045586236773625,0.6069372800055155,-0.33179341195826045,1.8902862292721943,1.7321514190061829,0.25967747048558576,-0.026658497255685663,-0.36376373994988587,-0.7138167413000552,0.0,1.0,6
1.9636824510409334,0.10312183886593582,0.9679363672936755,1.2385424804696004,-0.25276639508307824,-1.5077573452154942,-0.5583364726477758,0.3755385552643633,-2.0711410064162497,-1.5513687727840861,-0.37892088943689756,0.0,1.0,4
0.4491517439464459,-0.43723563100520724,0.15045586236773625,-0.7690597638626695,-0.27910873404147235,-0.1830962907541919,0.7023196537664185,-0.6126883443193119,-1.0798767595505236,-0.5616979120889191,-0.044025037573739836,0.0,1.0,6
0.07051906717282422,-0.43723563100520724,0.49107273942021085,0.38136399412548516,0.19505336720962063,-0.12550233186457005,1.3060141368380045,0.4436921345459882,0.40701961074806925,-1.5513687727840861,-0.7138167413000552,0.0,1.0,5
-0.08093400353662458,-0.37719591213063575,-0.25828439009523335,0.7873959087095397,-0.7005861573757771,-0.29828420853343557,1.3592812971090267,-0.3809661747617568,-0.39838258983033387,-0.49571985470924124,1.3792823328446786,0.0,1.0,7
0.07051906717282422,-0.4972753498797788,1.44479999516714,1.7348037094056667,-0.25276639508307824,1.7463013320481398,0.8887547147149966,1.3296886652071882,-1.0179227441214143,-0.5616979120889191,-1.216160519094791,0.0,1.0,6
-0.913925892438592,-0.37719591213063575,-0.3264077655057283,-0.20512654916259376,-0.27910873404147235,1.1415647637071105,0.5780296131340331,-1.1033941151470643,0.28311157988985314,0.164060719087537,0.8769385550499428,0.0,1.0,6
1.0549640267842404,0.10312183886593582,-0.3945311409162233,1.3738864519976184,-0.7005861573757771,0.7672040309245685,1.0041668953022116,0.10292423813782568,-1.2037847904087398,-0.29778568257020804,1.2118344069131004,0.0,1.0,5
-1.1411054985027649,-1.0976725386254935,0.014209111546746275,-0.8592890782146816,-0.5425321236254129,-1.3349754685466286,-0.45180215210573116,-1.154509299608283,0.22115756446074375,-0.36376373994988587,0.37459477725520696,0.0,1.0,5
0.2976986732369971,0.9436779031099366,-0.1901610146847387,-0.6111584637466483,0.7745848242942895,-1.4501633863258725,-1.7834811588812884,0.1778931753476207,0.592881657035392,0.5599290633656034,0.7932145920841537,1.0,0.0,6
-1.5954647106311113,1.0637573408590797,-1.756998649126122,-0.5209291493946361,-0.12105470029110807,-0.010314414085326379,-0.6293593530091388,-0.4423043961152495,0.592881657035392,-0.6936540268482748,-1.0487125931632115,0.0,1.0,5
-0.0052074681818998474,0.2832409954896504,2.1260337492720893,1.3513291234096154,-0.33179341195826045,1.4295345581552197,0.7378310939471,0.9889207687990256,-0.8320606978340915,-0.6276759694685969,-1.5510563709579488,0.0,1.0,6
-1.2168320338574896,-0.8575136631272077,-0.6670246425582032,-0.8367317496266786,-0.2000817171662901,-0.29828420853343557,0.7200753738567592,-0.5240886912532146,3.1949503050579295,-0.6936540268482748,-0.4626448524026866,0.0,1.0,5
-0.6110197510196944,-0.4972753498797788,-0.3945311409162233,-0.8818464068026846,-0.12105470029110807,-0.4710660852023011,1.0929454957539153,-0.4968272595405343,-0.8320606978340915,0.03210460432818127,-1.0487125931632115,0.0,1.0,5
2.0394089863956575,1.123797059733651,1.7172934968091194,-0.5886011351586452,0.958981197003048,-0.010314414085326379,-1.1087637954483394,0.8866903998765882,-0.21252054354301114,1.4836218666810927,0.8769385550499428,1.0,0.0,7
0.6006048146558948,0.8235984653607935,0.15045586236773625,-0.6337157923346513,0.43213441783516693,-0.8166298385400321,-1.5881682378875401,-0.3059972375519618,0.3450655953189598,0.8238412928843148,1.5467302587762581,1.0,0.0,6
-0.4595666803102463,-0.8575136631272077,0.4229493640097159,0.6520519371815215,-0.12105470029110807,-0.010314414085326379,0.5425181729533516,0.06884744849701321,0.592881657035392,0.164060719087537,0.37459477725520696,0.0,1.0,7
-0.6867462863744191,-0.31715619325606453,-0.5989012671477081,2.0731636382257124,-0.5161897846670188,-0.35587816742305745,-0.2742449512023235,0.2664928284137558,-0.8940147132631981,-1.0235443137466638,0.03969892539204922,0.0,1.0,6
-0.6110197510196944,-0.5573150687543503,-0.25828439009523335,-0.024667920458569362,-0.7005861573757771,-0.06790837297494821,-0.29200067129266427,-1.450977369483397,-0.8320606978340915,0.296016833846892,1.8816261106394159,0.0,1.0,7
-1.0653789631480408,-0.16705689606963572,-0.3264077655057283,-0.780338428156671,-0.8059555132093533,-0.874223797429654,-0.7891608338222057,-1.5532077384058345,0.9026517341809336,-0.891588198987308,1.1281104439473115,0.0,1.0,8
-0.38384014495552155,0.0430821199913643,1.104183118114665,0.8550678944735489,-0.015685344457531777,0.2776553803627828,0.9331440149408484,0.6072607248219184,-1.1418307749796304,-0.42974179732956375,-0.9649886301974224,0.0,1.0,5
4.3112050470373875,0.0430821199913643,1.1723064935251601,0.1783480368334578,0.24773804512640876,-1.4501633863258725,-1.4106110369841325,2.3519923544317134,-0.15056652811390175,0.8238412928843148,1.2118344069131004,1.0,0.0,7
3.3267600874259706,1.123797059733651,2.330403875503574,-0.30663452780860734,1.6965666878380814,-1.3925694274362506,-1.7834811588812884,1.1252279273623134,-1.0798767595505236,1.351665751921737,0.7932145920841537,1.0,0.0,7
-0.913925892438592,-0.13703703663234995,0.08233248695724127,1.1031985089415821,-0.647901479458989,-0.4710660852023011,-0.4340464320153904,-0.6535804918882944,-0.7701066824049821,-0.6936540268482748,1.2955583698788895,0.0,1.0,7
-2.0498239227594572,-0.9175533820017792,-0.7351480179686981,-0.9156823996846891,-0.6215591405005949,3.3877291604023623,0.7910982542181223,-0.401412248546267,0.7167896878936081,-0.7596320842279527,-2.1371241117184736,0.0,1.0,5
-0.6110197510196944,-0.257116474381493,-0.12203763927424371,-0.6224371280406498,-0.4898474457086247,-1.277381509657007,1.6966399788255013,-0.27192044791114933,-0.15056652811390175,0.5599290633656034,-0.5463688153684757,0.0,1.0,6
-0.15666053889134865,-1.2177519763746365,0.014209111546746275,0.9001825516495549,-0.46350510675023066,1.3719405992655977,0.4714952925919886,0.3755385552643633,-0.026658497255685663,-0.6936540268482748,-0.9649886301974224,0.0,1.0,6
0.4491517439464459,2.1444722806013656,-1.756998649126122,-0.7013877780986604,0.5901884515855313,-0.5862540029815447,-1.4106110369841325,0.6072607248219184,1.0885137804682563,1.0217754650233477,0.29087081428941786,1.0,0.0,5
-1.5954647106311113,-0.4972753498797788,0.08233248695724127,-0.8818464068026846,-0.7796131742509592,0.9111889281486231,-0.02566486993755283,-1.7167763286817646,0.7787437033227175,-0.6936540268482748,0.7094906291183647,0.0,1.0,7
0.14624560252754895,-1.0976725386254935,-0.05391426386374872,0.4151999870074896,0.06334167241765026,0.04727954480429546,0.2939380916885809,0.23923139670107557,0.40701961074806925,-1.2874565432653748,-0.7138167413000552,0.0,1.0,5
-0.3081136096007975,-0.7374342253780647,0.6273194902412005,0.38136399412548516,-0.5952168015422008,0.5080312159212702,0.027602290333469462,-0.697880318421343,-0.2744745589721178,-0.49571985470924124,0.7932145920841537,0.0,1.0,6
-0.6867462863744191,-0.5573150687543503,1.44479999516714,-0.7239451066866635,-0.9376672080013234,0.6232191337005138,-0.238733511021642,-1.7661876736609312,-0.21252054354301114,-1.4853907154044084,2.049074036570994,0.0,1.0,6
0.07051906717282422,1.964353123977652,-1.825122024536617,-0.3179131921026088,1.3277739424205646,-1.3925694274362506,-1.6769468383392439,0.9207671895174007,1.0885137804682563,0.6259071207452813,-0.37892088943689756,1.0,0.0,5
-0.38384014495552155,-0.0169575988832069,-0.05391426386374872,2.569424867161779,-0.14739703924950215,-0.5862540029815447,0.5602738930436924,1.3092425914227157,-1.0179227441214143,0.03210460432818127,-1.216160519094791,0.0,1.0,5
0.7520578853653429,-0.9775931008763507,0.4229493640097159,-0.8818464068026846,-0.4371627677918366,0.6232191337005138,-0.39853499183470886,-1.3214855688483171,-2.133095021845359,0.4279729486062477,1.2118344069131004,0.0,1.0,6
0.37342520859172185,0.3432807143642219,-0.3264077655057283,-0.11489723481058156,-0.5952168015422008,-0.1830962907541919,-0.34526783156368657,-0.9364178459070681,-0.08861251268479507,0.3619948912265698,1.4630062958104693,0.0,1.0,8
-0.3081136096007975,-0.43723563100520724,0.014209111546746275,-0.7916170924506725,-0.33179341195826045,-0.6438479618711667,0.48925101268232934,-0.8171490821642245,-0.7701066824049821,-0.6936540268482748,-0.5463688153684757,0.0,1.0,6
-0.38384014495552155,1.9043134051030803,-2.1657389015890915,1.802475695169676,-0.6215591405005949,0.1048735036939173,-0.7003822333705019,0.3448694445876169,-0.4603366052594433,-0.23180762519053016,0.12342288835783828,0.0,1.0,6
-0.6110197510196944,-0.19707675550692147,1.240429868935655,0.1783480368334578,-0.4898474457086247,0.6808130925901357,-0.06117631011823436,-0.8887103404099156,-0.2744745589721178,-0.03387345305149659,1.1281104439473115,0.0,1.0,7
-0.23238707424607272,-0.07699731775777843,-0.05391426386374872,0.6069372800055155,-0.4371627677918366,-0.06790837297494821,0.364960972049944,-0.7626262187389019,-0.7081526669758754,0.2300387764672141,1.4630062958104693,0.0,1.0,5
-0.913925892438592,0.9436779031099366,-2.1657389015890915,-0.8141744210386755,0.010656994500862296,-0.874223797429654,-1.5704125177971993,-0.0061214887127817854,0.8406977187518241,-0.5616979120889191,-0.8812646672316334,1.0,0.0,5
-0.4595666803102463,-0.19707675550692147,0.4229493640097159,2.4904742171037686,0.03699933345925637,-0.8166298385400321,0.8976325747601669,1.7726869305378259,0.9646057496100402,0.4279729486062477,-1.132436556129002,0.0,1.0,5
-0.08093400353662458,1.4840353729810796,-2.1657389015890915,-0.6562731209226543,0.9062965190862599,-1.219787550767385,-1.7834811588812884,0.1301856698504681,1.2124218113264724,0.09808266170785913,0.7932145920841537,1.0,0.0,7
0.2976986732369971,-0.9775931008763507,0.28670261318872586,-0.5886011351586452,-0.2000817171662901,0.45043725703164833,0.1518923309658548,0.5118457138276131,2.327594089050417,-0.49571985470924124,-0.21147296350531794,0.0,1.0,5
0.6006048146558948,-0.37719591213063575,0.8316896164726855,-0.7239451066866635,0.6428731295023195,-0.12550233186457005,-0.8246722740028872,0.17448549638351674,0.8406977187518241,0.8238412928843148,0.542042703186785,1.0,0.0,5
-0.15666053889134865,0.883638184235365,1.1723064935251601,0.1332333796574517,0.08968401137604433,-0.24069024964381375,0.11638089078517329,0.9889207687990256,0.7167896878936081,1.4836218666810927,-0.044025037573739836,1.0,0.0,5
-1.2168320338574896,-0.5873349281916361,-0.46265451632671833,1.058083851765576,-0.647901479458989,-1.0470056740985194,-0.8246722740028872,-0.1696900789887119,0.5309276416062852,-1.2874565432653748,-0.044025037573739836,0.0,1.0,5
0.22197213788227302,-0.4972753498797788,1.3766766197566451,1.847590352345682,-0.25276639508307824,1.9478801881618162,1.1462126560249377,1.2615350859255632,-0.7701066824049821,-0.49571985470924124,-1.2998844820605802,0.0,1.0,5
-0.4595666803102463,-0.19707675550692147,-1.6888752737156272,-0.7916170924506725,-0.6215591405005949,1.4295345581552197,0.5247624528630108,-0.8239644400923946,-0.39838258983033387,-0.7596320842279527,-0.4626448524026866,0.0,1.0,5
-0.3081136096007975,0.16316155774050736,-0.25828439009523335,-0.7013877780986604,-0.8586401911261414,1.9478801881618162,-0.14995491056993818,-1.5566154173699385,1.398283857613798,0.4279729486062477,1.7141781847078363,0.0,1.0,8
-0.08093400353662458,-1.0976725386254935,0.28670261318872586,1.2836571376456063,-0.33179341195826045,-0.5862540029815447,-0.4340464320153904,0.4777689241868007,-0.39838258983033387,-0.6276759694685969,0.29087081428941786,0.0,1.0,7
0.14624560252754895,0.0430821199913643,-0.5307778917372133,0.2234626940094639,-0.38447808987504845,-0.12550233186457005,0.1518923309658548,-0.4968272595405343,-0.5222906206885499,-0.6276759694685969,0.6257666661525756,0.0,1.0,5
0.07051906717282422,2.354611296662366,-2.1657389015890915,-0.6337157923346513,0.6165307905439255,-0.7014419207607885,-1.5349010776165177,1.0741127429010946,1.1504677958973657,0.4279729486062477,-0.9649886301974224,1.0,0.0,5
-0.838199357083868,-0.13703703663234995,-0.46265451632671833,-0.7465024352746664,-0.5952168015422008,0.3928432981420265,0.38271669214028475,-0.851225871805037,-0.08861251268479507,-0.23180762519053016,0.2071468513236288,0.0,1.0,7
-0.5352932156649703,-0.9775931008763507,-0.05391426386374872,-0.7465024352746664,-0.33179341195826045,-0.010314414085326379,0.22291521132721787,-0.5786115546784993,1.64609991933023,-0.23180762519053016,-0.2951969264711085,0.0,1.0,7
-0.6110197510196944,-0.37719591213063575,-0.25828439009523335,-0.453257163630627,-0.4371627677918366,-0.6438479618711667,-0.29200067129266427,-0.7967030083797143,0.15920354903163708,-0.42974179732956375,0.458318740220996,0.0,1.0,6
0.8277844207200683,1.8442736862285087,-1.4845051474841422,-0.4758144922186301,0.8536118411694718,-0.7590358796504103,-1.3218324365324285,1.2036045435361744,0.40701961074806925,0.09808266170785913,-0.8812646672316334,1.0,0.0,5
-0.08093400353662458,-0.13703703663234995,-0.5307778917372133,1.825033023757679,-0.17373937820789603,1.256752681486354,1.5901056582834567,1.1933815066439382,-0.7701066824049821,-0.29778568257020804,-1.4673324079921584,0.0,1.0,5
-0.38384014495552155,-0.43723563100520724,2.5347740017350584,-0.8592890782146816,3.145395330549754,0.3352493392524047,-0.14995491056993818,-0.551350122965857,-1.6374628984124946,-0.6936540268482748,-1.132436556129002,0.0,1.0,6
-0.23238707424607272,1.3639559352319366,-2.1657389015890915,-0.4983718208066331,0.6428731295023195,-0.5286600440919229,-1.304076716442088,0.2324160387729055,1.1504677958973657,-0.09985151043117445,0.2071468513236288,1.0,0.0,5
-0.913925892438592,0.0430821199913643,1.30855324434615,-0.8592890782146816,-0.7269284963341711,-1.1621935918777633,-0.22097779093130124,-1.4305312956989247,1.4602378730429044,-0.7596320842279527,1.1281104439473115,0.0,1.0,6
-1.0653789631480408,-0.257116474381493,-1.5526285228946373,0.29113467977347296,-0.38447808987504845,0.3352493392524047,0.4182281323209663,-0.2310283003421668,-0.4603366052594433,-0.36376373994988587,-0.7138167413000552,0.0,1.0,5
-0.838199357083868,-0.257116474381493,1.03605974270417,-0.8141744210386755,-0.2000817171662901,1.1415647637071105,1.2882584167476636,-0.6126883443193119,-0.21252054354301114,-0.5616979120889191,-0.8812646672316334,0.0,1.0,5
-0.5352932156649703,-1.0376328197509221,-0.05391426386374872,-0.7916170924506725,-0.4108204288334425,0.220061421473161,0.11638089078517329,-1.2192551999258419,-1.0179227441214143,-0.49571985470924124,-0.044025037573739836,0.0,1.0,6
-0.6110197510196944,-0.7374342253780647,-0.12203763927424371,1.3964437805856214,-0.27910873404147235,1.314346640375976,0.6135410533147146,0.09951655917372174,-0.08861251268479507,-1.2874565432653748,0.2071468513236288,0.0,1.0,5
0.22197213788227302,-0.7974739442526363,0.15045586236773625,-0.8592890782146816,0.08968401137604433,-0.24069024964381375,-0.06117631011823436,-0.476381185756062,1.7700079501884434,-0.42974179732956375,0.12342288835783828,0.0,1.0,6
-0.38384014495552155,-0.19707675550692147,0.6954428656516954,0.3136920083614761,0.010656994500862296,-0.29828420853343557,0.5957853332243739,0.3414617656235508,-0.39838258983033387,-0.5616979120889191,-0.7975407042658443,0.0,1.0,5
-1.0653789631480408,2.0243928428522233,-2.029492150768102,-0.7239451066866635,0.8009271632526835,-0.5286600440919229,-0.36302355165402733,-0.03338292042546203,1.9558699964757689,-0.09985151043117445,-0.4626448524026866,1.0,0.0,5
-0.6110197510196944,-1.0976725386254935,-0.46265451632671833,-0.8141744210386755,0.010656994500862296,-0.5286600440919229,0.18740377114653634,-1.2226628788899458,0.035295518173421,-0.6276759694685969,0.458318740220996,0.0,1.0,7
1.2064170974936899,0.16316155774050736,1.104183118114665,-0.6562731209226543,1.0643505528366244,0.5080312159212702,0.5425181729533516,1.0229975584398758,-1.1418307749796304,3.2650294159323936,-1.0487125931632115,1.0,0.0,5
-0.7624728217291432,-1.0976725386254935,1.512923370577635,-0.8141744210386755,1.8282783826300517,0.3928432981420265,-0.07893203020857512,-0.4423043961152495,0.035295518173421,-1.0895223711263415,-1.3836084450263693,0.0,1.0,6
-0.6110197510196944,0.5834395898625077,0.8316896164726855,2.1182782954017187,-0.2264240561246842,-0.06790837297494821,2.016242940451635,1.7215717460766071,0.22115756446074375,0.03210460432818127,-1.4673324079921584,0.0,1.0,7
-0.4595666803102463,-0.6773945065034932,-0.12203763927424371,2.2310649383417336,-0.14739703924950215,0.16246746258353914,0.06311373051415099,1.312650270386782,-1.1418307749796304,0.03210460432818127,-1.2998844820605802,0.0,1.0,6
2.1151355217503816,0.0430821199913643,0.8998129918831804,-0.5660438065706422,0.932638858044654,-0.5862540029815447,-0.4695578721960719,1.5954876244055556,-0.4603366052594433,-0.6936540268482748,-0.9649886301974224,1.0,0.0,5
3.553939693490144,0.2832409954896504,2.5347740017350584,-0.4983718208066331,1.0116658749198362,-0.7590358796504103,-1.4106110369841325,1.6704565616153506,-0.7701066824049821,0.49395100598592556,0.2071468513236288,1.0,0.0,6
-0.4595666803102463,-0.6773945065034932,-0.3945311409162233,-0.8367317496266786,-0.3054510729998664,-0.8166298385400321,0.24067093141755863,-0.37415081683362456,0.8406977187518241,0.4279729486062477,-0.4626448524026866,0.0,1.0,6
-0.0052074681818998474,-0.6173547876289218,0.5591961148307059,-0.8141744210386755,-0.3054510729998664,0.04727954480429546,-0.14995491056993818,-1.0556866096499498,-2.133095021845359,-1.0235443137466638,0.2071468513236288,0.0,1.0,6
1.7365028449767599,1.2438764974827943,2.330403875503574,-0.6111584637466483,8.7036288507709,-1.0470056740985194,-1.375099596803451,1.2615350859255632,-0.33642857440122725,0.8898193502639927,-0.7975407042658443,1.0,0.0,5
-0.6110197510196944,-0.6173547876289218,-0.5989012671477081,-0.6788304495106573,-0.27910873404147235,-0.010314414085326379,0.32944953186926246,-1.2601473474948244,-0.646198651546766,0.03210460432818127,0.7094906291183647,0.0,1.0,7
4.765564259165734,1.123797059733651,3.2160077558400086,-0.047225249046572514,1.6702243488796873,-0.41347212631267927,-0.6648707931898203,2.4882995129949634,-0.2744745589721178,1.5495999240607705,2.049074036570994,1.0,0.0,5
-0.7624728217291432,1.5440750918556512,-1.620751898305132,-0.6788304495106573,0.8799541801278657,0.1048735036939173,-1.2508095561710655,0.13700102777863815,1.398283857613798,0.296016833846892,-0.044025037573739836,1.0,0.0,5
0.07051906717282422,-1.0376328197509221,-0.5989012671477081,0.29113467977347296,-0.14739703924950215,0.2776553803627828,2.229311581535724,0.6140760827500505,0.8406977187518241,0.03210460432818127,-0.4626448524026866,0.0,1.0,6
-0.7624728217291432,0.10312183886593582,-0.3264077655057283,-0.4081425064546209,-0.647901479458989,-0.9894117152088977,-0.7358936735511834,-1.7304070445381046,-2.0091869909871427,1.0217754650233477,1.7141781847078363,0.0,1.0,7
-0.23238707424607272,0.3432807143642219,-0.6670246425582032,0.21218402971546244,0.6428731295023195,2.6390076948372783,3.347921947227192,0.8696520050561819,1.0885137804682563,0.2300387764672141,-0.9649886301974224,0.0,1.0,5
-0.5352932156649703,-0.6173547876289218,0.49107273942021085,2.7724408244538066,-0.12105470029110807,-0.4710660852023011,0.2051594912368771,1.4932572554831183,-0.7081526669758754,-0.42974179732956375,-1.132436556129002,0.0,1.0,6
-0.4595666803102463,-0.19707675550692147,-0.25828439009523335,-0.8141744210386755,-0.5688744625838068,-0.12550233186457005,-0.1321991904795974,-2.0916210147307397,-1.3896468366960626,-0.891588198987308,2.216521962502572,0.0,1.0,6
-0.4595666803102463,-0.4972753498797788,-0.3264077655057283,-0.7916170924506725,-0.4371627677918366,-0.6438479618711667,-0.007909149847212065,-0.5274963702172807,0.8406977187518241,0.5599290633656034,-0.044025037573739836,0.0,1.0,6
0.22197213788227302,-0.6173547876289218,-0.05391426386374872,1.802475695169676,-0.2000817171662901,0.9111889281486231,1.8209300194578866,1.3637654548480385,-0.8940147132631981,-0.03387345305149659,-1.4673324079921584,0.0,1.0,5
-0.23238707424607272,1.7241942484793658,-2.029492150768102,-0.7013877780986604,0.5638461126271372,-0.7014419207607885,-1.4993896374358362,0.8935057578047583,1.0885137804682563,1.4176438093014148,-0.6300927783342647,1.0,0.0,5
-0.23238707424607272,-0.9175533820017792,-0.25828439009523335,-0.453257163630627,-0.06837002237431992,0.16246746258353914,-0.2742449512023235,-0.7149187132417871,-0.39838258983033387,-0.891588198987308,0.2071468513236288,0.0,1.0,6
-1.1411054985027649,-0.04697745832049266,0.15045586236773625,-0.9044037353906876,-0.4371627677918366,-0.9894117152088977,1.0574340555732338,-0.851225871805037,0.28311157988985314,0.8238412928843148,-0.4626448524026866,0.0,1.0,5
0.9792374914295164,-0.7974739442526363,0.6273194902412005,-0.16001189198658766,-0.5425321236254129,-0.35587816742305745,-0.2742449512023235,0.06884744849701321,-0.2744745589721178,-0.03387345305149659,-0.7138167413000552,0.0,1.0,6
1.7365028449767599,0.7035190276116507,1.1723064935251601,0.29113467977347296,0.19505336720962063,-1.4501633863258725,-1.7302139986102663,1.4659958237704758,-0.08861251268479507,1.2856876945420592,0.37459477725520696,1.0,0.0,6
-0.4595666803102463,-1.5479704301847794,0.08233248695724127,-0.8141744210386755,-0.5425321236254129,-0.7590358796504103,-0.09668775029891588,-0.49001190161236424,0.28311157988985314,0.49395100598592556,-0.8812646672316334,0.0,1.0,6
-0.3081136096007975,-0.7374342253780647,0.21857923777823088,2.8175554816298125,-0.46350510675023066,0.45043725703164833,0.6845639336760777,1.6704565616153506,0.09724953360253041,-0.7596320842279527,-1.2998844820605802,0.0,1.0,6
-0.4595666803102463,0.7035190276116507,1.1723064935251601,0.5392652942415064,-0.12105470029110807,-0.6438479618711667,1.2349912564766414,0.3755385552643633,-0.7081526669758754,-1.0235443137466638,-1.2998844820605802,0.0,1.0,5
0.4491517439464459,-1.1577122575000651,-0.5307778917372133,0.6069372800055155,-0.25276639508307824,-0.5286600440919229,-0.29200067129266427,0.2051546070602631,-1.7613709292707107,-1.4853907154044084,-0.7975407042658443,0.0,1.0,6
0.37342520859172185,-0.257116474381493,-0.3945311409162233,3.1446367461558564,-0.09471236133271399,0.3352493392524047,1.0574340555732338,1.7931330043222982,-0.15056652811390175,-0.23180762519053016,-0.1277490005395289,0.0,1.0,5
2.0394089863956575,0.5834395898625077,0.9679363672936755,-0.6337157923346513,0.9062965190862599,-1.1621935918777633,-1.304076716442088,0.6413375144627308,-0.2744745589721178,1.0217754650233477,1.1281104439473115,1.0,0.0,6
0.07051906717282422,-1.2777916952492079,-0.05391426386374872,-0.6111584637466483,-0.06837002237431992,-0.4710660852023011,-0.1854663507506197,-0.7149187132417871,0.09724953360253041,2.5392707847559377,0.7932145920841537,0.0,1.0,7
-0.6867462863744191,-0.5573150687543503,0.8316896164726855,1.4866730949376337,-0.4108204288334425,1.0263768459278668,1.4303041774703897,0.7844600309541507,-0.2744745589721178,-0.09985151043117445,-0.8812646672316334,0.0,1.0,5
-0.0052074681818998474,-1.3678512735610653,-0.12203763927424371,0.40392132271348813,-0.015685344457531777,-0.24069024964381375,-0.16771063066027894,0.30738497598270054,1.3363298421846885,-0.891588198987308,-0.7975407042658443,0.0,1.0,6
1.1306905621389645,2.624790031597938,1.30855324434615,-0.7465024352746664,9.441214341605932,-1.0470056740985194,-0.8601837141835688,0.5902223300014743,-1.3896468366960626,4.188722219247882,-1.132436556129002,1.0,0.0,5
1.433596703557862,-0.37719591213063575,0.9679363672936755,0.9001825516495549,1.512170315129323,-1.5653513041051161,-1.8722597593329924,1.5375570820161668,-0.2744745589721178,0.4279729486062477,0.29087081428941786,1.0,0.0,6
-0.15666053889134865,-0.6173547876289218,1.30855324434615,1.3513291234096154,-0.7269284963341711,1.4295345581552197,1.9984872203612942,0.6822296620317133,-1.2037847904087398,0.49395100598592556,-0.8812646672316334,0.0,1.0,5
-0.3081136096007975,-0.4972753498797788,0.8316896164726855,0.7197239229455304,-0.27910873404147235,1.256752681486354,1.2172355363863006,0.45732285040229054,-0.15056652811390175,-0.1658295678108523,-0.9649886301974224,0.0,1.0,5
-0.08093400353662458,0.763558746486222,-0.5307778917372133,0.2234626940094639,-0.33179341195826045,-1.1045996329881413,-0.6648707931898203,0.3755385552643633,-0.08861251268479507,0.164060719087537,-0.7138167413000552,0.0,1.0,5
-0.38384014495552155,1.964353123977652,-2.029492150768102,-0.7013877780986604,0.11602635033443841,-0.24069024964381375,-1.286320996351747,0.13359334881457205,1.0265597650391496,1.8794902109591591,0.29087081428941786,1.0,0.0,6
-1.1411054985027649,-0.5573150687543503,-0.3945311409162233,1.689689052229661,-0.2000817171662901,1.285549660931165,-0.14995491056993818,0.8219444995590294,-0.8940147132631981,-0.5616979120889191,-0.9649886301974224,0.0,1.0,6
-0.15666053889134865,-0.31715619325606453,1.1723064935251601,-0.27279853492660283,-0.25276639508307824,0.3928432981420265,0.38271669214028475,-0.23784365827033685,-1.6994169138416013,-0.891588198987308,-0.9649886301974224,0.0,1.0,6
0.7520578853653429,-0.0169575988832069,0.4229493640097159,-0.5660438065706422,0.6165307905439255,-1.0470056740985194,-1.0199851949966356,1.1252279273623134,0.4689736261771759,-0.42974179732956375,-1.2998844820605802,1.0,0.0,6
2.1908620571051056,0.16316155774050736,0.15045586236773625,-0.5886011351586452,0.7482424853358958,-1.4501633863258725,-1.7302139986102663,0.794683067846387,-0.33642857440122725,0.757863235504637,0.03969892539204922,1.0,0.0,7
-1.1411054985027649,-0.5272952093170645,2.2622805000930795,-0.8592890782146816,0.5901884515855313,-0.7590358796504103,0.4004724122306255,-0.48660422264829817,-0.15056652811390175,-0.7596320842279527,-0.9649886301974224,0.0,1.0,5
-0.15666053889134865,-1.0376328197509221,0.3548259885992209,0.15579070824545485,-0.8322978521677473,-0.06790837297494821,-0.06117631011823436,-0.23784365827033685,-0.15056652811390175,-0.29778568257020804,0.2071468513236288,0.0,1.0,6
-0.38384014495552155,-0.19707675550692147,-0.05391426386374872,1.1031985089415821,-0.4371627677918366,-1.1621935918777633,1.0751897756635747,0.273308186341888,1.4602378730429044,0.09808266170785913,0.7094906291183647,0.0,1.0,4
1.0549640267842404,0.22320127661507888,0.28670261318872586,-0.453257163630627,0.6428731295023195,-0.010314414085326379,0.08086945060449176,0.8526136102357758,-0.15056652811390175,0.164060719087537,-0.9649886301974224,1.0,0.0,5
0.22197213788227302,-0.37719591213063575,0.15045586236773625,-0.18256922057459063,-0.7532708352925652,0.3352493392524047,0.027602290333469462,-1.1919937682131996,-1.451600852125169,-0.8256101416076306,1.4630062958104693,0.0,1.0,8
0.6763313500106188,-0.6173547876289218,-0.3945311409162233,1.3513291234096154,-0.35813575091665456,0.6232191337005138,1.714395698915842,0.7708293150978106,-0.7081526669758754,-0.29778568257020804,-0.4626448524026866,0.0,1.0,6
-0.6110197510196944,1.3639559352319366,-2.029492150768102,-0.7239451066866635,0.27408038408480284,-1.5077573452154942,-1.8367483191523108,0.8526136102357758,1.4602378730429044,0.9557974076436706,-0.8812646672316334,1.0,0.0,5
-0.6110197510196944,-0.30214626353742163,-0.25828439009523335,-0.8818464068026846,-0.04202768341592585,-1.219787550767385,0.8088539743084631,-0.15265168416830568,1.2124218113264724,-0.23180762519053016,-1.216160519094791,0.0,1.0,7
-1.5197381752763865,-1.0376328197509221,-0.3264077655057283,-0.9720757211546968,-0.7005861573757771,-1.1045996329881413,-0.8246722740028872,-0.7898876504515822,0.4689736261771759,-0.8256101416076306,-0.6300927783342647,0.0,1.0,5
-0.38384014495552155,-0.8575136631272077,0.6954428656516954,2.0280489810497064,-0.4898474457086247,3.042165407064631,0.8088539743084631,1.4319190341296635,-0.39838258983033387,-0.23180762519053016,-0.9649886301974224,0.0,1.0,6
-0.23238707424607272,-0.8575136631272077,-0.12203763927424371,-0.06978257763457546,-0.4108204288334425,0.565625174810892,0.5957853332243739,-0.4423043961152495,-0.39838258983033387,-1.2214784858856973,-0.2951969264711085,0.0,1.0,6
-0.08093400353662458,-0.5573150687543503,-0.25828439009523335,-0.8592890782146816,-0.4371627677918366,0.04727954480429546,-0.06117631011823436,-0.9398255248711721,-0.2744745589721178,-0.03387345305149659,0.458318740220996,0.0,1.0,5
0.8277844207200683,-0.4972753498797788,-0.05391426386374872,-0.6788304495106573,-0.7269284963341711,-0.9318177563192758,0.4714952925919886,-1.2703703843870606,-1.6994169138416013,1.5495999240607705,1.3792823328446786,0.0,1.0,6
-0.6110197510196944,-0.13703703663234995,-0.5989012671477081,2.524310209985773,-0.04202768341592585,0.3352493392524047,1.0929454957539153,1.397842244488851,0.22115756446074375,0.03210460432818127,-1.216160519094791,0.0,1.0,5
-0.38384014495552155,-0.4972753498797788,1.30855324434615,0.6746092657695245,0.14236868929283247,1.1415647637071105,1.412548457380049,0.32442337080310674,-0.5842446361176594,-0.23180762519053016,-0.7975407042658443,0.0,1.0,5
-1.4440116399216625,-0.4072157715679215,-0.5307778917372133,0.5392652942415064,-0.4898474457086247,-0.12550233186457005,-0.007909149847212065,-0.4661581488638258,0.9646057496100402,-0.1658295678108523,0.37459477725520696,0.0,1.0,6
0.07051906717282422,-0.5573150687543503,-0.25828439009523335,-0.7916170924506725,-0.35813575091665456,-0.6438479618711667,-0.02566486993755283,-0.3809661747617568,0.9646057496100402,0.164060719087537,-0.37892088943689756,0.0,1.0,6
-0.6110197510196944,2.084432561726794,-1.5526285228946373,0.5843799514175123,-0.33179341195826045,0.220061421473161,0.5247624528630108,0.10292423813782568,0.22115756446074375,-1.0235443137466638,-0.37892088943689756,0.0,1.0,6
0.22197213788227302,1.6041148107302228,-0.3945311409162233,-0.7013877780986604,0.43213441783516693,-0.35587816742305745,-0.4695578721960719,0.5527378613965958,0.4689736261771759,-0.03387345305149659,-0.6300927783342647,1.0,0.0,5
1.1306905621389645,2.534730453286081,-0.6670246425582032,-0.6111584637466483,0.19505336720962063,-1.219787550767385,-1.286320996351747,0.6140760827500505,-0.7701066824049821,0.09808266170785913,-0.9649886301974224,1.0,0.0,5
-0.23238707424607272,-0.257116474381493,-0.7351480179686981,2.4115235670457578,-0.015685344457531777,1.0839708048174885,0.7910982542181223,1.2853888386741394,-0.7081526669758754,-0.36376373994988587,-1.2998844820605802,0.0,1.0,5
-0.913925892438592,0.4633601521133647,0.6273194902412005,1.667131723641658,-0.647901479458989,1.1415647637071105,1.1462126560249377,0.5868146510374082,-0.5222906206885499,0.4279729486062477,-0.7138167413000552,0.0,1.0,5
-0.3081136096007975,-0.13703703663234995,-0.7351480179686981,-0.6337157923346513,-0.33179341195826045,-0.874223797429654,-0.8246722740028872,-0.4423043961152495,-0.33642857440122725,-0.9575662563669859,-0.9649886301974224,0.0,1.0,6
0.9035109560747924,-0.7374342253780647,-0.12203763927424371,0.8776252230615519,-0.8586401911261414,-0.7590358796504103,0.06311373051415099,0.021139942999860623,-1.451600852125169,-1.2874565432653748,-0.044025037573739836,0.0,1.0,6
-0.08093400353662458,-0.43723563100520724,-0.3264077655057283,1.2159851518815974,-0.4108204288334425,-0.24069024964381375,-0.007909149847212065,-0.3911892116540308,-1.1418307749796304,-0.09985151043117445,0.7932145920841537,0.0,1.0,7
0.6006048146558948,-0.6773945065034932,0.6273194902412005,-0.8818464068026846,-0.2264240561246842,0.2776553803627828,0.6312967734050554,-0.9602715986556445,-0.8320606978340915,-0.42974179732956375,0.542042703186785,0.0,1.0,5
-0.913925892438592,-0.4972753498797788,0.15045586236773625,-0.8367317496266786,-0.27910873404147235,-1.3925694274362506,-1.517145357526177,-0.7149187132417871,0.40701961074806925,0.6259071207452813,-0.1277490005395289,0.0,1.0,5
-0.6867462863744191,-0.7974739442526363,0.08233248695724127,2.0054916524617035,-0.27910873404147235,2.1782560237203037,1.1462126560249377,0.8866903998765882,0.8406977187518241,-0.23180762519053016,-0.1277490005395289,0.0,1.0,6
0.07051906717282422,-1.2777916952492079,0.014209111546746275,2.1182782954017187,-0.14739703924950215,0.220061421473161,-0.09668775029891588,0.9889207687990256,-0.15056652811390175,-1.2214784858856973,-1.132436556129002,0.0,1.0,6
1.357870168203138,1.4239956541065082,-0.46265451632671833,-0.6788304495106573,1.2487469255453825,-1.277381509657007,-1.6591911182489032,1.0877434587573969,0.28311157988985314,1.2197096371623812,-0.7975407042658443,1.0,0.0,5
-0.0052074681818998474,-0.8575136631272077,-0.12203763927424371,-0.6788304495106573,-0.46350510675023066,0.7384070514797575,1.3060141368380045,-1.157916978572387,0.4689736261771759,-0.8256101416076306,1.2118344069131004,0.0,1.0,6
-1.7469177813405594,0.01306226055407853,0.15045586236773625,-0.9044037353906876,0.3004227230431969,0.1048735036939173,0.50700673277267,-1.0625019675780818,0.09724953360253041,-0.891588198987308,-0.37892088943689756,0.0,1.0,5
2.418041663169279,-0.07699731775777843,2.1260337492720893,-0.4983718208066331,0.7219001463775018,-1.4501633863258725,-1.6414353981585623,1.8067637201786384,0.22115756446074375,1.351665751921737,0.542042703186785,1.0,0.0,7
-0.5352932156649703,-0.7974739442526363,0.6954428656516954,-0.8818464068026846,0.06334167241765026,0.16246746258353914,-0.238733511021642,-0.6126883443193119,-0.646198651546766,-1.0235443137466638,-0.7138167413000552,0.0,1.0,6
-0.3081136096007975,0.6434793087370793,-0.25828439009523335,4.7462070759040715,-0.674243818417383,-0.1830962907541919,0.13413661087551404,2.880182593864345,-1.0179227441214143,-0.7596320842279527,0.03969892539204922,0.0,1.0,6
0.07051906717282422,-0.37719591213063575,0.6954428656516954,-0.8592890782146816,-0.6215591405005949,-0.06790837297494821,0.48925101268232934,-0.8341874769846308,-0.33642857440122725,-0.6936540268482748,0.12342288835783828,0.0,1.0,4
-0.6110197510196944,0.5233998709879362,-0.3264077655057283,-0.8818464068026846,-0.06837002237431992,-1.4501633863258725,-0.07893203020857512,-0.2037668686295244,0.09724953360253041,-0.09985151043117445,-1.216160519094791,0.0,1.0,4
0.5248782793011707,0.5834395898625077,0.3548259885992209,0.18962670112745927,-0.6215591405005949,-0.1830962907541919,-0.3807792717443681,-0.851225871805037,-0.39838258983033387,0.03210460432818127,1.7141781847078363,0.0,1.0,7
-0.4595666803102463,0.2832409954896504,0.4229493640097159,1.058083851765576,-0.09471236133271399,1.0839708048174885,1.9807315002709536,1.1490816801108896,0.4689736261771759,0.2300387764672141,-0.9649886301974224,0.0,1.0,6
0.2976986732369971,0.8235984653607935,0.08233248695724127,0.44903597988949423,-0.8586401911261414,-0.9318177563192758,0.27618237159824016,-0.919379451086662,0.15920354903163708,-0.5616979120889191,1.6304542217420472,0.0,1.0,7
-0.838199357083868,-0.9775931008763507,0.4229493640097159,-0.6111584637466483,-0.6215591405005949,-0.12550233186457005,-0.06117631011823436,-1.6622534652564418,-0.39838258983033387,-0.29778568257020804,1.5467302587762581,0.0,1.0,6
-0.4595666803102463,-0.3471760526933503,1.1723064935251601,1.4415584377616277,-0.5688744625838068,1.5447224759344633,0.4004724122306255,0.9616593370863832,-0.8940147132631981,0.03210460432818127,-1.3836084450263693,0.0,1.0,6
-0.15666053889134865,-0.6173547876289218,-0.12203763927424371,1.644574395053655,-0.5688744625838068,2.408631859278791,1.0219226153925522,0.30738497598270054,-1.451600852125169,0.2300387764672141,-0.1277490005395289,0.0,1.0,6
-0.3081136096007975,-0.13703703663234995,0.15045586236773625,-0.8592890782146816,-0.33179341195826045,-0.9318177563192758,-0.842427994093228,-0.8853026614458495,-1.0798767595505236,-0.42974179732956375,0.03969892539204922,0.0,1.0,4
-1.0653789631480408,-0.9175533820017792,0.08233248695724127,-0.18256922057459063,-0.4898474457086247,1.0839708048174885,0.32944953186926246,-1.1681400154646233,-0.39838258983033387,-0.7596320842279527,0.6257666661525756,0.0,1.0,7
0.9792374914295164,0.7035190276116507,1.8535402476301093,-0.8141744210386755,9.414872002647536,-0.8166298385400321,-1.2330538360807248,0.8594289681639458,-1.2037847904087398,5.310349194702406,-1.132436556129002,1.0,0.0,5
-1.5197381752763865,0.16316155774050736,0.08233248695724127,-0.8592890782146816,-0.7532708352925652,-0.9894117152088977,-0.5938479128284573,-1.4646080853397372,0.9026517341809336,-1.0235443137466638,0.9606625180157319,0.0,1.0,6
-0.5352932156649703,-0.9175533820017792,-0.25828439009523335,-0.8141744210386755,-0.27910873404147235,-0.4710660852023011,-0.4340464320153904,-1.4032698639862444,-0.2744745589721178,-0.1658295678108523,0.9606625180157319,0.0,1.0,7
0.14624560252754895,-0.9775931008763507,-0.3264077655057283,-0.8367317496266786,-0.2264240561246842,-0.24069024964381375,-0.16771063066027894,-0.1696900789887119,1.8319619656175528,0.8238412928843148,0.03969892539204922,0.0,1.0,6
2.418041663169279,1.6041148107302228,1.1723064935251601,-0.6562731209226543,3.777611465551211,-1.4501633863258725,-1.747969718700607,1.6704565616153506,-0.39838258983033387,0.6259071207452813,-1.802228259855316,1.0,0.0,3
-0.3081136096007975,1.123797059733651,0.21857923777823088,-0.27279853492660283,-0.5952168015422008,-0.24069024964381375,-0.09668775029891588,-1.3283009267764494,0.22115756446074375,0.2300387764672141,1.7979021476736254,0.0,1.0,8
0.22197213788227302,0.9436779031099366,0.28670261318872586,0.24602002259746686,0.37944973991837877,-0.7590358796504103,-0.22097779093130124,1.1252279273623134,0.7787437033227175,1.747534096199804,-0.044025037573739836,1.0,0.0,5
-0.4595666803102463,1.7241942484793658,-2.1657389015890915,-0.16001189198658766,0.958981197003048,1.1991587225967322,-0.6559929331446499,0.36872319733619324,-0.15056652811390175,-0.5616979120889191,-0.8812646672316334,1.0,0.0,5
-0.08093400353662458,2.444670874974223,-2.0976155261785965,-0.6337157923346513,0.06334167241765026,-1.1045996329881413,-1.7124582785199254,-0.708103355313617,1.0265597650391496,-0.891588198987308,1.8816261106394159,1.0,0.0,6
-1.3682851045669377,-0.827493803689922,-1.0757648950211727,1.7009677165236625,-0.14739703924950215,0.04727954480429546,0.0098465702431287,0.38916927112066557,1.0885137804682563,-1.0235443137466638,0.2071468513236288,0.0,1.0,6
0.7520578853653429,5.926974569699369,-2.1657389015890915,-0.7465024352746664,0.6428731295023195,-1.5653513041051161,-1.81899259906197,0.648152872390863,1.8939159810466595,-0.29778568257020804,0.29087081428941786,1.0,0.0,5
-0.4595666803102463,-1.0976725386254935,-0.46265451632671833,1.0806411803535791,-0.2000817171662901,1.6887073731585178,0.4004724122306255,0.17107781741945063,-0.39838258983033387,-1.0235443137466638,-0.4626448524026866,0.0,1.0,6
-1.6711912459858353,1.2438764974827943,-1.2120116458421626,0.7422812515335337,-0.647901479458989,0.2776553803627828,0.8798768546698261,-0.919379451086662,1.8939159810466595,-0.1658295678108523,1.6304542217420472,0.0,1.0,8
0.6006048146558948,0.10312183886593582,0.49107273942021085,-0.7690597638626695,-0.8586401911261414,-0.24069024964381375,-0.3807792717443681,-1.1374709047878768,-0.4603366052594433,-0.29778568257020804,1.1281104439473115,0.0,1.0,6
-0.15666053889134865,0.0430821199913643,-0.05391426386374872,-0.7239451066866635,0.326765062001591,-0.874223797429654,0.8443654144891446,-0.03338292042546203,-0.2744745589721178,-0.42974179732956375,-0.9649886301974224,0.0,1.0,5
-0.3081136096007975,-0.9175533820017792,0.08233248695724127,-0.024667920458569362,-0.25276639508307824,0.6808130925901357,0.27618237159824016,-0.5683885177862632,-0.646198651546766,0.164060719087537,0.37459477725520696,0.0,1.0,6
-0.3081136096007975,0.5233998709879362,-0.3945311409162233,0.04300406530543969,-0.35813575091665456,0.565625174810892,1.0929454957539153,-1.1374709047878768,-0.33642857440122725,-0.8256101416076306,1.4630062958104693,0.0,1.0,6
0.6763313500106188,-0.4972753498797788,-0.3264077655057283,-0.16001189198658766,-0.7005861573757771,0.7384070514797575,0.1518923309658548,-0.8103337242360544,-0.39838258983033387,-1.3534346006450526,0.542042703186785,0.0,1.0,6
0.37342520859172185,-0.37719591213063575,-0.5307778917372133,-0.5886011351586452,-0.33179341195826045,-0.06790837297494821,0.7555868140374408,-0.4695658278278919,0.28311157988985314,0.164060719087537,0.03969892539204922,0.0,1.0,6
-0.6867462863744191,-0.19707675550692147,-0.12203763927424371,1.125755837529585,-0.27910873404147235,1.0839708048174885,1.7321514190061829,0.5799992931092381,3.1949503050579295,0.09808266170785913,1.1281104439473115,0.0,1.0,6
-1.2925585692122137,-1.0976725386254935,-0.6670246425582032,-0.11489723481058156,-0.7005861573757771,-0.010314414085326379,-0.22097779093130124,-0.23784365827033685,0.09724953360253041,-1.1555004285060195,-0.9649886301974224,0.0,1.0,6
-0.5352932156649703,-0.7374342253780647,-0.05391426386374872,-0.25024120633859975,-0.27910873404147235,-0.7590358796504103,-0.14995491056993818,-1.1988091261413696,-0.4603366052594433,-1.4853907154044084,0.7932145920841537,0.0,1.0,5
-1.2925585692122137,1.6641545296047942,0.08233248695724127,-0.7465024352746664,-0.5161897846670188,-0.35587816742305745,0.06311373051415099,-2.3574199739291073,-0.4603366052594433,-0.9575662563669859,2.5095558328828362,0.0,1.0,6
1.812229380331484,0.40332043323879313,0.3548259885992209,-0.6111584637466483,0.9062965190862599,-1.1621935918777633,-1.6236796780682217,1.1456740011467856,0.09724953360253041,0.164060719087537,-0.044025037573739836,1.0,0.0,5
-0.4595666803102463,1.4239956541065082,-2.1657389015890915,-0.6337157923346513,1.1433775697118065,1.1415647637071105,-0.913450874454591,0.3210156918390406,2.2656400736213076,0.9557974076436706,0.7094906291183647,1.0,0.0,6
-0.15666053889134865,-1.0976725386254935,-0.12203763927424371,-0.5434864779826392,-0.35813575091665456,0.220061421473161,-0.4340464320153904,-1.372600753309536,-2.133095021845359,-0.42974179732956375,0.542042703186785,0.0,1.0,6
0.6763313500106188,-0.19707675550692147,-0.5307778917372133,-0.7690597638626695,-0.647901479458989,-1.1621935918777633,-0.842427994093228,-0.7149187132417871,-0.8940147132631981,-0.42974179732956375,-0.044025037573739836,0.0,1.0,5
0.14624560252754895,-0.19707675550692147,1.104183118114665,2.0731636382257124,-0.38447808987504845,1.8326922703825725,1.5901056582834567,1.2956118755663757,-1.0179227441214143,0.3619948912265698,-0.9649886301974224,0.0,1.0,5
-0.4595666803102463,0.553419730425222,0.4229493640097159,0.9452972088255608,0.03699933345925637,2.06306810594106,2.2825787418067462,1.3058349124586497,0.035295518173421,0.03210460432818127,-1.216160519094791,0.0,1.0,6
-0.7624728217291432,0.6434793087370793,-0.3945311409162233,-0.13745456339858453,0.16871102825122655,1.8902862292721943,1.6256170984641383,-0.1696900789887119,0.28311157988985314,-0.09985151043117445,-0.6300927783342647,0.0,1.0,4
-0.08093400353662458,-1.0376328197509221,0.4229493640097159,0.5392652942415064,-0.12105470029110807,1.0839708048174885,1.19947981629596,0.4436921345459882,0.7787437033227175,-0.09985151043117445,-0.7975407042658443,0.0,1.0,6
-0.7624728217291432,-0.4972753498797788,-0.803271393379193,0.6746092657695245,-0.25276639508307824,0.2776553803627828,-0.06117631011823436,-0.016344525605055792,-0.7081526669758754,-0.7596320842279527,-0.1277490005395289,0.0,1.0,6
-0.15666053889134865,-0.8575136631272077,0.21857923777823088,0.8550678944735489,-0.5161897846670188,0.04727954480429546,-0.20322207084096047,-0.21058222655769443,-0.5842446361176594,-0.29778568257020804,0.37459477725520696,0.0,1.0,6
-0.08093400353662458,0.0430821199913643,-0.5307778917372133,2.343851581281749,-0.04202768341592585,0.9111889281486231,1.4835713377414121,1.4659958237704758,-0.646198651546766,-0.29778568257020804,-1.4673324079921584,0.0,1.0,5
-0.6110197510196944,-0.9775931008763507,2.8753908787875333,1.5543450807016428,-0.27910873404147235,1.3719405992655977,0.9508997350311892,1.1252279273623134,2.203686058192201,0.9557974076436706,-0.37892088943689756,0.0,1.0,5
-0.15666053889134865,-0.5573150687543503,0.08233248695724127,-0.6562731209226543,-0.9376672080013234,-0.7590358796504103,-0.6826265132801611,-1.4612004063756332,0.22115756446074375,-0.5616979120889191,1.4630062958104693,0.0,1.0,6
-0.4595666803102463,-0.7374342253780647,0.3548259885992209,-0.7690597638626695,-0.4371627677918366,0.04727954480429546,-0.238733511021642,-1.5020925539446157,-0.4603366052594433,0.8238412928843148,1.2118344069131004,0.0,1.0,5
-0.9896524277933161,0.10312183886593582,0.6273194902412005,-0.8367317496266786,-0.25276639508307824,0.8535949692590012,-0.1854663507506197,-0.9534562407274744,0.6548356724645014,-0.1658295678108523,0.03969892539204922,0.0,1.0,6
-0.38384014495552155,-0.4972753498797788,-0.12203763927424371,-0.7239451066866635,-0.35813575091665456,-0.29828420853343557,0.11638089078517329,-0.03338292042546203,1.3363298421846885,0.49395100598592556,-0.2951969264711085,0.0,1.0,6
0.07051906717282422,0.3432807143642219,-0.5307778917372133,0.38136399412548516,0.03699933345925637,0.6232191337005138,0.9153882948505077,0.17107781741945063,-0.15056652811390175,-0.8256101416076306,-0.5463688153684757,0.0,1.0,6
2.948127410652349,-0.19707675550692147,1.44479999516714,-0.6337157923346513,0.08968401137604433,-1.5653513041051161,-1.8545040392426515,0.4164307028333458,-1.2657388058378465,1.945468268338837,0.29087081428941786,1.0,0.0,7
-0.15666053889134865,-0.5573150687543503,1.649170121398625,-0.6788304495106573,-0.5688744625838068,-0.5862540029815447,-0.34526783156368657,-0.919379451086662,0.035295518173421,-0.03387345305149659,0.37459477725520696,0.0,1.0,6
-0.38384014495552155,-0.19707675550692147,-0.05391426386374872,-0.024667920458569362,-0.674243818417383,-0.5862540029815447,0.6490524934953962,-0.6467651339601244,0.8406977187518241,1.8794902109591591,1.2118344069131004,0.0,1.0,7
0.6763313500106188,-0.31715619325606453,1.1723064935251601,0.47159330847749714,-0.38447808987504845,-0.4710660852023011,0.16964805105619557,-0.03338292042546203,-0.5222906206885499,-0.8256101416076306,0.2071468513236288,0.0,1.0,6
-0.23238707424607272,-0.9175533820017792,0.08233248695724127,-0.7690597638626695,-0.35813575091665456,1.8902862292721943,0.6135410533147146,-0.6808419236009368,1.3363298421846885,-0.09985151043117445,0.2071468513236288,0.0,1.0,5
-0.838199357083868,-1.1577122575000651,-0.1901610146847387,0.26857735118547,-0.27910873404147235,0.5080312159212702,0.6490524934953962,0.07225512746107933,2.327594089050417,-0.6276759694685969,0.03969892539204922,0.0,1.0,6
0.22197213788227302,-0.9775931008763507,0.3548259885992209,0.26857735118547,-0.17373937820789603,-0.5286600440919229,0.4182281323209663,0.32783104976721067,-0.15056652811390175,0.09808266170785913,-0.044025037573739836,0.0,1.0,6
-0.3081136096007975,-0.19707675550692147,-0.12203763927424371,0.6746092657695245,-0.7532708352925652,0.16246746258353914,0.13413661087551404,-0.9739023145119846,-0.5842446361176594,0.6259071207452813,1.7141781847078363,0.0,1.0,7
-0.9896524277933161,1.1838367786082227,-2.1657389015890915,-0.9495183925666938,-0.647901479458989,-1.0470056740985194,-0.5760921927381165,-0.5581654808940271,0.15920354903163708,-1.1555004285060195,-1.4673324079921584,0.0,1.0,5
0.2976986732369971,-0.19707675550692147,-0.3264077655057283,0.1783480368334578,-0.5425321236254129,-0.41347212631267927,-0.09668775029891588,-0.17309775795277801,0.7167896878936081,0.03210460432818127,0.37459477725520696,0.0,1.0,6
1.887955915686208,-0.13703703663234995,1.512923370577635,-0.5660438065706422,0.9853235359614421,-0.12550233186457005,-0.5583364726477758,1.3296886652071882,0.3450655953189598,1.8794902109591591,-0.7975407042658443,1.0,0.0,5
-0.6110197510196944,-0.9175533820017792,0.6954428656516954,-0.4758144922186301,-0.647901479458989,0.1048735036939173,-0.5583364726477758,-1.2601473474948244,0.4689736261771759,-0.8256101416076306,0.9606625180157319,0.0,1.0,6
-0.913925892438592,-1.0376328197509221,-0.7351480179686981,0.2234626940094639,-0.17373937820789603,-0.24069024964381375,0.3472052519596032,-0.2037668686295244,-0.8940147132631981,0.03210460432818127,-0.6300927783342647,0.0,1.0,6
0.5248782793011707,-0.4972753498797788,0.08233248695724127,1.1934278232935944,-0.46350510675023066,2.4662258181684127,1.7321514190061829,0.8185368205949632,-1.8233249446998174,-0.29778568257020804,-0.8812646672316334,0.0,1.0,6
1.2064170974936899,-0.9175533820017792,-0.12203763927424371,-0.0021105918705664113,-0.7532708352925652,0.220061421473161,0.09862517069483252,-0.708103355313617,-1.7613709292707107,-0.42974179732956375,0.542042703186785,0.0,1.0,5
-0.6867462863744191,-0.6773945065034932,0.08233248695724127,0.42647865130149126,-0.12105470029110807,-0.41347212631267927,0.06311373051415099,-0.23784365827033685,0.035295518173421,-0.49571985470924124,-0.1277490005395289,0.0,1.0,6
0.5248782793011707,1.3639559352319366,-0.05391426386374872,-0.6788304495106573,0.5901884515855313,-1.1621935918777633,-0.6293593530091388,0.7742369940619146,0.40701961074806925,1.0217754650233477,-0.8812646672316334,1.0,0.0,6
-0.838199357083868,-0.4972753498797788,1.30855324434615,-0.6337157923346513,-0.17373937820789603,1.7750983114929506,0.7023196537664185,-0.5445347650376869,-0.8940147132631981,0.4279729486062477,-0.6300927783342647,0.0,1.0,6
-0.4595666803102463,0.5233998709879362,-0.5307778917372133,1.5543450807016428,-0.4371627677918366,1.3719405992655977,0.7910982542181223,0.5868146510374082,-0.5222906206885499,0.03210460432818127,-0.6300927783342647,0.0,1.0,6
0.22197213788227302,1.7241942484793658,-1.3482583966631525,0.02044673671743654,1.433143298254141,1.1415647637071105,-0.07893203020857512,1.2956118755663757,0.22115756446074375,1.5495999240607705,-0.9649886301974224,1.0,0.0,5
0.4491517439464459,-0.7374342253780647,0.28670261318872586,-0.8141744210386755,-0.015685344457531777,-0.5286600440919229,0.6845639336760777,-0.5104579753968744,-0.15056652811390175,-0.03387345305149659,-0.1277490005395289,0.0,1.0,6
-2.1255504581141813,-0.13703703663234995,0.49107273942021085,-0.16001189198658766,-0.7005861573757771,0.04727954480429546,0.22291521132721787,-1.8598988451731846,1.4602378730429044,-1.1555004285060195,1.8816261106394159,0.0,1.0,8
0.6006048146558948,1.0637573408590797,-0.46265451632671833,-0.6788304495106573,0.5638461126271372,-0.6438479618711667,-0.9844737548159541,0.5527378613965958,0.4689736261771759,-0.36376373994988587,-0.2951969264711085,1.0,0.0,5
-0.23238707424607272,0.6434793087370793,-1.4163817720736476,-0.5886011351586452,-0.35813575091665456,-1.3925694274362506,-1.81899259906197,-0.326443311336472,0.4689736261771759,0.757863235504637,0.7094906291183647,1.0,0.0,6
4.386931582392112,-0.13703703663234995,2.2622805000930795,-0.5434864779826392,0.958981197003048,-0.874223797429654,-1.1975423959000433,1.7386101408970134,-1.0798767595505236,0.49395100598592556,0.03969892539204922,1.0,0.0,5
-0.23238707424607272,0.8235984653607935,0.28670261318872586,-0.3404705206906119,-0.7005861573757771,0.04727954480429546,0.364960972049944,-1.3964545060581122,-0.5222906206885499,-1.0235443137466638,1.3792823328446786,0.0,1.0,7
0.6763313500106188,-0.6173547876289218,0.08233248695724127,1.170870494705591,-0.2264240561246842,0.9111889281486231,0.4714952925919886,0.9207671895174007,-0.39838258983033387,-0.36376373994988587,-0.21147296350531794,0.0,1.0,6
1.812229380331484,-0.07699731775777843,1.3766766197566451,-0.6337157923346513,0.458476756793561,-0.9894117152088977,-1.5881682378875401,0.201746928096197,0.8406977187518241,1.4836218666810927,1.5467302587762581,1.0,0.0,7
-0.838199357083868,-0.5573150687543503,-0.9395181442001829,1.2385424804696004,-0.2000817171662901,0.6232191337005138,0.16964805105619557,0.6140760827500505,-0.5222906206885499,-1.2214784858856973,-0.044025037573739836,0.0,1.0,5
0.9035109560747924,-0.19707675550692147,-0.05391426386374872,-0.9156823996846891,-0.9376672080013234,1.256752681486354,0.5957853332243739,-1.4032698639862444,-1.8233249446998174,-1.4194126580247306,0.7932145920841537,0.0,1.0,5
-1.0653789631480408,-0.7374342253780647,-0.46265451632671833,-0.7916170924506725,-0.8586401911261414,-0.5286600440919229,-0.09668775029891588,-0.7353647870262594,0.9026517341809336,0.296016833846892,-0.1277490005395289,0.0,1.0,6
3.3267600874259706,0.4633601521133647,1.44479999516714,-0.385585177866618,1.2750892645037766,0.16246746258353914,-0.29200067129266427,2.215685195868388,-0.15056652811390175,2.7372049568949706,-1.132436556129002,1.0,0.0,5
4.00829890561849,0.7035190276116507,1.1723064935251601,-0.11489723481058156,0.35310740095998505,-0.24069024964381375,-1.1620309557193618,1.2274582962847507,-1.0798767595505236,0.2300387764672141,-0.7975407042658443,1.0,0.0,4
-0.0052074681818998474,-0.5573150687543503,0.3548259885992209,-0.5660438065706422,0.16871102825122655,-1.1045996329881413,-1.304076716442088,-0.03679059938952814,1.8319619656175528,1.747534096199804,1.5467302587762581,1.0,0.0,7
-0.15666053889134865,-0.6773945065034932,0.28670261318872586,0.47159330847749714,-0.7532708352925652,0.04727954480429546,-0.1854663507506197,-0.783072292523412,0.7787437033227175,-0.42974179732956375,1.2955583698788895,0.0,1.0,8
-0.3081136096007975,-0.43723563100520724,1.1723064935251601,-0.8592890782146816,-0.33179341195826045,0.2776553803627828,0.2051594912368771,-1.532761664621362,-0.5842446361176594,-0.36376373994988587,1.2955583698788895,0.0,1.0,7
-1.2925585692122137,-0.257116474381493,-0.46265451632671833,-0.7013877780986604,-0.7269284963341711,0.16246746258353914,0.06311373051415099,-1.6281766756156295,0.8406977187518241,0.8238412928843148,1.6304542217420472,0.0,1.0,6
1.2064170974936899,-0.07699731775777843,0.6273194902412005,0.20090536542146095,0.43213441783516693,-1.3349754685466286,-1.8012368789716293,0.7094910937443558,0.4689736261771759,0.5599290633656034,1.2955583698788895,1.0,0.0,7
-1.6711912459858353,-0.6173547876289218,-0.8713947687896879,-0.0021105918705664113,-0.35813575091665456,-0.7590358796504103,-0.238733511021642,-0.040198278353594255,2.761272197054172,0.2300387764672141,-0.4626448524026866,0.0,1.0,5
4.00829890561849,1.5440750918556512,1.1723064935251601,-0.16001189198658766,1.1433775697118065,-1.4501633863258725,-1.7834811588812884,2.215685195868388,0.15920354903163708,1.351665751921737,1.1281104439473115,1.0,0.0,6
-0.0052074681818998474,-0.5573150687543503,0.49107273942021085,3.1446367461558564,-0.4898474457086247,0.6808130925901357,0.7200753738567592,1.840840509819451,-1.5755088829833852,-0.42974179732956375,-1.2998844820605802,0.0,1.0,6
0.5248782793011707,1.8442736862285087,-2.0976155261785965,-0.5660438065706422,0.5638461126271372,-0.7590358796504103,-1.35734387671311,0.6140760827500505,0.7167896878936081,1.351665751921737,0.9606625180157319,1.0,0.0,7
-0.5352932156649703,1.4239956541065082,-2.1657389015890915,-0.6337157923346513,1.0380082138782303,-1.5653513041051161,-1.8012368789716293,0.36531551837208925,2.4515021199086333,0.5599290633656034,0.7932145920841537,1.0,0.0,4
-0.23238707424607272,-0.257116474381493,0.28670261318872586,-0.11489723481058156,-0.06837002237431992,0.04727954480429546,1.5723499381931159,0.21537764395249928,1.0885137804682563,0.2300387764672141,-0.1277490005395289,0.0,1.0,4
0.22197213788227302,-0.6173547876289218,-0.05391426386374872,1.825033023757679,-0.17373937820789603,-0.24069024964381375,1.1639683761152784,1.479626539626778,-1.0798767595505236,-0.03387345305149659,-1.216160519094791,0.0,1.0,6
0.07051906717282422,1.964353123977652,-2.029492150768102,-0.6337157923346513,0.4057920788767728,0.04727954480429546,-0.39853499183470886,0.39598462904883563,0.592881657035392,0.9557974076436706,0.43041075535653195,1.0,0.0,6
-0.7624728217291432,-0.43723563100520724,0.014209111546746275,0.8550678944735489,-0.25276639508307824,2.005474147051438,1.945220060090272,0.5459225034684256,-0.33642857440122725,-0.42974179732956375,-1.3836084450263693,0.0,1.0,5
-0.3081136096007975,-1.3378314141237795,-0.05391426386374872,0.04300406530543969,-0.3054510729998664,-0.06790837297494821,0.09862517069483252,-0.10153649970708697,1.1504677958973657,-0.49571985470924124,-0.6300927783342647,0.0,1.0,7
0.07051906717282422,-0.37719591213063575,1.512923370577635,1.7799183665816731,-0.2000817171662901,1.8326922703825725,0.853243274534315,1.3296886652071882,-1.0179227441214143,-0.5616979120889191,-1.216160519094791,0.0,1.0,6
0.5248782793011707,-0.07699731775777843,0.6273194902412005,-0.7916170924506725,-0.015685344457531777,-1.3925694274362506,-1.4106110369841325,-0.18332079484505204,0.40701961074806925,1.1537315797827035,0.37459477725520696,1.0,0.0,6
-0.6867462863744191,-0.6173547876289218,1.58104674598813,0.6971665943575275,-0.4371627677918366,2.1206620648306815,1.803174299367546,0.49821499797127305,0.09724953360253041,-0.23180762519053016,-1.132436556129002,0.0,1.0,5
-0.9896524277933161,-0.4972753498797788,-0.46265451632671833,1.689689052229661,-0.5952168015422008,0.45043725703164833,0.6668082135857369,1.0911511377215009,0.6548356724645014,-0.6936540268482748,-0.9649886301974224,0.0,1.0,5
3.7811192995543164,0.8235984653607935,1.512923370577635,-0.5434864779826392,0.7482424853358958,-0.6438479618711667,-0.8956951543642503,1.8749172994602634,-0.7701066824049821,0.49395100598592556,-0.044025037573739836,1.0,0.0,6
-1.3682851045669377,-0.7374342253780647,-0.1901610146847387,-0.8592890782146816,-0.3054510729998664,2.2358499826099254,0.6668082135857369,-0.926194809014832,3.318858335916143,0.6259071207452813,0.37459477725520696,0.0,1.0,7
-0.6110197510196944,-0.6773945065034932,0.21857923777823088,-0.09233990622257862,-0.46350510675023066,0.7384070514797575,0.5780296131340331,-0.7967030083797143,-0.2744745589721178,-0.891588198987308,0.37459477725520696,0.0,1.0,7
-0.6110197510196944,0.7035190276116507,-0.6670246425582032,2.1859502811657276,-0.25276639508307824,1.1991587225967322,1.2172355363863006,1.2870926781561915,1.0265597650391496,0.4279729486062477,-0.044025037573739836,0.0,1.0,5
0.37342520859172185,2.1744921400386517,-1.4845051474841422,-0.5434864779826392,0.7219001463775018,-1.219787550767385,-1.5704125177971993,1.0570743480806883,1.0265597650391496,-0.29778568257020804,-0.7138167413000552,1.0,0.0,5
-0.6867462863744191,0.10312183886593582,-0.25828439009523335,-0.5660438065706422,-0.5688744625838068,-0.7014419207607885,-0.7358936735511834,-1.9825752878801322,-0.7701066824049821,-0.42974179732956375,1.8816261106394159,0.0,1.0,7
1.5850497742673118,-0.43723563100520724,0.6273194902412005,-0.6788304495106573,0.9062965190862599,-1.3925694274362506,-1.747969718700607,1.1933815066439382,0.3450655953189598,1.0877535224030255,-0.7138167413000552,1.0,0.0,5
0.8277844207200683,2.2345318589132233,-1.1438882704316677,-0.7239451066866635,0.8536118411694718,-1.1621935918777633,-1.1087637954483394,0.7844600309541507,0.035295518173421,1.5495999240607705,-0.8812646672316334,1.0,0.0,5
-0.3081136096007975,-0.6173547876289218,0.4229493640097159,0.7422812515335337,-0.3054510729998664,1.1415647637071105,1.252746976566982,0.43687677661781815,-0.4603366052594433,-0.23180762519053016,-0.8812646672316334,0.0,1.0,6
-0.15666053889134865,-1.2777916952492079,-0.12203763927424371,-0.0021105918705664113,-0.015685344457531777,0.04727954480429546,0.13413661087551404,0.0006938692153882753,1.5221918884720138,-0.7596320842279527,-0.044025037573739836,0.0,1.0,6
0.22197213788227302,0.5233998709879362,-0.12203763927424371,-0.6337157923346513,0.14236868929283247,-1.3925694274362506,-1.81899259906197,0.1540394225990444,1.3363298421846885,1.2197096371623812,0.7932145920841537,1.0,0.0,7
-0.3081136096007975,-0.43723563100520724,-0.6670246425582032,0.6971665943575275,-0.5952168015422008,1.4295345581552197,1.5723499381931159,0.5459225034684256,-0.21252054354301114,-0.09985151043117445,-1.3836084450263693,0.0,1.0,5
-0.6867462863744191,-0.257116474381493,-0.5307778917372133,0.35880666553748203,-0.4371627677918366,0.45043725703164833,0.4714952925919886,0.17107781741945063,-0.026658497255685663,-0.42974179732956375,-0.8812646672316334,0.0,1.0,5
-0.23238707424607272,-0.31715619325606453,-0.5989012671477081,0.8099532372975426,-0.015685344457531777,1.4871285170448414,1.785418579277205,0.7503832413133383,-0.33642857440122725,-0.6276759694685969,-1.4673324079921584,0.0,1.0,5
-0.5352932156649703,-0.7374342253780647,0.014209111546746275,-0.6337157923346513,-0.7532708352925652,0.3352493392524047,-0.39853499183470886,-1.2737780633511646,0.28311157988985314,0.3619948912265698,1.1281104439473115,0.0,1.0,7
-0.6867462863744191,-0.43723563100520724,1.1723064935251601,-0.8592890782146816,0.16871102825122655,0.2776553803627828,-0.39853499183470886,-1.157916978572387,0.9646057496100402,-0.7596320842279527,1.3792823328446786,0.0,1.0,6
-0.38384014495552155,-0.19707675550692147,0.014209111546746275,2.1408356239897217,-0.4898474457086247,-1.3925694274362506,-0.6293593530091388,-0.12879793141972937,-0.5222906206885499,-1.2874565432653748,1.6304542217420472,0.0,1.0,5
0.4491517439464459,-0.31715619325606453,-0.1901610146847387,-0.4194211707486225,-0.33179341195826045,0.6232191337005138,0.04535801042381023,-1.0113867831168633,0.09724953360253041,-1.2214784858856973,0.7932145920841537,0.0,1.0,5
-0.838199357083868,4.546061035584225,-1.0757648950211727,-0.13745456339858453,-0.6215591405005949,-1.277381509657007,-0.09668775029891588,-1.3351162847046194,0.7787437033227175,-0.42974179732956375,1.5467302587762581,0.0,1.0,4
0.6006048146558948,0.22320127661507888,0.8316896164726855,-0.7013877780986604,1.0906928917950183,-1.3925694274362506,-1.7657254387909478,0.3755385552643633,0.4689736261771759,0.6918851781249591,0.7094906291183647,1.0,0.0,6
-0.5352932156649703,0.16316155774050736,0.08233248695724127,-0.25024120633859975,-0.7796131742509592,0.565625174810892,0.27618237159824016,-1.3283009267764494,0.3450655953189598,-0.9575662563669859,1.7979021476736254,0.0,1.0,7
0.5248782793011707,1.123797059733651,-0.5307778917372133,-0.6788304495106573,0.4057920788767728,-0.874223797429654,-0.16771063066027894,0.5118457138276131,0.28311157988985314,0.03210460432818127,-0.9649886301974224,1.0,0.0,6
-0.7624728217291432,0.0430821199913643,-1.9613687753576068,-0.8592890782146816,0.19505336720962063,-0.06790837297494821,0.09862517069483252,-0.37415081683362456,-0.026658497255685663,0.03210460432818127,-1.216160519094791,0.0,1.0,5
-2.5041831348878034,-0.707414365940779,0.5591961148307059,-0.18256922057459063,-0.7005861573757771,-0.06790837297494821,0.06311373051415099,-1.8735295610295246,2.1417320427630915,-1.1555004285060195,1.8816261106394159,0.0,1.0,8
-1.0653789631480408,-1.3378314141237795,-0.7351480179686981,-0.8367317496266786,-0.015685344457531777,0.2776553803627828,0.11638089078517329,-1.2601473474948244,0.592881657035392,-1.3534346006450526,0.7094906291183647,0.0,1.0,6
-1.5954647106311113,0.763558746486222,-2.029492150768102,-0.8367317496266786,-0.5952168015422008,-0.7014419207607885,-1.2508095561710655,-0.8171490821642245,4.186214551923656,0.5599290633656034,1.8816261106394159,1.0,0.0,6
-0.0052074681818998474,1.123797059733651,-1.2801350212526574,-0.6788304495106573,0.03699933345925637,-0.7014419207607885,-1.6414353981585623,0.41983838179741195,-0.08861251268479507,0.9557974076436706,-0.5463688153684757,1.0,0.0,6
0.2976986732369971,-0.31715619325606453,-0.1901610146847387,-0.13745456339858453,-0.14739703924950215,-0.24069024964381375,0.5602738930436924,-0.2037668686295244,-0.39838258983033387,-0.9575662563669859,-0.2951969264711085,0.0,1.0,5
-0.38384014495552155,-0.257116474381493,0.8316896164726855,3.0431287675098426,0.010656994500862296,2.005474147051438,1.945220060090272,1.7249794250406734,-0.7081526669758754,-0.03387345305149659,-1.216160519094791,0.0,1.0,5
-1.0653789631480408,-1.1577122575000651,-0.25828439009523335,-0.9495183925666938,-0.5161897846670188,0.7384070514797575,0.22291521132721787,-0.8580412297332071,0.09724953360253041,-0.1658295678108523,-1.0487125931632115,0.0,1.0,5
0.5248782793011707,1.1838367786082227,0.15045586236773625,-0.5660438065706422,0.5111614347103491,-1.277381509657007,-1.7302139986102663,-0.7319571080621934,-0.15056652811390175,1.2197096371623812,2.132797999536783,1.0,0.0,8
-0.5352932156649703,0.0430821199913643,0.28670261318872586,-0.9495183925666938,-0.5952168015422008,0.1048735036939173,-0.06117631011823436,-1.7304070445381046,-0.7081526669758754,-0.23180762519053016,1.2955583698788895,0.0,1.0,8
-0.5352932156649703,-0.6773945065034932,0.49107273942021085,-0.7013877780986604,-0.5425321236254129,0.6232191337005138,-0.29200067129266427,-1.532761664621362,-0.21252054354301114,-0.6936540268482748,1.1281104439473115,0.0,1.0,7
-0.15666053889134865,2.4146510155369376,-1.3482583966631525,-0.7239451066866635,1.512170315129323,-0.874223797429654,-0.8956951543642503,0.47095356625863066,-0.026658497255685663,0.3619948912265698,-0.8812646672316334,1.0,0.0,6
-0.38384014495552155,-0.6173547876289218,-0.3945311409162233,0.0881187224814458,-0.7005861573757771,-0.874223797429654,-0.36302355165402733,-1.3794161112376682,-0.4603366052594433,-1.0235443137466638,1.7979021476736254,0.0,1.0,6
0.2976986732369971,-1.0376328197509221,0.9679363672936755,-0.9269610639786906,-0.5425321236254129,1.8902862292721943,0.5780296131340331,-1.1033941151470643,-1.2657388058378465,-0.8256101416076306,0.12342288835783828,0.0,1.0,6
-0.0052074681818998474,2.3245914372250804,-2.029492150768102,-0.5660438065706422,0.5111614347103491,-0.8166298385400321,-1.286320996351747,0.9207671895174007,1.3363298421846885,-0.09985151043117445,-1.0487125931632115,1.0,0.0,5
-0.23238707424607272,-0.5573150687543503,0.15045586236773625,-0.8367317496266786,-0.5688744625838068,-0.1830962907541919,-0.5760921927381165,-1.3794161112376682,-0.2744745589721178,-0.6276759694685969,1.3792823328446786,0.0,1.0,6
-1.8226443166952842,-1.0376328197509221,-0.25828439009523335,-0.4758144922186301,-0.7005861573757771,-0.4710660852023011,-0.06117631011823436,-1.4646080853397372,0.9646057496100402,-1.2874565432653748,0.6257666661525756,0.0,1.0,7
1.433596703557862,1.7842339673539374,-0.5989012671477081,-0.430699835042624,1.0116658749198362,-0.9894117152088977,-1.35734387671311,1.8067637201786384,0.3450655953189598,0.3619948912265698,-0.7138167413000552,1.0,0.0,5
0.8277844207200683,-0.7974739442526363,0.5591961148307059,-0.7690597638626695,-0.647901479458989,0.2776553803627828,-0.07893203020857512,-1.2942241371356369,-1.2657388058378465,0.4279729486062477,1.965350073605205,0.0,1.0,7
0.5248782793011707,1.0637573408590797,-0.3945311409162233,-0.7013877780986604,0.5901884515855313,0.6808130925901357,0.4537395725016478,0.648152872390863,0.035295518173421,0.03210460432818127,-0.8812646672316334,1.0,0.0,5
-0.5352932156649703,0.5834395898625077,1.1723064935251601,0.6069372800055155,-0.3054510729998664,-0.8166298385400321,0.96865545512153,0.40961534490517576,-0.7081526669758754,-1.0895223711263415,-1.5510563709579488,0.0,1.0,6
-0.6110197510196944,-0.19707675550692147,-1.5526285228946373,-0.8141744210386755,0.24773804512640876,-0.874223797429654,-1.5349010776165177,0.0313629798920968,1.2124218113264724,1.0877535224030255,-0.4626448524026866,1.0,0.0,7
-0.08093400353662458,-0.0169575988832069,-0.803271393379193,0.24602002259746686,0.16871102825122655,0.9687828870382449,0.8798768546698261,0.034770658856200745,-0.33642857440122725,-0.7596320842279527,-0.4626448524026866,0.0,1.0,5
-0.3081136096007975,-0.13703703663234995,-0.12203763927424371,-0.385585177866618,-0.7269284963341711,-0.874223797429654,-0.611603632918798,-1.3248932478123834,0.6548356724645014,0.6259071207452813,1.7141781847078363,0.0,1.0,7
-0.838199357083868,-0.37719591213063575,-0.5989012671477081,-0.18256922057459063,-0.4898474457086247,-0.9894117152088977,-0.34526783156368657,-1.8803449189576946,-1.5755088829833852,1.0877535224030255,2.132797999536783,0.0,1.0,6
-0.913925892438592,-0.43723563100520724,-1.1438882704316677,-0.7916170924506725,-0.015685344457531777,0.2776553803627828,0.24067093141755863,-0.3059972375519618,-0.646198651546766,-0.5616979120889191,-1.4673324079921584,0.0,1.0,5
1.2064170974936899,0.10312183886593582,0.8316896164726855,-0.7013877780986604,-0.4371627677918366,-1.219787550767385,0.11638089078517329,0.273308186341888,-0.21252054354301114,-0.36376373994988587,-0.5463688153684757,0.0,1.0,6
-0.3081136096007975,-1.0976725386254935,0.28670261318872586,-0.8367317496266786,-0.5952168015422008,0.1048735036939173,-0.29200067129266427,-1.3351162847046194,-1.2657388058378465,0.296016833846892,0.6257666661525756,0.0,1.0,6
-0.3081136096007975,-0.5573150687543503,-0.1901610146847387,-0.6788304495106573,-0.38447808987504845,-0.6438479618711667,1.3237698569283451,0.23923139670107557,1.4602378730429044,0.03210460432818127,-0.2951969264711085,0.0,1.0,6
-0.6110197510196944,-1.0976725386254935,0.6954428656516954,-0.9044037353906876,-0.5425321236254129,-0.06790837297494821,-0.02566486993755283,-1.2601473474948244,-0.2744745589721178,-0.09985151043117445,0.37459477725520696,0.0,1.0,6
-0.23238707424607272,-0.9175533820017792,0.08233248695724127,-0.7690597638626695,-0.46350510675023066,-0.1830962907541919,-0.29200067129266427,-1.600915243902987,-0.8320606978340915,-0.49571985470924124,1.4630062958104693,0.0,1.0,7
0.2976986732369971,1.9343332645403661,-1.4845051474841422,-0.7916170924506725,0.24773804512640876,-0.1830962907541919,-1.0554966351773172,0.6992680568521196,1.0265597650391496,-0.1658295678108523,-1.0487125931632115,1.0,0.0,5
-0.5352932156649703,-0.0169575988832069,0.9679363672936755,-0.9044037353906876,-0.8849825300845354,-1.3925694274362506,-0.611603632918798,-1.9927983247723682,-0.4603366052594433,0.03210460432818127,1.965350073605205,0.0,1.0,6
0.2976986732369971,-0.9175533820017792,0.6954428656516954,-0.7916170924506725,-0.33179341195826045,-1.3925694274362506,-0.007909149847212065,-1.0556866096499498,-1.1418307749796304,1.351665751921737,1.8816261106394159,0.0,1.0,6
0.9792374914295164,-1.0376328197509221,2.8753908787875333,-0.3179131921026088,-0.17373937820789603,-0.06790837297494821,0.24067093141755863,-0.5786115546784993,0.3450655953189598,-0.891588198987308,1.5467302587762581,0.0,1.0,6
-0.4595666803102463,1.4239956541065082,-2.029492150768102,-0.6788304495106573,0.14236868929283247,0.3928432981420265,-1.0910080753579987,-0.258289732054847,0.7787437033227175,1.4836218666810927,0.8769385550499428,1.0,0.0,7
2.418041663169279,0.5834395898625077,2.8072675033770382,0.34752800124348054,0.458476756793561,0.45043725703164833,-0.6826265132801611,1.5341494030521008,-0.33642857440122725,2.077424383098193,1.2118344069131004,1.0,0.0,7
-0.4595666803102463,0.22320127661507888,-0.1901610146847387,-0.5886011351586452,2.0917017722139923,-0.874223797429654,-0.3807792717443681,-0.3877815326899269,-0.2744745589721178,0.4279729486062477,-0.8812646672316334,0.0,1.0,5
0.37342520859172185,-0.5573150687543503,0.7635662410621905,-0.11489723481058156,0.14236868929283247,-0.5862540029815447,0.0098465702431287,0.7163064516725258,0.9646057496100402,-0.23180762519053016,-0.5463688153684757,0.0,1.0,6
-1.0653789631480408,-0.43723563100520724,0.5591961148307059,-0.8592890782146816,0.5111614347103491,0.9687828870382449,0.27618237159824016,-0.9023410562662557,-0.5842446361176594,-0.5616979120889191,-0.21147296350531794,0.0,1.0,6
-0.9896524277933161,-0.6173547876289218,-1.3482583966631525,-0.8141744210386755,-0.5688744625838068,1.717504352603329,2.3536016221681093,-0.31281259548013185,0.7167896878936081,-0.6276759694685969,-0.7975407042658443,0.0,1.0,6
-0.08093400353662458,-0.5573150687543503,-0.12203763927424371,-0.5886011351586452,-0.38447808987504845,-0.29828420853343557,0.13413661087551404,-0.1696900789887119,1.2743758267555818,0.49395100598592556,-0.044025037573739836,0.0,1.0,6
0.22197213788227302,1.003717621984508,-2.029492150768102,-0.7465024352746664,0.7219001463775018,-0.9894117152088977,-1.4816339173454955,0.3005696180545683,0.8406977187518241,0.03210460432818127,-0.044025037573739836,1.0,0.0,6
-0.6110197510196944,-0.9775931008763507,0.014209111546746275,1.035526523177573,-0.12105470029110807,-0.35587816742305745,-0.4340464320153904,0.6140760827500505,0.7787437033227175,-0.29778568257020804,-0.9649886301974224,0.0,1.0,6
-0.5352932156649703,1.003717621984508,-0.46265451632671833,-0.7465024352746664,-0.2264240561246842,0.5080312159212702,1.1107012158442562,-0.8103337242360544,0.3450655953189598,0.2300387764672141,0.03969892539204922,0.0,1.0,5
-0.0052074681818998474,0.2832409954896504,0.8316896164726855,-0.5434864779826392,0.24773804512640876,-0.4710660852023011,-1.1797866758097024,0.15063174363497828,0.4689736261771759,2.0114463257185147,0.7932145920841537,1.0,0.0,6
0.4491517439464459,1.4840353729810796,-0.9395181442001829,-0.6111584637466483,0.5111614347103491,-0.7590358796504103,-1.0732523552676578,1.0229975584398758,1.2743758267555818,0.3619948912265698,-0.4626448524026866,1.0,0.0,5
0.5248782793011707,-0.9175533820017792,-0.3945311409162233,-0.6562731209226543,-0.46350510675023066,-1.277381509657007,0.50700673277267,-0.10153649970708697,-1.0798767595505236,1.351665751921737,-0.6300927783342647,0.0,1.0,5
-0.7624728217291432,1.7842339673539374,-1.5526285228946373,-0.5660438065706422,0.6428731295023195,-0.874223797429654,-1.5704125177971993,0.3005696180545683,2.1417320427630915,0.6259071207452813,1.2118344069131004,1.0,0.0,5
-0.23238707424607272,0.40332043323879313,-0.6670246425582032,-0.18256922057459063,-0.674243818417383,-1.1621935918777633,-0.22097779093130124,-0.5104579753968744,-1.3896468366960626,2.1434024404778707,0.8769385550499428,0.0,1.0,4
-0.4595666803102463,-0.31715619325606453,0.49107273942021085,0.39264265841948665,-0.674243818417383,-0.4710660852023011,-0.29200067129266427,-1.089763399290762,-0.4603366052594433,1.747534096199804,1.965350073605205,0.0,1.0,7
-0.0052074681818998474,1.4540155135437938,-0.803271393379193,1.2159851518815974,0.7745848242942895,-0.7590358796504103,-0.36302355165402733,0.7878677099182169,-0.5842446361176594,-0.891588198987308,-0.9649886301974224,0.0,1.0,5
-0.3081136096007975,-0.6173547876289218,1.1723064935251601,3.2235873962138673,0.010656994500862296,1.4295345581552197,2.3536016221681093,2.0623396424847695,-1.3896468366960626,0.164060719087537,-1.5510563709579488,0.0,1.0,5
0.07051906717282422,-0.9175533820017792,-0.5307778917372133,0.29113467977347296,-0.06837002237431992,0.220061421473161,2.0695101007226575,0.648152872390863,0.8406977187518241,0.03210460432818127,-0.4626448524026866,0.0,1.0,6
0.22197213788227302,1.0637573408590797,-1.0757648950211727,-0.7013877780986604,0.7482424853358958,-1.0470056740985194,-1.4106110369841325,0.7844600309541507,0.9646057496100402,0.5599290633656034,-0.8812646672316334,1.0,0.0,7
0.14624560252754895,-0.31715619325606453,0.4229493640097159,-0.7465024352746664,0.14236868929283247,-1.219787550767385,-1.4993896374358362,0.7844600309541507,1.1504677958973657,-0.03387345305149659,-0.8812646672316334,1.0,0.0,6
-0.913925892438592,1.2738963569200799,-0.3945311409162233,-0.11489723481058156,-0.09471236133271399,-0.7590358796504103,0.2051594912368771,-0.0674597100662745,0.09724953360253041,-0.49571985470924124,-1.216160519094791,0.0,1.0,5
-0.4595666803102463,-0.9175533820017792,-0.25828439009523335,-0.8818464068026846,-0.33179341195826045,0.45043725703164833,-0.25648923111198274,-1.3964545060581122,-0.026658497255685663,1.0217754650233477,0.542042703186785,0.0,1.0,6
3.553939693490144,0.5233998709879362,2.330403875503574,-0.430699835042624,1.3804586203373528,-1.1621935918777633,-1.6236796780682217,1.8749172994602634,-0.4603366052594433,2.077424383098193,-0.1277490005395289,1.0,0.0,7
-1.0653789631480408,-0.8575136631272077,-0.12203763927424371,-0.7916170924506725,-0.674243818417383,-0.5286600440919229,-1.0199851949966356,-1.1408785837519808,1.3363298421846885,0.09808266170785913,0.37459477725520696,0.0,1.0,6
-0.6110197510196944,0.7035190276116507,-1.620751898305132,-0.024667920458569362,-0.27910873404147235,0.220061421473161,0.5247624528630108,-0.016344525605055792,-0.7701066824049821,0.164060719087537,-0.4626448524026866,0.0,1.0,5
-0.15666053889134865,-0.8575136631272077,1.1723064935251601,0.20090536542146095,-0.4898474457086247,0.5080312159212702,0.24067093141755863,-0.23784365827033685,-0.08861251268479507,-0.36376373994988587,0.2071468513236288,0.0,1.0,6
-0.08093400353662458,0.5834395898625077,-0.3264077655057283,0.7648385801215367,0.010656994500862296,1.717504352603329,0.8088539743084631,-0.6569881708523984,-0.39838258983033387,-1.1555004285060195,1.0443864809815224,0.0,1.0,6
0.14624560252754895,0.40332043323879313,2.330403875503574,1.3062144662336095,-0.14739703924950215,2.6966016537269,1.412548457380049,1.0570743480806883,-1.0798767595505236,-0.49571985470924124,-1.5510563709579488,0.0,1.0,5
-0.15666053889134865,-0.7974739442526363,-0.6670246425582032,0.02044673671743654,-0.2264240561246842,0.45043725703164833,0.9508997350311892,0.0006938692153882753,0.7167896878936081,-0.29778568257020804,-0.1277490005395289,0.0,1.0,6
2.6452212692334514,0.3432807143642219,0.3548259885992209,-0.7013877780986604,0.6428731295023195,-0.7590358796504103,-1.517145357526177,0.7640139571696406,-0.646198651546766,0.757863235504637,0.542042703186785,1.0,0.0,6
2.1151355217503816,0.5233998709879362,0.08233248695724127,-0.5209291493946361,1.0116658749198362,-0.12550233186457005,-0.45180215210573116,1.3296886652071882,-0.026658497255685663,0.9557974076436706,-0.4626448524026866,1.0,0.0,5
-0.0052074681818998474,-0.7974739442526363,0.28670261318872586,2.4115235670457578,-0.3054510729998664,2.1782560237203037,1.2172355363863006,1.6091183402618958,0.15920354903163708,1.4836218666810927,-0.9649886301974224,0.0,1.0,5
0.2976986732369971,-0.8575136631272077,0.49107273942021085,-0.5434864779826392,-0.33179341195826045,-0.010314414085326379,1.1639683761152784,-0.13561328934789943,1.4602378730429044,-0.6276759694685969,0.2071468513236288,0.0,1.0,7
-0.6867462863744191,-0.0169575988832069,-0.3264077655057283,-0.5660438065706422,-0.8586401911261414,0.565625174810892,0.6668082135857369,-1.2090321630336058,0.7787437033227175,0.4279729486062477,1.1281104439473115,0.0,1.0,7
0.14624560252754895,1.6041148107302228,-2.0976155261785965,-0.6788304495106573,0.458476756793561,-0.9894117152088977,-1.35734387671311,1.0161822005117058,1.5841459039011205,0.757863235504637,-0.6300927783342647,1.0,0.0,5
-0.08093400353662458,2.0243928428522233,-2.1657389015890915,-0.6337157923346513,0.43213441783516693,-1.0470056740985194,-1.6414353981585623,0.8185368205949632,1.5841459039011205,-0.23180762519053016,-1.0487125931632115,1.0,0.0,5
-1.2168320338574896,-0.19707675550692147,3.1478843804295136,2.0054916524617035,0.458476756793561,-0.41347212631267927,-0.39853499183470886,0.7742369940619146,1.0265597650391496,-0.36376373994988587,-0.044025037573739836,1.0,0.0,6
0.7520578853653429,-0.19707675550692147,0.7635662410621905,0.44903597988949423,-0.25276639508307824,-0.7014419207607885,-0.4873135922864127,0.6072607248219184,0.035295518173421,0.6918851781249591,0.03969892539204922,0.0,1.0,5
-0.838199357083868,-0.7974739442526363,0.4229493640097159,-0.7916170924506725,-0.46350510675023066,0.3928432981420265,0.13413661087551404,-1.6281766756156295,-0.15056652811390175,-0.6936540268482748,1.2118344069131004,0.0,1.0,6
0.22197213788227302,1.8442736862285087,-0.9395181442001829,0.44903597988949423,0.8272695022110776,-0.1830962907541919,-0.36302355165402733,1.5852645875133196,0.9646057496100402,1.5495999240607705,-0.9649886301974224,1.0,0.0,5
-0.23238707424607272,-0.5573150687543503,0.21857923777823088,-0.8367317496266786,-0.46350510675023066,-0.06790837297494821,1.3592812971090267,-1.2601473474948244,-0.5842446361176594,-0.09985151043117445,0.37459477725520696,0.0,1.0,6
-0.15666053889134865,1.8442736862285087,-2.029492150768102,-0.6562731209226543,0.24773804512640876,-1.277381509657007,-1.5881682378875401,0.9207671895174007,1.5221918884720138,0.8898193502639927,-0.8812646672316334,1.0,0.0,6
-0.6867462863744191,0.40332043323879313,-0.6670246425582032,0.5167079656535033,-0.5688744625838068,-0.41347212631267927,0.04535801042381023,-0.9466408827993044,-0.15056652811390175,-0.9575662563669859,1.1616000291336264,0.0,1.0,7
0.2976986732369971,-1.0976725386254935,0.8316896164726855,-0.8141744210386755,-0.35813575091665456,-0.29828420853343557,-0.09668775029891588,-0.4423043961152495,-0.7081526669758754,1.4176438093014148,-0.21147296350531794,0.0,1.0,6
-0.838199357083868,-0.6173547876289218,-0.3945311409162233,-0.7465024352746664,-0.6215591405005949,1.7750983114929506,0.3472052519596032,-1.4305312956989247,-0.21252054354301114,1.813512153579482,1.1281104439473115,0.0,1.0,7
-0.23238707424607272,-0.31715619325606453,-1.0757648950211727,0.40392132271348813,-0.5952168015422008,2.005474147051438,1.7321514190061829,0.3414617656235508,-0.8940147132631981,-0.9575662563669859,-1.2998844820605802,0.0,1.0,6
-0.23238707424607272,-0.9775931008763507,0.28670261318872586,-0.8367317496266786,-0.5425321236254129,0.565625174810892,0.04535801042381023,-0.37415081683362456,0.28311157988985314,2.7372049568949706,-0.8812646672316334,0.0,1.0,7
-0.7624728217291432,-0.8575136631272077,-0.25828439009523335,-0.8818464068026846,-0.46350510675023066,-0.35587816742305745,-0.6471150730994796,-1.5668384542621745,0.8406977187518241,-0.42974179732956375,1.2955583698788895,0.0,1.0,6
0.5248782793011707,-0.0169575988832069,0.8316896164726855,0.33624933694947906,-0.7796131742509592,0.9687828870382449,0.2051594912368771,-1.1102094730752345,-1.6374628984124946,-1.0895223711263415,1.6304542217420472,0.0,1.0,6
-0.23238707424607272,1.4239956541065082,-0.803271393379193,-0.7352237709806649,0.03699933345925637,-1.277381509657007,-1.6414353981585623,-0.43548903818707946,0.9646057496100402,-0.29778568257020804,0.9606625180157319,1.0,0.0,5
0.2976986732369971,-0.8575136631272077,-0.05391426386374872,-0.8141744210386755,-0.25276639508307824,0.6232191337005138,0.48925101268232934,-0.37415081683362456,1.2743758267555818,-0.03387345305149659,-0.37892088943689756,0.0,1.0,6
-0.3081136096007975,-0.19707675550692147,0.6954428656516954,0.42647865130149126,-0.27910873404147235,1.1415647637071105,1.0396783354828931,0.4436921345459882,-0.21252054354301114,-0.49571985470924124,-1.2998844820605802,0.0,1.0,5
-1.2168320338574896,-0.7974739442526363,0.5591961148307059,-0.8367317496266786,-0.4108204288334425,2.9269774892853873,0.5780296131340331,-1.4986848749805497,-0.026658497255685663,2.7372049568949706,0.8769385550499428,0.0,1.0,8
0.37342520859172185,3.555405674153796,0.7635662410621905,-0.6337157923346513,1.512170315129323,-0.4710660852023011,-0.007909149847212065,0.8526136102357758,0.15920354903163708,1.2856876945420592,-1.132436556129002,1.0,0.0,5
0.8277844207200683,1.1838367786082227,-0.5307778917372133,-0.3630278492786149,0.5111614347103491,-0.8166298385400321,-0.04342059002789359,1.0570743480806883,0.28311157988985314,0.49395100598592556,-0.9649886301974224,1.0,0.0,5
-0.38384014495552155,-1.0976725386254935,2.1941571246825844,-0.6562731209226543,0.06334167241765026,-0.35587816742305745,-1.1087637954483394,0.15063174363497828,0.7167896878936081,1.1537315797827035,0.542042703186785,1.0,0.0,6
-0.913925892438592,-0.31715619325606453,0.6273194902412005,1.3062144662336095,-0.2264240561246842,1.4295345581552197,0.6135410533147146,-0.27192044791114933,-0.8320606978340915,0.3619948912265698,0.37459477725520696,0.0,1.0,7
-0.15666053889134865,-0.257116474381493,-0.25828439009523335,-0.6337157923346513,-0.38447808987504845,-0.5286600440919229,1.1107012158442562,-0.9670869565838145,-0.15056652811390175,0.2300387764672141,0.7094906291183647,0.0,1.0,5
1.9636824510409334,0.9436779031099366,0.15045586236773625,-0.6111584637466483,0.9853235359614421,-1.1621935918777633,-1.2330538360807248,1.4114729603451532,0.09724953360253041,0.4279729486062477,-0.7138167413000552,1.0,0.0,7
-0.913925892438592,1.003717621984508,-2.1657389015890915,-0.6562731209226543,0.19505336720962063,0.565625174810892,-1.0732523552676578,0.17107781741945063,1.9558699964757689,2.6052488421356155,0.12342288835783828,1.0,0.0,6
-0.08093400353662458,-1.0976725386254935,0.8316896164726855,-0.5660438065706422,0.3004227230431969,-0.7590358796504103,-1.4816339173454955,-0.41504296440256927,0.7787437033227175,0.03210460432818127,1.5467302587762581,1.0,0.0,6
-0.838199357083868,-0.37719591213063575,-0.3945311409162233,-0.7916170924506725,-0.7005861573757771,-0.29828420853343557,-0.238733511021642,-1.8939756348139969,-1.2037847904087398,-0.8256101416076306,1.2955583698788895,0.0,1.0,6
-0.0052074681818998474,-0.4972753498797788,-0.5307778917372133,0.44903597988949423,-0.8849825300845354,-0.6438479618711667,0.27618237159824016,-0.9330101669430021,-0.5222906206885499,-0.29778568257020804,1.8816261106394159,0.0,1.0,7
-0.5352932156649703,0.2832409954896504,-0.5989012671477081,0.7422812515335337,-0.14739703924950215,-0.12550233186457005,-0.41629071192504963,0.23923139670107557,1.3363298421846885,0.09808266170785913,1.2955583698788895,1.0,0.0,6
-0.4595666803102463,-0.6173547876289218,-0.6670246425582032,1.644574395053655,-0.14739703924950215,0.2776553803627828,0.5602738930436924,0.7708293150978106,-0.7701066824049821,0.8898193502639927,-0.9649886301974224,0.0,1.0,5
-0.7624728217291432,-0.9175533820017792,0.4229493640097159,0.02044673671743654,-0.9903518859181115,-0.4710660852023011,-0.5760921927381165,-1.6656611442205458,-1.0798767595505236,-1.1555004285060195,1.6304542217420472,0.0,1.0,6
0.14624560252754895,-0.9175533820017792,1.1723064935251601,0.38136399412548516,-0.5161897846670188,-0.874223797429654,-0.07893203020857512,-0.23784365827033685,-0.15056652811390175,-1.0235443137466638,0.37459477725520696,0.0,1.0,7
-0.08093400353662458,-0.7374342253780647,1.1723064935251601,-0.7239451066866635,-0.46350510675023066,-1.277381509657007,-1.7124582785199254,-0.36052010097728443,1.0265597650391496,0.164060719087537,1.5467302587762581,1.0,0.0,6
0.2976986732369971,-0.19707675550692147,1.1723064935251601,-0.2389625420445982,-0.33179341195826045,-0.1830962907541919,0.2939380916885809,-1.1238401889315746,-0.8940147132631981,0.8898193502639927,1.8816261106394159,0.0,1.0,7
-0.08093400353662458,-0.4972753498797788,-0.05391426386374872,-0.6337157923346513,-0.33179341195826045,-0.06790837297494821,0.24067093141755863,-0.27192044791114933,0.7167896878936081,0.6918851781249591,0.29087081428941786,0.0,1.0,8
-0.4595666803102463,-0.10701717719506419,1.1723064935251601,0.6069372800055155,-0.2000817171662901,1.314346640375976,1.8209300194578866,0.5118457138276131,-0.39838258983033387,-0.891588198987308,-1.0487125931632115,0.0,1.0,5
-0.23238707424607272,-0.7974739442526363,0.08233248695724127,-0.8141744210386755,-0.015685344457531777,0.2776553803627828,0.38271669214028475,-0.23784365827033685,2.51345613533774,1.6155779814404485,-0.21147296350531794,0.0,1.0,6
-0.15666053889134865,-0.6173547876289218,0.15045586236773625,-0.453257163630627,-0.5688744625838068,0.3352493392524047,-0.22097779093130124,-1.362377716417262,-0.2744745589721178,-0.6936540268482748,1.3792823328446786,0.0,1.0,6
0.6006048146558948,-0.13703703663234995,0.28670261318872586,-0.09233990622257862,-0.38447808987504845,1.4871285170448414,1.1284569359345968,-0.5786115546784993,0.40701961074806925,-0.42974179732956375,1.2118344069131004,0.0,1.0,6
-0.3081136096007975,-0.6773945065034932,0.08233248695724127,-0.7013877780986604,-0.25276639508307824,-0.5862540029815447,-0.238733511021642,-1.0556866096499498,-0.7701066824049821,-0.49571985470924124,0.458318740220996,0.0,1.0,6
-0.38384014495552155,-0.6773945065034932,0.49107273942021085,-0.5660438065706422,3.0400259747161775,1.8902862292721943,0.7733425341277815,-0.27192044791114933,-0.7081526669758754,-1.1555004285060195,-0.9649886301974224,0.0,1.0,6
0.22197213788227302,1.0637573408590797,-1.4163817720736476,-0.7916170924506725,0.5901884515855313,-1.1045996329881413,-1.3395881566227694,0.7844600309541507,1.2124218113264724,0.296016833846892,-0.7975407042658443,1.0,0.0,5
0.07051906717282422,-0.4972753498797788,-0.12203763927424371,0.9678545374135641,-0.17373937820789603,0.2776553803627828,0.7023196537664185,0.44709981351005434,-0.08861251268479507,-0.23180762519053016,-0.1277490005395289,0.0,1.0,6
-0.3081136096007975,-0.6773945065034932,0.49107273942021085,2.5017528813977705,-0.09471236133271399,2.3510379003891693,1.412548457380049,1.4659958237704758,-0.2744745589721178,0.6918851781249591,-0.2951969264711085,0.0,1.0,6
0.5248782793011707,-0.8575136631272077,0.49107273942021085,-0.9044037353906876,-0.4108204288334425,0.3928432981420265,0.7023196537664185,-1.2158475209617758,-0.8940147132631981,-0.6936540268482748,1.1281104439473115,0.0,1.0,5
-1.3682851045669377,-0.257116474381493,-0.12203763927424371,-0.8592890782146816,-0.7269284963341711,-0.29828420853343557,-0.3807792717443681,-2.4119428373544296,0.5309276416062852,-0.891588198987308,2.55141781436573,0.0,1.0,7
-0.5352932156649703,-1.1577122575000651,0.8316896164726855,1.7122463808176638,-0.12105470029110807,2.005474147051438,0.7733425341277815,0.8117214626667931,0.22115756446074375,1.0877535224030255,-0.21147296350531794,0.0,1.0,7
-1.0653789631480408,-0.43723563100520724,-0.6670246425582032,1.7348037094056667,0.03699933345925637,0.6808130925901357,1.6256170984641383,0.034770658856200745,0.592881657035392,-1.0235443137466638,1.4630062958104693,0.0,1.0,6
1.433596703557862,2.534730453286081,-1.8932453999471122,-0.7690597638626695,0.5638461126271372,-1.5077573452154942,-1.7834811588812884,1.1933815066439382,0.40701961074806925,0.03210460432818127,-0.7138167413000552,1.0,0.0,4
-0.7624728217291432,-0.37719591213063575,1.30855324434615,0.6520519371815215,-0.015685344457531777,1.0839708048174885,1.6256170984641383,0.3755385552643633,-0.2744745589721178,-0.09985151043117445,-0.9649886301974224,0.0,1.0,5
0.07051906717282422,-0.7374342253780647,1.1723064935251601,0.990411866001567,-0.5952168015422008,-0.06790837297494821,0.3472052519596032,-0.2037668686295244,-1.451600852125169,-1.4194126580247306,0.37459477725520696,0.0,1.0,7
-0.0052074681818998474,-0.9175533820017792,0.49107273942021085,-0.8592890782146816,-0.5425321236254129,0.1048735036939173,-0.5228250324670942,-0.919379451086662,-0.39838258983033387,-0.23180762519053016,-0.044025037573739836,0.0,1.0,5
-0.3081136096007975,-0.37719591213063575,0.28670261318872586,0.44903597988949423,-0.35813575091665456,1.717504352603329,1.643372818554479,0.3619078394080232,-0.39838258983033387,-0.29778568257020804,-0.7975407042658443,0.0,1.0,6
-0.5352932156649703,-0.13703703663234995,0.15045586236773625,0.15579070824545485,-0.33179341195826045,-0.1830962907541919,-0.41629071192504963,-0.9057487352303218,0.3450655953189598,0.4279729486062477,1.2118344069131004,0.0,1.0,7
5.901462289486599,-0.7974739442526363,0.8316896164726855,-0.6337157923346513,0.4848190957519551,-1.1621935918777633,-1.6059239579778808,1.8919556942807074,-0.9559687286923076,2.0114463257185147,-1.132436556129002,1.0,0.0,7
-0.913925892438592,-0.19707675550692147,0.014209111546746275,0.5392652942415064,3.1190529915913596,0.9687828870382449,0.7910982542181223,0.23923139670107557,-0.21252054354301114,-0.23180762519053016,-0.9649886301974224,0.0,1.0,6
0.07051906717282422,-0.9775931008763507,-0.05391426386374872,2.7724408244538066,-0.04202768341592585,0.1048735036939173,1.4658156176510713,1.9430708787418882,-0.5842446361176594,-0.49571985470924124,-1.2998844820605802,0.0,1.0,6
2.0394089863956575,0.3432807143642219,1.44479999516714,0.38136399412548516,1.0643505528366244,-1.3925694274362506,-1.6947025584295847,1.397842244488851,0.28311157988985314,1.8794902109591591,0.9606625180157319,1.0,0.0,7
0.5248782793011707,-0.31715619325606453,0.28670261318872586,1.3738864519976184,-0.6215591405005949,0.7384070514797575,1.6611285386448198,0.8185368205949632,-0.5222906206885499,-0.49571985470924124,-0.21147296350531794,0.0,1.0,5
-0.6867462863744191,0.16316155774050736,1.30855324434615,0.29113467977347296,-0.2264240561246842,0.2776553803627828,0.5602738930436924,-0.0674597100662745,-0.7701066824049821,3.1330733011730376,-0.044025037573739836,0.0,1.0,6
-0.0052074681818998474,1.4239956541065082,-0.3264077655057283,0.1783480368334578,-0.647901479458989,0.565625174810892,0.06311373051415099,-1.232885915782182,-0.33642857440122725,-0.03387345305149659,2.049074036570994,0.0,1.0,7
0.6763313500106188,-0.9175533820017792,1.7854168722196142,2.6258181886317864,-0.2000817171662901,1.0263768459278668,1.1817240962056192,2.0793780373051383,-0.15056652811390175,0.5599290633656034,-1.216160519094791,0.0,1.0,6
-0.08093400353662458,1.4840353729810796,-2.1657389015890915,-0.6337157923346513,0.5638461126271372,-0.24069024964381375,-1.2508095561710655,0.24604675462924563,1.2124218113264724,0.9557974076436706,0.2071468513236288,1.0,0.0,6
-0.4595666803102463,1.3039162163573657,-1.0757648950211727,-0.430699835042624,-0.3054510729998664,-0.12550233186457005,-0.39853499183470886,-0.1696900789887119,-0.646198651546766,-1.2214784858856973,-1.216160519094791,0.0,1.0,6
-1.0653789631480408,-0.9775931008763507,-0.25828439009523335,-0.8367317496266786,-0.5952168015422008,-1.219787550767385,-0.36302355165402733,-1.2192551999258419,-0.08861251268479507,-0.09985151043117445,0.542042703186785,0.0,1.0,6
1.357870168203138,1.2438764974827943,-0.12203763927424371,0.6971665943575275,-0.8059555132093533,-0.9318177563192758,-0.7714051137318649,-0.5104579753968744,-1.7613709292707107,-1.1555004285060195,1.0443864809815224,0.0,1.0,5
2.6452212692334514,0.7035190276116507,0.49107273942021085,-0.6788304495106573,0.11602635033443841,-1.3349754685466286,-1.7657254387909478,1.2274582962847507,-0.2744745589721178,0.5599290633656034,-0.8812646672316334,1.0,0.0,5
-0.4595666803102463,1.0637573408590797,0.8316896164726855,1.6220170664656517,-0.2264240561246842,1.3719405992655977,2.318090181987428,1.0229975584398758,0.22115756446074375,0.03210460432818127,-1.0487125931632115,0.0,1.0,6
-0.08093400353662458,-0.7974739442526363,2.7391441279665436,-0.7690597638626695,2.908314279924208,2.005474147051438,0.09862517069483252,-0.4286736802589094,-1.5755088829833852,-0.1658295678108523,-1.132436556129002,0.0,1.0,5
1.5093232389125861,1.0637573408590797,4.646598639460402,-0.3630278492786149,14.577970438492773,0.1048735036939173,-0.8069165539125465,1.7386101408970134,-3.000451237852869,9.664900981761141,-0.9649886301974224,1.0,0.0,4
-0.15666053889134865,0.10312183886593582,-0.12203763927424371,-0.0021105918705664113,-0.4371627677918366,0.565625174810892,0.50700673277267,-0.9432332038352382,0.6548356724645014,-0.7596320842279527,1.3792823328446786,0.0,1.0,7
0.7520578853653429,-0.0169575988832069,1.1723064935251601,0.6746092657695245,-0.27910873404147235,1.4295345581552197,1.9274643399999312,0.5118457138276131,-0.8940147132631981,-0.09985151043117445,0.12342288835783828,0.0,1.0,6
-0.3081136096007975,-0.5573150687543503,-0.9395181442001829,-0.8141744210386755,-0.015685344457531777,-0.9894117152088977,0.4004724122306255,-0.34007402719277424,-0.7081526669758754,-0.7596320842279527,-0.8812646672316334,0.0,1.0,5
-0.838199357083868,0.10312183886593582,1.7854168722196142,2.2536222669297366,-0.33179341195826045,0.6808130925901357,0.0098465702431287,1.1252279273623134,-0.4603366052594433,-0.1658295678108523,-1.2998844820605802,0.0,1.0,5
-0.838199357083868,0.40332043323879313,-0.5307778917372133,-0.7690597638626695,-0.2000817171662901,-0.8166298385400321,0.4004724122306255,-0.5104579753968744,0.592881657035392,-0.23180762519053016,-0.1277490005395289,0.0,1.0,6
-0.15666053889134865,-0.6773945065034932,0.28670261318872586,1.802475695169676,-0.14739703924950215,2.408631859278791,1.1107012158442562,0.9207671895174007,-0.39838258983033387,-0.29778568257020804,-0.6300927783342647,0.0,1.0,5
-0.6110197510196944,-0.4972753498797788,0.7635662410621905,1.7122463808176638,-0.6215591405005949,1.9478801881618162,2.0517543806323166,0.9889207687990256,-0.8940147132631981,-1.0235443137466638,-1.3836084450263693,0.0,1.0,5
0.07051906717282422,-0.8575136631272077,0.8316896164726855,-0.8141744210386755,-0.3054510729998664,-0.5286600440919229,-0.29200067129266427,-0.7149187132417871,-0.4603366052594433,-0.49571985470924124,-0.4626448524026866,0.0,1.0,7
-0.0052074681818998474,-0.7974739442526363,0.15045586236773625,1.5543450807016428,-0.35813575091665456,0.3928432981420265,1.7499071390965235,0.5799992931092381,-0.8320606978340915,-0.23180762519053016,-0.7975407042658443,0.0,1.0,6
0.07051906717282422,-0.7974739442526363,-0.1901610146847387,-0.7690597638626695,-0.5952168015422008,-0.06790837297494821,0.06311373051415099,-0.9534562407274744,0.4689736261771759,-0.23180762519053016,0.37459477725520696,0.0,1.0,8
0.6006048146558948,1.4840353729810796,-1.825122024536617,-0.6788304495106573,0.8536118411694718,-1.0470056740985194,-1.4638781972551547,0.9718823739786193,0.8406977187518241,0.49395100598592556,-0.4626448524026866,1.0,0.0,5
-1.0653789631480408,-0.13703703663234995,-0.803271393379193,-0.5434864779826392,-0.7796131742509592,-0.7590358796504103,0.1518923309658548,-1.750853118322577,0.8406977187518241,1.6155779814404485,2.8025897032630986,0.0,1.0,7
0.37342520859172185,-1.397871132998351,0.15045586236773625,2.039327645343708,-0.4371627677918366,0.6232191337005138,-0.007909149847212065,0.6277067986063907,-0.9559687286923076,0.3619948912265698,0.37459477725520696,0.0,1.0,7
0.6006048146558948,2.5647503127233664,0.014209111546746275,-0.6562731209226543,0.5901884515855313,-0.8166298385400321,-0.7181379534608426,0.7026757358161857,0.28311157988985314,-0.23180762519053016,-0.6300927783342647,1.0,0.0,6
-0.6110197510196944,0.16316155774050736,-0.8713947687896879,-0.3404705206906119,0.3004227230431969,-0.7014419207607885,-0.238733511021642,-0.37415081683362456,-1.2037847904087398,-1.0235443137466638,-1.2998844820605802,0.0,1.0,6
-0.23238707424607272,1.003717621984508,-0.5989012671477081,-0.6788304495106573,0.4057920788767728,-0.9894117152088977,-1.6414353981585623,-0.040198278353594255,1.0885137804682563,2.0114463257185147,0.542042703186785,1.0,0.0,6
2.1151355217503816,-0.4972753498797788,1.512923370577635,-0.7013877780986604,0.6955578074191077,0.6808130925901357,-0.7181379534608426,0.004101548179454389,-1.5135548675542785,0.6259071207452813,1.0443864809815224,1.0,0.0,8
1.6607763096220358,-0.6173547876289218,0.08233248695724127,-0.6111584637466483,0.11602635033443841,1.256752681486354,-0.7358936735511834,1.1456740011467856,1.5221918884720138,2.407314669996582,-0.2951969264711085,1.0,0.0,6
0.2976986732369971,-0.43723563100520724,-0.1901610146847387,-0.5660438065706422,0.06334167241765026,0.3928432981420265,0.0098465702431287,-0.41504296440256927,-0.8320606978340915,-1.0895223711263415,-0.6300927783342647,0.0,1.0,5
-1.0653789631480408,-0.5573150687543503,-0.5307778917372133,1.8701476809336854,-0.33179341195826045,0.6232191337005138,0.4004724122306255,0.9207671895174007,0.7167896878936081,-0.7596320842279527,-0.8812646672316334,0.0,1.0,5
-0.913925892438592,-1.0376328197509221,0.28670261318872586,-0.7465024352746664,-0.38447808987504845,-0.9318177563192758,-0.9489623146352726,-1.0420558937936095,-0.026658497255685663,0.03210460432818127,0.2071468513236288,0.0,1.0,6
-0.6867462863744191,-0.13703703663234995,0.21857923777823088,1.3738864519976184,-0.46350510675023066,-0.06790837297494821,1.4835713377414121,1.3296886652071882,0.8406977187518241,-0.23180762519053016,-0.9649886301974224,0.0,1.0,7
-0.7624728217291432,-0.13703703663234995,0.014209111546746275,-0.6337157923346513,-0.5425321236254129,-0.874223797429654,-0.7891608338222057,-1.5668384542621745,-0.39838258983033387,-0.36376373994988587,1.7979021476736254,0.0,1.0,6
0.07051906717282422,-1.1577122575000651,0.5591961148307059,-0.6788304495106573,-0.17373937820789603,-0.35587816742305745,-0.39853499183470886,-0.4423043961152495,-0.5222906206885499,-0.5616979120889191,-0.044025037573739836,0.0,1.0,5
0.37342520859172185,-0.9775931008763507,-0.12203763927424371,-0.8592890782146816,-0.27910873404147235,1.0839708048174885,1.5013270578317528,-0.12539025245566326,-1.2037847904087398,-1.0235443137466638,-1.0487125931632115,0.0,1.0,5
-0.6867462863744191,0.16316155774050736,0.3548259885992209,-0.7916170924506725,-0.8586401911261414,-1.0470056740985194,-0.6826265132801611,-1.9553138561674897,-1.7613709292707107,-0.9575662563669859,1.4630062958104693,0.0,1.0,6
-1.5197381752763865,0.3733005738015077,-1.1438882704316677,-0.802895756744674,-0.4898474457086247,-1.1621935918777633,-1.2508095561710655,-1.1068017941111683,1.8319619656175528,-0.891588198987308,0.8769385550499428,0.0,1.0,4
0.9035109560747924,0.10312183886593582,0.28670261318872586,1.3738864519976184,-0.647901479458989,-0.5286600440919229,0.3116938117789217,-0.4661581488638258,-1.6994169138416013,-0.9575662563669859,2.049074036570994,0.0,1.0,6
2.342315127814555,-0.0169575988832069,1.3766766197566451,-0.4983718208066331,2.6975755682570552,-0.874223797429654,-0.7003822333705019,1.8067637201786384,-0.2744745589721178,0.6918851781249591,-0.9649886301974224,1.0,0.0,5
-0.7624728217291432,0.7035190276116507,-0.46265451632671833,-0.13745456339858453,0.24773804512640876,1.8326922703825725,1.643372818554479,-0.2037668686295244,0.15920354903163708,-0.09985151043117445,-0.6300927783342647,0.0,1.0,5
0.07051906717282422,-0.0169575988832069,-0.12203763927424371,0.990411866001567,0.010656994500862296,0.220061421473161,1.1284569359345968,0.3550924814798531,-0.4603366052594433,-0.6276759694685969,-0.1277490005395289,0.0,1.0,6
-0.08093400353662458,0.5233998709879362,-0.46265451632671833,-0.4983718208066331,-0.5425321236254129,0.7384070514797575,0.3116938117789217,-1.6179536387233933,-0.08861251268479507,-0.42974179732956375,2.3839698884341516,0.0,1.0,6
-0.6110197510196944,-1.1577122575000651,0.5591961148307059,-0.8367317496266786,-0.09471236133271399,1.7750983114929506,0.5602738930436924,-1.151101620644217,-0.33642857440122725,0.9557974076436706,0.37459477725520696,0.0,1.0,6
-1.2925585692122137,-0.04697745832049266,-0.12203763927424371,-0.5660438065706422,0.37944973991837877,-0.1830962907541919,0.24067093141755863,-0.7149187132417871,-0.5222906206885499,-0.1658295678108523,-0.7975407042658443,0.0,1.0,6
1.887955915686208,-0.2871363338187788,0.5591961148307059,-0.7916170924506725,0.43213441783516693,-0.9318177563192758,-1.6591911182489032,0.3619078394080232,-0.5222906206885499,-0.1658295678108523,0.29087081428941786,1.0,0.0,6
-0.4595666803102463,-1.0376328197509221,0.4229493640097159,-0.7916170924506725,-0.647901479458989,-0.12550233186457005,-0.04342059002789359,-1.0556866096499498,0.15920354903163708,0.09808266170785913,0.7094906291183647,0.0,1.0,7
-0.23238707424607272,-0.7374342253780647,0.3548259885992209,2.2536222669297366,-0.09471236133271399,1.659910393713707,1.1284569359345968,1.6023029823337258,0.9026517341809336,1.8794902109591591,-0.8812646672316334,0.0,1.0,7
-0.23238707424607272,0.22320127661507888,0.014209111546746275,0.7873959087095397,-0.33179341195826045,0.3352493392524047,0.6668082135857369,-0.4423043961152495,0.9646057496100402,-1.2214784858856973,1.2118344069131004,0.0,1.0,7
-0.4595666803102463,0.0430821199913643,-0.8713947687896879,1.2385424804696004,0.08968401137604433,-0.874223797429654,-0.5760921927381165,0.47095356625863066,-0.5842446361176594,-1.0235443137466638,-0.5463688153684757,0.0,1.0,4
-0.38384014495552155,-0.6173547876289218,0.3548259885992209,1.4190011091736248,-0.35813575091665456,1.9478801881618162,1.0396783354828931,0.6208914406782207,-0.8940147132631981,-0.03387345305149659,-0.5463688153684757,0.0,1.0,6
0.37342520859172185,-0.31715619325606453,-0.1901610146847387,-0.047225249046572514,0.08968401137604433,-0.1830962907541919,0.7378310939471,0.4164307028333458,1.64609991933023,0.3619948912265698,-0.21147296350531794,0.0,1.0,6
-0.23238707424607272,-0.5573150687543503,1.03605974270417,0.7648385801215367,-0.38447808987504845,0.3352493392524047,0.7378310939471,0.5254764296839533,-0.4603366052594433,0.09808266170785913,-0.9649886301974224,0.0,1.0,6
0.6763313500106188,-0.257116474381493,-0.05391426386374872,-0.8818464068026846,-0.4108204288334425,1.0839708048174885,0.1518923309658548,-1.0556866096499498,-1.451600852125169,-0.5616979120889191,0.458318740220996,0.0,1.0,6
-1.2925585692122137,-0.31715619325606453,-0.12203763927424371,-0.8818464068026846,-0.9113248690429295,-0.5862540029815447,-0.07893203020857512,-1.979167608916066,0.7167896878936081,-1.0235443137466638,1.8816261106394159,0.0,1.0,7
0.22197213788227302,0.883638184235365,-0.803271393379193,-0.5434864779826392,7.254800208059226,-1.277381509657007,-1.7834811588812884,0.7844600309541507,-0.08861251268479507,2.407314669996582,-0.044025037573739836,1.0,0.0,6
-0.23238707424607272,-0.37719591213063575,-0.6670246425582032,1.125755837529585,-0.12105470029110807,0.3352493392524047,0.2939380916885809,0.8389828943794356,-0.8940147132631981,-0.49571985470924124,-0.7975407042658443,0.0,1.0,5
1.282143632848414,-0.07699731775777843,0.014209111546746275,-0.7916170924506725,-0.25276639508307824,-1.1045996329881413,1.5190827779220937,0.30738497598270054,-0.21252054354301114,-0.49571985470924124,-0.9649886301974224,0.0,1.0,5
-0.3081136096007975,-0.9775931008763507,0.014209111546746275,0.49415063706550033,-0.25276639508307824,-0.7590358796504103,-0.09668775029891588,0.16426245949128057,1.2124218113264724,-0.6276759694685969,-0.1277490005395289,0.0,1.0,6
-0.5352932156649703,-1.3678512735610653,-0.1901610146847387,-0.6901091138046588,-0.4898474457086247,2.4662258181684127,0.9153882948505077,-1.8735295610295246,-0.646198651546766,-1.8812590596824752,1.965350073605205,0.0,1.0,7
-0.913925892438592,-0.6773945065034932,-1.1438882704316677,1.058083851765576,-0.2264240561246842,4.078856667077824,1.643372818554479,0.4130230238692419,-1.0798767595505236,-1.5513687727840861,-1.216160519094791,0.0,1.0,5
0.14624560252754895,-0.7374342253780647,-0.3945311409162233,0.8550678944735489,-0.7796131742509592,-0.41347212631267927,-0.04342059002789359,-0.476381185756062,-1.5135548675542785,-0.8256101416076306,0.7094906291183647,0.0,1.0,6
-0.6110197510196944,-1.0976725386254935,0.8316896164726855,-0.8592890782146816,-0.14739703924950215,0.5080312159212702,0.13413661087551404,-1.3351162847046194,-0.7081526669758754,1.4176438093014148,0.6257666661525756,0.0,1.0,7
-0.838199357083868,-0.7974739442526363,-0.8713947687896879,-0.8141744210386755,-0.27910873404147235,1.1991587225967322,0.2939380916885809,-0.9057487352303218,-0.026658497255685663,-0.9575662563669859,-0.044025037573739836,0.0,1.0,5
-0.6867462863744191,-1.0376328197509221,-0.5989012671477081,0.15579070824545485,-0.2264240561246842,0.7960010103693794,0.5780296131340331,-0.2310283003421668,-0.8940147132631981,0.03210460432818127,-0.4626448524026866,0.0,1.0,5
0.5248782793011707,0.5834395898625077,-0.3945311409162233,-0.12617589910458304,-0.6215591405005949,-0.41347212631267927,-0.25648923111198274,-1.1340632258238108,-0.33642857440122725,-0.09985151043117445,1.7979021476736254,0.0,1.0,6
-0.3081136096007975,-0.9775931008763507,-0.12203763927424371,1.7573610379936702,0.14236868929283247,-0.6438479618711667,1.0041668953022116,1.2206429383565807,-1.3896468366960626,-0.09985151043117445,-1.2998844820605802,0.0,1.0,7
-1.1411054985027649,-0.7974739442526363,0.3548259885992209,-0.11489723481058156,-0.4371627677918366,1.6023164348240853,0.4537395725016478,-0.401412248546267,0.40701961074806925,0.5599290633656034,0.03969892539204922,0.0,1.0,6
-0.6110197510196944,-1.2177519763746365,-0.05391426386374872,-0.8592890782146816,-0.5952168015422008,1.314346640375976,0.4182281323209663,-1.2465166316384844,0.9646057496100402,-1.2214784858856973,0.7932145920841537,0.0,1.0,7
-0.6867462863744191,-0.4972753498797788,-0.7351480179686981,-0.22768387775059673,-0.7005861573757771,-0.35587816742305745,0.18740377114653634,-1.0216098200090993,-1.0179227441214143,-1.2874565432653748,0.12342288835783828,0.0,1.0,6
-1.0653789631480408,0.3432807143642219,0.6954428656516954,-0.13745456339858453,-0.25276639508307824,0.47923423647645924,2.318090181987428,-0.27192044791114933,0.15920354903163708,0.2300387764672141,-0.7975407042658443,0.0,1.0,6
-0.23238707424607272,-0.9775931008763507,-0.12203763927424371,-0.6788304495106573,-0.4898474457086247,0.5080312159212702,1.341525577018686,-1.0556866096499498,0.592881657035392,-1.0895223711263415,1.3792823328446786,0.0,1.0,6
-0.4595666803102463,1.6641545296047942,-0.803271393379193,0.8325105658855456,-0.27910873404147235,2.9269774892853873,1.945220060090272,0.5288841086480194,-0.33642857440122725,-0.6276759694685969,-1.0487125931632115,0.0,1.0,5
-0.4595666803102463,-1.0976725386254935,0.15045586236773625,-0.8818464068026846,-0.5161897846670188,0.6232191337005138,0.0098465702431287,-1.5668384542621745,-1.3276928212669559,0.9557974076436706,1.2118344069131004,0.0,1.0,6
-0.913925892438592,-0.8575136631272077,0.014209111546746275,-0.453257163630627,-0.674243818417383,-0.24069024964381375,0.06311373051415099,-1.076132683434422,0.9646057496100402,0.9557974076436706,0.542042703186785,0.0,1.0,7
-0.7624728217291432,1.2438764974827943,0.8998129918831804,1.5769024092896458,-0.2000817171662901,-0.1830962907541919,1.270502696657323,0.9889207687990256,-0.33642857440122725,-0.23180762519053016,-1.0487125931632115,0.0,1.0,6
0.2976986732369971,-0.31715619325606453,1.1723064935251601,-0.5209291493946361,0.932638858044654,-0.29828420853343557,-0.9667180347256134,0.8866903998765882,0.5309276416062852,0.49395100598592556,-0.37892088943689756,1.0,0.0,6
0.22197213788227302,-0.0169575988832069,0.21857923777823088,0.2234626940094639,-0.5952168015422008,-1.0470056740985194,0.2051594912368771,-0.7149187132417871,-0.39838258983033387,-0.9575662563669859,1.2118344069131004,0.0,1.0,7
-1.0653789631480408,-0.31715619325606453,-0.3945311409162233,-0.7465024352746664,0.16871102825122655,-1.5653513041051161,-1.8367483191523108,-1.0216098200090993,1.0265597650391496,0.03210460432818127,2.467693851399941,1.0,0.0,6
3.4024866227806947,-0.37719591213063575,1.03605974270417,-0.7465024352746664,-0.06837002237431992,-0.7590358796504103,-1.4638781972551547,0.8049061047386231,-0.4603366052594433,0.8898193502639927,0.03969892539204922,1.0,0.0,7
-0.23238707424607272,-0.37719591213063575,-0.5307778917372133,-0.6562731209226543,-0.5952168015422008,1.0839708048174885,0.11638089078517329,-1.9348677823829794,-1.5135548675542785,-0.6936540268482748,2.216521962502572,0.0,1.0,7
-0.6867462863744191,-0.8575136631272077,1.7854168722196142,-0.8141744210386755,3.8829808213847876,-0.874223797429654,-0.30975639138300504,-0.476381185756062,-0.39838258983033387,-0.6936540268482748,-0.4626448524026866,0.0,1.0,6
2.342315127814555,1.123797059733651,1.104183118114665,-0.5660438065706422,0.16871102825122655,-1.3925694274362506,-1.5881682378875401,1.8067637201786384,-0.646198651546766,0.3619948912265698,-1.0487125931632115,1.0,0.0,6
-1.2925585692122137,0.4633601521133647,-1.5526285228946373,-0.7690597638626695,-0.9903518859181115,-0.7014419207607885,-0.8246722740028872,-1.3283009267764494,0.6548356724645014,-0.1658295678108523,0.7094906291183647,0.0,1.0,7
-0.9896524277933161,-0.9775931008763507,-0.25828439009523335,-0.9044037353906876,-0.5161897846670188,-0.35587816742305745,-0.4695578721960719,-1.2124398419976719,0.40701961074806925,0.09808266170785913,0.0815609068749445,0.0,1.0,7
-0.4595666803102463,1.2438764974827943,-2.0976155261785965,-0.5209291493946361,-0.5952168015422008,1.4871285170448414,0.13413661087551404,-1.3283009267764494,-0.4603366052594433,-1.5513687727840861,1.1281104439473115,0.0,1.0,5
-0.38384014495552155,1.3039162163573657,-1.5526285228946373,-0.4758144922186301,0.5901884515855313,-1.3349754685466286,-1.6414353981585623,0.7469755623492343,1.4602378730429044,0.49395100598592556,-0.2951969264711085,1.0,0.0,5
-0.6110197510196944,-0.37719591213063575,0.6273194902412005,0.40392132271348813,-0.3054510729998664,1.7750983114929506,1.803174299367546,0.23923139670107557,-0.8320606978340915,-0.49571985470924124,-0.9649886301974224,0.0,1.0,5
-0.3081136096007975,-0.9775931008763507,0.21857923777823088,0.0881187224814458,-0.06837002237431992,1.314346640375976,0.50700673277267,-0.5547578019299231,-0.7701066824049821,0.03210460432818127,0.37459477725520696,0.0,1.0,7
0.2976986732369971,-0.7974739442526363,0.8316896164726855,-0.7013877780986604,-0.5425321236254129,-1.1621935918777633,0.08086945060449176,-1.089763399290762,-1.3276928212669559,1.0877535224030255,1.8816261106394159,0.0,1.0,6
1.1306905621389645,1.0637573408590797,-1.5526285228946373,-0.5660438065706422,0.9062965190862599,-0.5862540029815447,-1.1620309557193618,1.0570743480806883,0.7167896878936081,2.1434024404778707,0.03969892539204922,1.0,0.0,7
-0.3081136096007975,-0.4972753498797788,0.6954428656516954,-0.7465024352746664,-0.2000817171662901,0.6232191337005138,0.13413661087551404,-0.5104579753968744,1.5221918884720138,-0.36376373994988587,-0.044025037573739836,0.0,1.0,8
0.8277844207200683,0.10312183886593582,1.7172934968091194,2.2536222669297366,-0.12105470029110807,0.2776553803627828,2.5134031029811763,1.9089940891010757,-1.8233249446998174,0.6918851781249591,-1.634780333923738,0.0,1.0,5
0.9035109560747924,-0.8575136631272077,-0.3264077655057283,0.29113467977347296,-0.2264240561246842,-0.010314414085326379,0.50700673277267,0.7163064516725258,0.15920354903163708,-0.23180762519053016,-1.216160519094791,0.0,1.0,6
0.14624560252754895,-0.6173547876289218,-0.6670246425582032,1.2836571376456063,-0.38447808987504845,-0.24069024964381375,-0.5938479128284573,0.30738497598270054,-2.257003052703575,-1.1555004285060195,-0.7138167413000552,0.0,1.0,6
-0.38384014495552155,-0.19707675550692147,-0.12203763927424371,-0.5886011351586452,-0.4898474457086247,-0.010314414085326379,-0.5583364726477758,-1.9859829668441982,-0.8320606978340915,-1.1555004285060195,1.8816261106394159,0.0,1.0,7
-0.15666053889134865,-0.43723563100520724,2.8753908787875333,-0.7916170924506725,-0.5425321236254129,-0.1830962907541919,0.13413661087551404,-0.6467651339601244,0.7787437033227175,-0.36376373994988587,0.542042703186785,0.0,1.0,6
-0.913925892438592,-1.0976725386254935,-0.3264077655057283,1.5769024092896458,-0.7005861573757771,0.5080312159212702,-0.29200067129266427,-0.16287472106054185,-0.4603366052594433,-1.2874565432653748,0.2071468513236288,0.0,1.0,5
1.0549640267842404,1.814253826791223,-0.46265451632671833,-0.6788304495106573,0.6955578074191077,-1.277381509657007,-1.5349010776165177,1.244496691105157,0.3450655953189598,0.4279729486062477,-0.4626448524026866,1.0,0.0,6
-0.838199357083868,-0.7374342253780647,-0.46265451632671833,1.5994597378776487,-0.5688744625838068,1.3719405992655977,0.364960972049944,0.1063319171018918,-0.08861251268479507,-0.891588198987308,0.12342288835783828,0.0,1.0,5
-0.08093400353662458,0.2832409954896504,-0.12203763927424371,1.1031985089415821,-0.5161897846670188,-0.06790837297494821,0.16964805105619557,-0.12198257349155932,-0.9559687286923076,-0.7596320842279527,0.29087081428941786,0.0,1.0,6
4.6141111884562855,-0.31715619325606453,2.9435142541980284,-0.4983718208066331,0.7219001463775018,-0.41347212631267927,-1.2685652762614064,1.397842244488851,-1.1418307749796304,0.9557974076436706,0.7094906291183647,1.0,0.0,7
-0.4595666803102463,-0.13703703663234995,0.28670261318872586,0.6746092657695245,-0.25276639508307824,1.5447224759344633,0.9508997350311892,0.13700102777863815,-0.4603366052594433,-0.49571985470924124,-0.7975407042658443,0.0,1.0,5
-0.7624728217291432,-0.257116474381493,-0.3945311409162233,1.8927050095216882,-0.27910873404147235,1.5447224759344633,1.6256170984641383,1.108189532541907,-0.33642857440122725,-0.6936540268482748,-0.8812646672316334,0.0,1.0,6
1.887955915686208,-1.2177519763746365,1.8535402476301093,-0.7916170924506725,-0.2000817171662901,-0.41347212631267927,0.48925101268232934,0.4436921345459882,-1.5135548675542785,0.5599290633656034,-0.8812646672316334,0.0,1.0,5
-1.2168320338574896,-0.6773945065034932,-0.46265451632671833,0.6746092657695245,-0.35813575091665456,0.04727954480429546,-0.238733511021642,-0.07086738903034061,-0.21252054354301114,-0.7596320842279527,-0.1277490005395289,0.0,1.0,6
0.4491517439464459,-0.0169575988832069,-0.3264077655057283,-0.8592890782146816,-0.4371627677918366,-0.29828420853343557,-0.14995491056993818,-0.4423043961152495,-1.3276928212669559,0.09808266170785913,-0.1277490005395289,0.0,1.0,5
-0.15666053889134865,-0.6773945065034932,0.5591961148307059,-0.7690597638626695,0.16871102825122655,-0.5286600440919229,-0.842427994093228,0.23923139670107557,1.7080539347593366,0.6259071207452813,0.458318740220996,1.0,0.0,5
-0.9896524277933161,-0.13703703663234995,-0.8713947687896879,2.1408356239897217,-0.38447808987504845,0.3928432981420265,0.0098465702431287,0.7980907468104531,-0.39838258983033387,-0.6936540268482748,-0.21147296350531794,0.0,1.0,5
-0.6110197510196944,-0.4972753498797788,-0.12203763927424371,-0.6337157923346513,-0.8322978521677473,0.16246746258353914,0.3472052519596032,-0.851225871805037,-0.08861251268479507,-0.42974179732956375,0.03969892539204922,0.0,1.0,6
-0.5352932156649703,0.10312183886593582,-1.0757648950211727,-0.8367317496266786,-0.06837002237431992,-1.1045996329881413,-0.1321991904795974,-0.17650543691688197,-0.21252054354301114,-0.9575662563669859,-1.718504296889527,0.0,1.0,5
-0.7624728217291432,-0.9775931008763507,-0.12203763927424371,-0.9044037353906876,-0.674243818417383,-0.41347212631267927,-0.7358936735511834,-1.4237159377707547,0.035295518173421,-0.09985151043117445,0.6257666661525756,0.0,1.0,6
-0.4595666803102463,-1.0976725386254935,-0.1901610146847387,-0.7239451066866635,-0.17373937820789603,0.565625174810892,0.5780296131340331,-1.1238401889315746,-1.0179227441214143,-0.6276759694685969,0.7094906291183647,0.0,1.0,7
0.9792374914295164,-0.9175533820017792,1.1723064935251601,-0.3404705206906119,-0.33179341195826045,-0.06790837297494821,0.04535801042381023,-0.23784365827033685,-0.5222906206885499,-0.1658295678108523,-0.37892088943689756,0.0,1.0,6
2.0394089863956575,1.1838367786082227,-0.3945311409162233,-0.6788304495106573,1.433143298254141,-1.3349754685466286,-0.9667180347256134,0.883282720912522,-1.7613709292707107,2.9351391290340043,-0.2951969264711085,1.0,0.0,5
-0.15666053889134865,-1.3378314141237795,-0.25828439009523335,0.29113467977347296,0.010656994500862296,-0.7590358796504103,-0.20322207084096047,0.40961534490517576,1.7080539347593366,-0.6276759694685969,-0.7975407042658443,0.0,1.0,5
0.9035109560747924,-0.257116474381493,-0.46265451632671833,2.87394880309982,-0.25276639508307824,-0.29828420853343557,1.8386857395482274,1.9294401628855482,-1.5135548675542785,0.8238412928843148,-1.216160519094791,0.0,1.0,5
0.07051906717282422,-1.2177519763746365,1.1723064935251601,-0.8818464068026846,-0.4898474457086247,-0.12550233186457005,-0.2742449512023235,-0.5786115546784993,-0.15056652811390175,1.2197096371623812,0.03969892539204922,0.0,1.0,6
1.282143632848414,3.1951673609063667,-1.2801350212526574,-0.3517491849846134,0.8272695022110776,-1.5077573452154942,-1.7834811588812884,1.6704565616153506,1.3363298421846885,-0.09985151043117445,0.7932145920841537,1.0,0.0,5
-0.4595666803102463,-0.0169575988832069,-0.46265451632671833,-0.047225249046572514,-0.4898474457086247,-0.8166298385400321,0.11638089078517329,-0.8580412297332071,0.8406977187518241,1.1537315797827035,1.7141781847078363,0.0,1.0,6
1.5093232389125861,2.474690734411509,-0.9395181442001829,-0.6337157923346513,2.4078098397147207,-1.1621935918777633,-0.20322207084096047,0.8185368205949632,-2.1950490372744658,5.442305309461761,-0.2951969264711085,1.0,0.0,6
-0.38384014495552155,-0.4972753498797788,-0.1901610146847387,0.1783480368334578,-0.8322978521677473,-0.24069024964381375,-0.7181379534608426,-0.5445347650376869,0.3450655953189598,-0.03387345305149659,0.37459477725520696,0.0,1.0,6
-0.15666053889134865,2.774889328784367,-2.1657389015890915,-0.5660438065706422,0.3004227230431969,-1.3349754685466286,-1.6769468383392439,0.8185368205949632,1.5841459039011205,0.164060719087537,-0.7975407042658443,1.0,0.0,5
-1.0653789631480408,-0.37719591213063575,0.15045586236773625,-0.22768387775059673,-0.674243818417383,0.565625174810892,-0.2742449512023235,-1.669068823184612,1.0265597650391496,-0.9575662563669859,1.8816261106394159,0.0,1.0,7
3.2510335520712466,0.0430821199913643,1.1723064935251601,-0.385585177866618,0.35310740095998505,-1.1621935918777633,-1.375099596803451,1.9771476683827007,0.592881657035392,2.47329272737626,0.37459477725520696,1.0,0.0,6
-1.4440116399216625,0.31326085492693617,-1.6888752737156272,-0.8367317496266786,-0.5688744625838068,-0.24069024964381375,-0.22097779093130124,-0.851225871805037,1.7080539347593366,-1.2214784858856973,0.03969892539204922,0.0,1.0,6
-0.9896524277933161,0.16316155774050736,-1.2120116458421626,0.29113467977347296,-0.5425321236254129,0.220061421473161,1.252746976566982,-0.03338292042546203,-0.33642857440122725,0.6259071207452813,-0.6300927783342647,0.0,1.0,5
0.14624560252754895,-0.31715619325606453,-0.25828439009523335,1.170870494705591,-0.647901479458989,0.7384070514797575,0.4182281323209663,0.2051546070602631,-0.7701066824049821,-0.42974179732956375,0.03969892539204922,0.0,1.0,6
-0.9896524277933161,1.814253826791223,-1.3482583966631525,-0.6788304495106573,0.4848190957519551,0.1048735036939173,-1.2508095561710655,0.3312387287312768,2.1417320427630915,1.1537315797827035,-0.2951969264711085,1.0,0.0,5
0.14624560252754895,-0.43723563100520724,-0.3945311409162233,1.5317877521136398,-0.09471236133271399,1.4295345581552197,1.0396783354828931,0.8492059312717096,-0.7081526669758754,0.4279729486062477,-0.6300927783342647,0.0,1.0,5
3.1753070167165225,1.5440750918556512,1.1723064935251601,-0.5209291493946361,0.7482424853358958,-1.1621935918777633,-1.304076716442088,1.6704565616153506,-0.4603366052594433,0.6259071207452813,-0.044025037573739836,1.0,0.0,6
-0.15666053889134865,-0.6773945065034932,-0.25828439009523335,-0.5209291493946361,-0.09471236133271399,-0.8166298385400321,-0.39853499183470886,-0.26510508998297927,-0.2744745589721178,0.164060719087537,-1.0487125931632115,0.0,1.0,5
0.2976986732369971,-0.257116474381493,0.6954428656516954,-0.6788304495106573,-0.12105470029110807,-1.3925694274362506,-1.6059239579778808,0.6140760827500505,1.3363298421846885,1.8794902109591591,1.1281104439473115,1.0,0.0,6
0.2976986732369971,-0.4972753498797788,0.014209111546746275,-0.8367317496266786,-0.2264240561246842,-0.41347212631267927,-0.6826265132801611,-1.4305312956989247,-1.6374628984124946,-0.49571985470924124,1.2118344069131004,0.0,1.0,6
-0.38384014495552155,-0.9775931008763507,-0.12203763927424371,0.3136920083614761,-0.2264240561246842,0.565625174810892,2.4246245025294724,0.3755385552643633,0.40701961074806925,-0.09985151043117445,-0.4626448524026866,0.0,1.0,5
0.07051906717282422,-0.6773945065034932,0.15045586236773625,0.9678545374135641,-0.12105470029110807,-0.6438479618711667,-0.5050693123767535,0.423246060761478,-1.1418307749796304,0.164060719087537,-0.4626448524026866,0.0,1.0,5
-0.6110197510196944,-0.31715619325606453,1.7172934968091194,-0.9044037353906876,0.08968401137604433,-0.874223797429654,0.09862517069483252,-0.7149187132417871,-1.0179227441214143,-0.8256101416076306,-0.8812646672316334,0.0,1.0,5
0.7520578853653429,-0.7374342253780647,0.28670261318872586,0.40392132271348813,-0.5952168015422008,-1.0470056740985194,-0.4340464320153904,-0.03338292042546203,-1.3276928212669559,-1.0235443137466638,-0.044025037573739836,0.0,1.0,8
1.0549640267842404,-0.46725549044249304,0.28670261318872586,-0.8592890782146816,-0.5952168015422008,-0.874223797429654,-0.611603632918798,-1.089763399290762,-1.6994169138416013,-1.1555004285060195,0.7094906291183647,0.0,1.0,7
-0.0052074681818998474,-0.4972753498797788,-0.12203763927424371,-0.6562731209226543,-0.6215591405005949,1.1415647637071105,0.7733425341277815,-1.226070557854012,0.6548356724645014,-0.6936540268482748,1.2955583698788895,0.0,1.0,7
0.22197213788227302,-0.6773945065034932,2.466650626324564,1.3513291234096154,-0.25276639508307824,0.3928432981420265,0.32944953186926246,1.1252279273623134,-1.451600852125169,-1.0235443137466638,-1.4673324079921584,0.0,1.0,5
0.7520578853653429,-0.8575136631272077,1.1723064935251601,-0.3404705206906119,0.010656994500862296,-0.9318177563192758,-0.11444347038925665,-0.5786115546784993,-0.21252054354301114,-1.2214784858856973,0.7932145920841537,0.0,1.0,6
-0.5352932156649703,-0.13703703663234995,-0.5989012671477081,0.7873959087095397,-0.14739703924950215,-0.5862540029815447,0.4182281323209663,-0.0674597100662745,-1.2037847904087398,-0.7596320842279527,0.12342288835783828,0.0,1.0,5
-0.913925892438592,-0.13703703663234995,-0.12203763927424371,-0.7013877780986604,-0.6215591405005949,0.6232191337005138,0.48925101268232934,-1.832637413460542,0.40701961074806925,-0.7596320842279527,1.8816261106394159,0.0,1.0,7
-0.0052074681818998474,-0.0169575988832069,-0.803271393379193,0.1783480368334578,0.14236868929283247,1.256752681486354,1.5723499381931159,0.03817833782026686,-0.33642857440122725,-0.6276759694685969,-0.6300927783342647,0.0,1.0,6
-0.08093400353662458,-0.7974739442526363,-0.12203763927424371,-0.8141744210386755,-0.5161897846670188,0.8535949692590012,0.50700673277267,-0.4423043961152495,-0.5842446361176594,-1.3534346006450526,-0.5463688153684757,0.0,1.0,6
-0.6867462863744191,-0.0169575988832069,0.08233248695724127,-0.09233990622257862,-0.5952168015422008,-0.6438479618711667,-0.611603632918798,-0.9534562407274744,0.9646057496100402,0.296016833846892,1.2118344069131004,0.0,1.0,7
-0.23238707424607272,-0.43723563100520724,1.1723064935251601,4.1709951969099945,0.010656994500862296,1.659910393713707,2.1405329810840206,2.6927602508398385,-1.5135548675542785,-0.42974179732956375,-1.634780333923738,0.0,1.0,5
-0.3081136096007975,1.5440750918556512,-0.9395181442001829,-0.7013877780986604,0.5901884515855313,-0.7014419207607885,-0.5050693123767535,0.7844600309541507,2.2656400736213076,0.2300387764672141,-1.0487125931632115,1.0,0.0,6
0.4491517439464459,0.7035190276116507,-0.3945311409162233,-0.7013877780986604,0.8272695022110776,-0.41347212631267927,-1.0910080753579987,1.2274582962847507,1.2743758267555818,1.351665751921737,-1.132436556129002,1.0,0.0,6
-0.6867462863744191,-0.13703703663234995,-0.3945311409162233,1.644574395053655,-0.33179341195826045,-0.35587816742305745,1.6078613783737974,0.5493301824325296,-0.7081526669758754,0.296016833846892,-0.5463688153684757,0.0,1.0,5
-0.5352932156649703,-0.9175533820017792,-1.4845051474841422,-0.8367317496266786,-0.27910873404147235,-0.41347212631267927,-0.1321991904795974,-0.27192044791114933,0.40701961074806925,-0.5616979120889191,-0.4626448524026866,0.0,1.0,5
-0.838199357083868,-0.07699731775777843,0.014209111546746275,0.6294946085935185,-0.12105470029110807,1.256752681486354,1.2172355363863006,0.7060834147802518,1.0265597650391496,0.757863235504637,-0.8812646672316334,0.0,1.0,5
-0.3081136096007975,1.4840353729810796,-1.4845051474841422,-0.7465024352746664,0.16871102825122655,0.220061421473161,-1.0910080753579987,0.4436921345459882,1.1504677958973657,0.8898193502639927,-0.7138167413000552,1.0,0.0,5
-1.2168320338574896,0.40332043323879313,-0.5307778917372133,-0.7013877780986604,-0.5952168015422008,-1.1621935918777633,-1.0910080753579987,-2.1631822729764685,0.592881657035392,-0.23180762519053016,2.467693851399941,0.0,1.0,7
2.1151355217503816,-0.8575136631272077,0.49107273942021085,-0.8141744210386755,-0.17373937820789603,-0.6438479618711667,0.6668082135857369,-0.1696900789887119,-1.3896468366960626,-0.7596320842279527,-0.1277490005395289,0.0,1.0,6
-0.6867462863744191,0.40332043323879313,-0.12203763927424371,-0.4081425064546209,-0.7005861573757771,1.0839708048174885,0.8798768546698261,-0.6126883443193119,1.8939159810466595,1.6815560388201263,0.9606625180157319,0.0,1.0,7
-0.08093400353662458,-0.31715619325606453,0.15045586236773625,0.6294946085935185,-0.5425321236254129,1.0839708048174885,0.24067093141755863,-0.17991311588094808,-0.08861251268479507,-0.891588198987308,0.12342288835783828,0.0,1.0,6
2.1151355217503816,0.4633601521133647,1.240429868935655,-0.3630278492786149,1.3277739424205646,-1.3349754685466286,-1.6591911182489032,1.1593047170031259,0.22115756446074375,2.6052488421356155,1.0443864809815224,1.0,0.0,6
0.07051906717282422,-0.7974739442526363,1.1723064935251601,-0.7239451066866635,-0.4898474457086247,0.7960010103693794,0.6668082135857369,-1.1238401889315746,0.592881657035392,-0.6276759694685969,1.7141781847078363,0.0,1.0,7
0.6006048146558948,0.5233998709879362,0.28670261318872586,-0.6111584637466483,0.4848190957519551,-1.1621935918777633,-1.1797866758097024,1.0570743480806883,0.7167896878936081,-0.49571985470924124,-0.9649886301974224,1.0,0.0,5
-0.5352932156649703,0.7035190276116507,-0.5307778917372133,1.4641157663496307,-0.14739703924950215,1.4871285170448414,1.0041668953022116,0.47095356625863066,-0.8940147132631981,0.164060719087537,-0.6300927783342647,0.0,1.0,6
-0.4595666803102463,-0.37719591213063575,0.15045586236773625,-0.9495183925666938,-0.5161897846670188,0.6808130925901357,0.08086945060449176,-1.9416831403111496,-1.2037847904087398,-1.0895223711263415,1.6304542217420472,0.0,1.0,6
-0.4595666803102463,-1.0376328197509221,0.21857923777823088,-0.5434864779826392,-0.7005861573757771,0.16246746258353914,-0.6471150730994796,-1.0352405358654395,-0.026658497255685663,1.2197096371623812,0.6257666661525756,0.0,1.0,6
0.6006048146558948,1.5440750918556512,-0.6670246425582032,-0.6562731209226543,0.6165307905439255,-0.29828420853343557,-0.16771063066027894,0.5561455403606618,0.4689736261771759,-0.29778568257020804,-0.5463688153684757,1.0,0.0,5
-0.08093400353662458,-0.5573150687543503,1.1723064935251601,-0.453257163630627,-0.7005861573757771,-0.010314414085326379,-0.3275121114733458,-1.4305312956989247,-0.5842446361176594,-0.9575662563669859,1.4630062958104693,0.0,1.0,7
-0.3081136096007975,1.003717621984508,-2.0976155261785965,-0.6562731209226543,0.458476756793561,-1.219787550767385,-1.5881682378875401,0.4436921345459882,0.6548356724645014,0.164060719087537,-0.8812646672316334,1.0,0.0,6
-0.23238707424607272,0.0430821199913643,2.8753908787875333,-0.9044037353906876,-0.33179341195826045,-0.7014419207607885,0.3116938117789217,-0.851225871805037,-0.5842446361176594,0.09808266170785913,-0.2951969264711085,0.0,1.0,5
-0.6110197510196944,-0.5573150687543503,0.08233248695724127,-0.7465024352746664,-0.5161897846670188,0.2776553803627828,-0.02566486993755283,-0.9739023145119846,0.035295518173421,0.8238412928843148,0.03969892539204922,0.0,1.0,6
-1.0653789631480408,-0.6173547876289218,0.49107273942021085,-0.7916170924506725,-0.06837002237431992,0.3928432981420265,0.7733425341277815,-0.4423043961152495,-0.08861251268479507,-0.09985151043117445,-1.0487125931632115,0.0,1.0,6
2.5694947338787273,4.065743284587653,0.7635662410621905,-0.4758144922186301,0.5111614347103491,-0.24069024964381375,-0.4695578721960719,1.3296886652071882,-0.8940147132631981,0.2300387764672141,-0.37892088943689756,1.0,0.0,6
0.14624560252754895,-1.0976725386254935,0.08233248695724127,-0.8592890782146816,-0.38447808987504845,0.9687828870382449,0.11638089078517329,-0.8580412297332071,-1.1418307749796304,0.9557974076436706,-0.044025037573739836,0.0,1.0,7
-0.08093400353662458,-0.7374342253780647,2.8753908787875333,-0.5209291493946361,-0.33179341195826045,0.6808130925901357,0.5247624528630108,-1.1919937682131996,0.5309276416062852,-0.8256101416076306,1.3792823328446786,0.0,1.0,6
0.37342520859172185,-0.257116474381493,0.15045586236773625,-0.8592890782146816,-0.2264240561246842,-1.5077573452154942,0.08086945060449176,-1.2465166316384844,-0.2744745589721178,-1.2874565432653748,1.2955583698788895,0.0,1.0,6
-0.38384014495552155,-0.7974739442526363,0.15045586236773625,-0.8141744210386755,-0.2000817171662901,0.3352493392524047,-0.04342059002789359,-1.2226628788899458,-1.2657388058378465,-0.23180762519053016,0.37459477725520696,0.0,1.0,6
-0.3081136096007975,-0.37719591213063575,0.8316896164726855,0.9678545374135641,-0.674243818417383,0.2776553803627828,0.4004724122306255,0.034770658856200745,-0.39838258983033387,-1.1555004285060195,-0.1277490005395289,0.0,1.0,6
-0.08093400353662458,-0.7374342253780647,0.08233248695724127,-0.4983718208066331,-0.6215591405005949,1.0263768459278668,0.6845639336760777,-1.5668384542621745,-0.4603366052594433,-1.0235443137466638,1.7979021476736254,0.0,1.0,7
0.7520578853653429,0.16316155774050736,0.28670261318872586,-0.9044037353906876,-0.5952168015422008,-0.7590358796504103,-0.3807792717443681,-1.3283009267764494,-1.1418307749796304,-1.4194126580247306,0.9606625180157319,0.0,1.0,8
-0.15666053889134865,-0.9775931008763507,1.1723064935251601,0.06556139389344265,-0.4371627677918366,0.220061421473161,0.18740377114653634,-1.0556866096499498,0.09724953360253041,-0.891588198987308,1.3792823328446786,0.0,1.0,6
2.0394089863956575,-0.13703703663234995,1.649170121398625,-0.6788304495106573,0.43213441783516693,-1.5653513041051161,-1.890015479423333,0.28693890219822815,-0.4603366052594433,1.2856876945420592,0.7094906291183647,1.0,0.0,6
0.22197213788227302,0.4633601521133647,0.8998129918831804,0.9227398802375578,-0.7269284963341711,-0.5862540029815447,0.18740377114653634,0.5118457138276131,-0.646198651546766,-1.1555004285060195,-0.37892088943689756,0.0,1.0,6
0.37342520859172185,-0.9775931008763507,0.15045586236773625,-0.5209291493946361,0.24773804512640876,-0.874223797429654,-1.0022294749062948,0.06884744849701321,0.9026517341809336,1.6155779814404485,1.0443864809815224,1.0,0.0,6
-0.838199357083868,-0.7374342253780647,1.240429868935655,0.35880666553748203,-0.3054510729998664,-0.010314414085326379,0.13413661087551404,-0.1185748945274932,-0.026658497255685663,-0.29778568257020804,-0.5463688153684757,0.0,1.0,6
0.9035109560747924,0.10312183886593582,0.014209111546746275,-0.6337157923346513,0.6428731295023195,0.1048735036939173,-0.6293593530091388,0.648152872390863,0.4689736261771759,1.2197096371623812,0.37459477725520696,1.0,0.0,6
-0.5352932156649703,0.10312183886593582,0.4229493640097159,1.170870494705591,-0.7532708352925652,-0.5862540029815447,-0.5760921927381165,-0.5990576284630096,-0.7701066824049821,-0.6936540268482748,1.2955583698788895,0.0,1.0,7
3.932572370263766,0.0430821199913643,1.1723064935251601,-0.5434864779826392,0.5901884515855313,-0.1830962907541919,-0.8069165539125465,1.6704565616153506,-0.646198651546766,1.4176438093014148,-0.1277490005395289,1.0,0.0,6
-0.6110197510196944,-0.4972753498797788,-0.6670246425582032,0.02044673671743654,-0.5161897846670188,-0.41347212631267927,0.2939380916885809,-0.03338292042546203,0.40701961074806925,-1.4194126580247306,-0.37892088943689756,0.0,1.0,5
1.282143632848414,-0.4972753498797788,0.08233248695724127,0.6971665943575275,-0.8586401911261414,0.9687828870382449,1.5545942181027752,0.36872319733619324,-0.5842446361176594,-0.49571985470924124,0.2071468513236288,0.0,1.0,6
3.2510335520712466,-0.16705689606963572,1.512923370577635,-0.6562731209226543,0.7219001463775018,-1.4501633863258725,-1.7657254387909478,1.4319190341296635,-1.5135548675542785,1.0877535224030255,-1.132436556129002,1.0,0.0,6
0.2976986732369971,2.384631156099652,-2.1657389015890915,-0.7013877780986604,1.1433775697118065,-1.3925694274362506,-1.81899259906197,0.2426390756651795,0.8406977187518241,0.3619948912265698,0.37459477725520696,1.0,0.0,5
-0.0052074681818998474,-0.7974739442526363,0.6273194902412005,-0.8367317496266786,-0.5425321236254129,0.16246746258353914,-0.5228250324670942,-0.851225871805037,-0.33642857440122725,-0.1658295678108523,-0.1277490005395289,0.0,1.0,5
-0.3081136096007975,2.5947701721606524,-2.1657389015890915,-0.453257163630627,1.1960622476285943,-1.277381509657007,-1.6236796780682217,0.6822296620317133,1.398283857613798,0.164060719087537,0.12342288835783828,1.0,0.0,5
-0.4595666803102463,-0.9175533820017792,4.5784752640499065,-0.8592890782146816,1.7229090267964755,0.8535949692590012,0.2584266515078994,-0.3059972375519618,-0.8320606978340915,-1.4853907154044084,-1.5510563709579488,0.0,1.0,6
-0.6110197510196944,0.22320127661507888,-1.2120116458421626,-0.6337157923346513,-0.4898474457086247,-0.874223797429654,-1.5881682378875401,0.21878532291660321,1.3363298421846885,0.757863235504637,0.458318740220996,1.0,0.0,6
1.1306905621389645,-0.7374342253780647,0.6954428656516954,-0.6111584637466483,-0.09471236133271399,-0.1830962907541919,-0.007909149847212065,-0.1696900789887119,-1.451600852125169,-0.6936540268482748,-0.4626448524026866,0.0,1.0,5
-0.838199357083868,-0.19707675550692147,0.15045586236773625,-0.4983718208066331,-0.38447808987504845,1.6887073731585178,0.8443654144891446,-0.9227871300507658,0.28311157988985314,-0.42974179732956375,0.2071468513236288,0.0,1.0,6
-0.6867462863744191,0.3432807143642219,0.014209111546746275,1.2610998090576033,-0.2000817171662901,0.45043725703164833,1.6788842587351605,1.2274582962847507,1.5221918884720138,0.3619948912265698,-1.0487125931632115,0.0,1.0,6
-1.0653789631480408,-0.37719591213063575,-0.9395181442001829,-0.8592890782146816,0.03699933345925637,-1.3349754685466286,-0.11444347038925665,-0.551350122965857,0.035295518173421,0.296016833846892,-0.8394026857487381,0.0,1.0,4
0.22197213788227302,1.4239956541065082,-0.803271393379193,-0.6788304495106573,0.43213441783516693,0.220061421473161,-1.2508095561710655,0.15063174363497828,-0.7701066824049821,-0.6936540268482748,-1.0487125931632115,1.0,0.0,5
-0.15666053889134865,-0.7974739442526363,0.15045586236773625,0.6746092657695245,0.010656994500862296,-0.6438479618711667,-0.238733511021642,0.30738497598270054,-1.451600852125169,0.3619948912265698,-0.9649886301974224,0.0,1.0,5
-0.3081136096007975,-0.13703703663234995,-0.5989012671477081,-0.385585177866618,-0.8059555132093533,0.04727954480429546,-0.2742449512023235,-1.669068823184612,-0.7701066824049821,-0.891588198987308,1.5467302587762581,0.0,1.0,6
-0.3081136096007975,0.10312183886593582,0.014209111546746275,-0.7690597638626695,-0.46350510675023066,-1.1621935918777633,0.16964805105619557,0.10292423813782568,0.4689736261771759,0.8898193502639927,-0.7975407042658443,0.0,1.0,5
0.2976986732369971,0.763558746486222,1.1723064935251601,1.802475695169676,4.8049626849285785,0.6808130925901357,1.874197179728909,1.4659958237704758,-1.6374628984124946,-0.1658295678108523,-1.132436556129002,0.0,1.0,5
0.6006048146558948,1.964353123977652,-0.12203763927424371,-0.6788304495106573,0.08968401137604433,0.45043725703164833,-0.9312065945449318,0.4436921345459882,0.22115756446074375,0.164060719087537,-0.2951969264711085,1.0,0.0,6
0.9792374914295164,-0.37719591213063575,0.15045586236773625,1.9829343238737005,-0.4108204288334425,0.1048735036939173,0.8266096943988038,1.2274582962847507,-0.5842446361176594,-0.891588198987308,-0.5463688153684757,0.0,1.0,6
0.2976986732369971,-0.43723563100520724,-0.46265451632671833,2.0054916524617035,-0.17373937820789603,0.8535949692590012,1.5013270578317528,1.3296886652071882,0.7167896878936081,-0.23180762519053016,-0.6300927783342647,0.0,1.0,6
0.7520578853653429,-0.7974739442526363,1.104183118114665,-0.8141744210386755,-0.4108204288334425,-1.1045996329881413,-0.2742449512023235,0.4436921345459882,-0.33642857440122725,0.2300387764672141,-0.5463688153684757,0.0,1.0,5
0.6006048146558948,-0.7374342253780647,-0.05391426386374872,0.1332333796574517,-0.2000817171662901,-0.35587816742305745,-0.30975639138300504,-0.5104579753968744,-0.7701066824049821,-0.7596320842279527,0.29087081428941786,0.0,1.0,5
-0.7624728217291432,-0.7974739442526363,0.15045586236773625,0.35880666553748203,-0.7005861573757771,0.3352493392524047,-0.41629071192504963,-1.0556866096499498,0.592881657035392,-0.5616979120889191,1.6304542217420472,0.0,1.0,7
-0.23238707424607272,-0.9175533820017792,0.21857923777823088,1.9152623381096912,-0.4898474457086247,1.0839708048174885,0.06311373051415099,0.32783104976721067,-1.3896468366960626,0.6259071207452813,0.12342288835783828,0.0,1.0,6
-0.6867462863744191,0.40332043323879313,-1.0757648950211727,-0.9269610639786906,-0.647901479458989,-0.29828420853343557,-0.29200067129266427,-0.5990576284630096,-0.39838258983033387,-0.7596320842279527,-0.8812646672316334,0.0,1.0,5
-0.0052074681818998474,2.11445242116408,-1.2801350212526574,-0.6788304495106573,0.5111614347103491,-1.0470056740985194,-1.6769468383392439,0.32783104976721067,0.40701961074806925,0.03210460432818127,-0.37892088943689756,1.0,0.0,5
0.5248782793011707,-0.5573150687543503,0.15045586236773625,1.4415584377616277,-0.4371627677918366,1.314346640375976,1.5545942181027752,0.8798750419484181,-0.7081526669758754,0.2300387764672141,-0.7975407042658443,0.0,1.0,6
0.4491517439464459,1.3039162163573657,-1.3482583966631525,-0.6788304495106573,0.6692154684607136,-1.3349754685466286,-1.5349010776165177,0.8526136102357758,0.9026517341809336,-0.23180762519053016,-0.9649886301974224,1.0,0.0,6
1.1306905621389645,-0.19707675550692147,-0.7351480179686981,0.1332333796574517,-0.46350510675023066,-0.12550233186457005,-0.842427994093228,-0.41504296440256927,-1.6374628984124946,-0.09985151043117445,0.37459477725520696,0.0,1.0,4
-0.913925892438592,-1.0376328197509221,1.1723064935251601,-0.9044037353906876,-0.5952168015422008,-0.24069024964381375,-0.14995491056993818,-0.851225871805037,-0.08861251268479507,-0.7596320842279527,-0.6300927783342647,0.0,1.0,6
1.5093232389125861,-0.9175533820017792,0.6954428656516954,-0.6788304495106573,-0.25276639508307824,-0.8166298385400321,-0.1854663507506197,0.2290083598088394,-0.8320606978340915,0.8238412928843148,-0.4626448524026866,0.0,1.0,4
-0.15666053889134865,1.4239956541065082,-0.25828439009523335,-0.047225249046572514,0.7482424853358958,-1.0470056740985194,-0.8069165539125465,0.6242991196423245,0.592881657035392,1.0877535224030255,0.37459477725520696,1.0,0.0,6
-0.3081136096007975,-0.0169575988832069,2.5347740017350584,-0.8367317496266786,0.03699933345925637,-1.0470056740985194,1.0041668953022116,-0.476381185756062,-1.0179227441214143,-0.42974179732956375,-0.7138167413000552,0.0,1.0,5
-1.4440116399216625,-1.0976725386254935,0.49107273942021085,-0.9044037353906876,-0.7532708352925652,0.565625174810892,-0.238733511021642,-1.001163746224627,2.1417320427630915,0.3619948912265698,0.03969892539204922,0.0,1.0,6
2.2665885924598297,-0.31715619325606453,1.1723064935251601,-0.5434864779826392,0.06334167241765026,-1.4501633863258725,-1.8012368789716293,1.0570743480806883,-1.0798767595505236,1.351665751921737,-0.044025037573739836,1.0,0.0,7
1.9636824510409334,-0.257116474381493,0.49107273942021085,-0.7465024352746664,0.14236868929283247,-1.5653513041051161,-1.8722597593329924,0.10292423813782568,-0.5222906206885499,0.2300387764672141,0.7932145920841537,1.0,0.0,7
-0.5352932156649703,-0.5573150687543503,-0.803271393379193,-0.8141744210386755,-0.8586401911261414,-0.06790837297494821,-0.238733511021642,-0.9875330303682869,0.09724953360253041,0.03210460432818127,0.2071468513236288,0.0,1.0,6
-0.15666053889134865,-0.7374342253780647,0.08233248695724127,-0.6562731209226543,-0.12105470029110807,-0.874223797429654,-0.6826265132801611,-0.5104579753968744,-0.15056652811390175,-0.8256101416076306,0.03969892539204922,0.0,1.0,6
-0.9896524277933161,-0.4972753498797788,-0.5307778917372133,-0.5886011351586452,-0.27910873404147235,-0.1830962907541919,0.3116938117789217,-0.7353647870262594,2.51345613533774,1.2856876945420592,0.6257666661525756,0.0,1.0,5
-1.2925585692122137,-0.13703703663234995,-1.2801350212526574,-0.8367317496266786,-0.5161897846670188,0.8535949692590012,0.7378310939471,-0.9057487352303218,0.22115756446074375,-1.0235443137466638,0.12342288835783828,0.0,1.0,5
0.6763313500106188,-0.8575136631272077,1.1723064935251601,0.6971665943575275,-0.14739703924950215,1.1991587225967322,1.6078613783737974,0.30738497598270054,-0.7701066824049821,-0.09985151043117445,0.37459477725520696,0.0,1.0,6
3.553939693490144,0.16316155774050736,2.5347740017350584,-0.6111584637466483,0.5638461126271372,-1.0470056740985194,-1.6059239579778808,0.4436921345459882,-1.3896468366960626,0.757863235504637,1.8816261106394159,1.0,0.0,6
-0.7624728217291432,-0.5573150687543503,1.03605974270417,1.4866730949376337,-0.2264240561246842,1.8326922703825725,1.6966399788255013,0.7844600309541507,-0.21252054354301114,-0.23180762519053016,-0.8812646672316334,0.0,1.0,5
1.9636824510409334,-0.5573150687543503,1.1723064935251601,-0.5209291493946361,0.8272695022110776,-0.874223797429654,-1.446122477164814,1.2615350859255632,1.2124218113264724,2.407314669996582,-0.4626448524026866,1.0,0.0,6
1.9636824510409334,3.5253858147165107,0.8998129918831804,0.8099532372975426,-0.12105470029110807,0.220061421473161,1.2882584167476636,1.6704565616153506,-0.646198651546766,0.3619948912265698,-0.2951969264711085,0.0,1.0,4
1.2064170974936899,-0.0169575988832069,0.08233248695724127,1.058083851765576,-0.5425321236254129,0.9111889281486231,1.0219226153925522,0.7163064516725258,-0.8940147132631981,-0.891588198987308,-0.2951969264711085,0.0,1.0,5
-0.15666053889134865,-0.37719591213063575,-0.3945311409162233,-0.7465024352746664,-0.38447808987504845,0.220061421473161,0.27618237159824016,-0.6808419236009368,1.2743758267555818,-0.23180762519053016,0.12342288835783828,0.0,1.0,8
-0.3081136096007975,-0.5573150687543503,-0.5307778917372133,-0.7690597638626695,-0.3054510729998664,0.5080312159212702,0.8798768546698261,-0.16287472106054185,1.8939159810466595,0.296016833846892,0.2071468513236288,0.0,1.0,5
-0.3081136096007975,-0.37719591213063575,1.9216636230406043,-0.8818464068026846,1.9863324163804161,0.6808130925901357,0.22291521132721787,-0.37415081683362456,-0.8320606978340915,-0.6276759694685969,-1.216160519094791,0.0,1.0,6
-0.23238707424607272,0.2832409954896504,0.5591961148307059,-0.09233990622257862,-0.9113248690429295,-1.4501633863258725,-1.6947025584295847,-1.0216098200090993,0.5309276416062852,-1.0895223711263415,1.7141781847078363,0.0,1.0,3
0.14624560252754895,-0.5573150687543503,-0.1901610146847387,0.40392132271348813,-0.9640095469597175,0.04727954480429546,-0.02566486993755283,-0.3809661747617568,-0.5842446361176594,-1.6173468301637641,0.2071468513236288,0.0,1.0,6
-0.15666053889134865,-0.8575136631272077,0.08233248695724127,-0.06978257763457546,-0.7005861573757771,-0.29828420853343557,-0.6826265132801611,-0.8444105138768669,-2.133095021845359,0.03210460432818127,-0.044025037573739836,0.0,1.0,6
0.2976986732369971,-0.43723563100520724,0.15045586236773625,-0.0021105918705664113,-0.4371627677918366,-0.7014419207607885,-1.0377409150869763,-1.2465166316384844,-1.0179227441214143,-0.36376373994988587,1.5467302587762581,0.0,1.0,6
0.9035109560747924,1.0637573408590797,-0.6670246425582032,-0.5209291493946361,0.7219001463775018,-1.5077573452154942,-1.7124582785199254,0.7912753888823209,0.22115756446074375,0.2300387764672141,-0.5463688153684757,1.0,0.0,6
-0.4595666803102463,0.10312183886593582,-0.25828439009523335,0.24602002259746686,-0.7269284963341711,-1.0470056740985194,-0.3807792717443681,-1.3487470005609596,-0.21252054354301114,-1.7493029449231194,1.8816261106394159,0.0,1.0,7
0.2976986732369971,-1.0376328197509221,0.8998129918831804,1.3964437805856214,-0.06837002237431992,1.4871285170448414,0.4004724122306255,0.8526136102357758,-0.4603366052594433,-0.42974179732956375,-0.4626448524026866,0.0,1.0,5
-0.38384014495552155,-0.6173547876289218,0.6273194902412005,0.8325105658855456,-0.5425321236254129,-0.06790837297494821,0.5957853332243739,0.23923139670107557,-0.026658497255685663,0.5599290633656034,-0.5463688153684757,0.0,1.0,6
-0.4595666803102463,-0.5573150687543503,-0.05391426386374872,-0.7916170924506725,-0.5688744625838068,0.1048735036939173,0.22291521132721787,-0.8171490821642245,1.1504677958973657,-0.42974179732956375,0.6257666661525756,0.0,1.0,6
-0.4595666803102463,1.2138566380455085,-1.8932453999471122,-0.5660438065706422,-0.674243818417383,1.0263768459278668,-0.06117631011823436,-1.3283009267764494,-0.5222906206885499,-1.4194126580247306,1.1281104439473115,0.0,1.0,5
-0.4595666803102463,1.3039162163573657,-1.1438882704316677,1.125755837529585,-0.5161897846670188,0.45043725703164833,0.7555868140374408,0.6549682303190331,0.3450655953189598,-0.09985151043117445,-0.9649886301974224,0.0,1.0,5
3.0995804813617984,0.16316155774050736,0.6273194902412005,-0.6111584637466483,0.8272695022110776,-1.3925694274362506,-1.747969718700607,1.4659958237704758,-0.8320606978340915,1.747534096199804,-1.0487125931632115,1.0,0.0,5
-0.4595666803102463,2.11445242116408,-2.1657389015890915,-0.6562731209226543,0.4848190957519551,-1.0470056740985194,-1.0377409150869763,0.7844600309541507,1.64609991933023,0.8898193502639927,-1.132436556129002,1.0,0.0,5
-1.2925585692122137,-0.16705689606963572,0.4229493640097159,-0.5434864779826392,-0.6215591405005949,-1.1621935918777633,-0.8069165539125465,-1.226070557854012,-0.646198651546766,0.3619948912265698,0.2071468513236288,0.0,1.0,6
-0.3081136096007975,-0.6773945065034932,-0.12203763927424371,-0.7465024352746664,-0.35813575091665456,-0.6438479618711667,-0.34526783156368657,-0.8273721190564607,-0.33642857440122725,-0.49571985470924124,0.12342288835783828,0.0,1.0,7
0.8277844207200683,-1.2177519763746365,0.15045586236773625,-0.8818464068026846,-0.38447808987504845,-1.3349754685466286,-1.1975423959000433,-0.37415081683362456,1.5221918884720138,-0.891588198987308,-0.2951969264711085,0.0,1.0,6
-0.4595666803102463,-0.13703703663234995,0.08233248695724127,-0.5660438065706422,-0.12105470029110807,0.565625174810892,1.8653193196837385,-0.4559351119715518,-0.4603366052594433,0.4279729486062477,-0.4626448524026866,0.0,1.0,5
1.433596703557862,-0.31715619325606453,0.08233248695724127,-0.6675517852166559,0.16871102825122655,-0.9894117152088977,-1.5526567977068586,0.22560068084477328,0.22115756446074375,2.0114463257185147,0.9606625180157319,1.0,0.0,7
-0.6867462863744191,-0.257116474381493,1.104183118114665,-0.7239451066866635,0.326765062001591,-0.7014419207607885,-0.9489623146352726,0.4777689241868007,1.3363298421846885,1.6155779814404485,-0.21147296350531794,1.0,0.0,6
0.14624560252754895,-0.257116474381493,-0.12203763927424371,0.04300406530543969,-0.09471236133271399,0.8535949692590012,0.8621211345794854,-0.13561328934789943,-0.646198651546766,-0.5616979120889191,-0.21147296350531794,0.0,1.0,6
-0.23238707424607272,-0.5573150687543503,-0.12203763927424371,-0.20512654916259376,-0.06837002237431992,-0.41347212631267927,0.027602290333469462,-0.1696900789887119,-1.451600852125169,-1.0235443137466638,-0.9649886301974224,0.0,1.0,6
-0.6867462863744191,-0.6773945065034932,1.240429868935655,1.2159851518815974,-0.35813575091665456,1.7750983114929506,0.3116938117789217,0.3142003339108706,-2.257003052703575,-0.49571985470924124,-1.216160519094791,0.0,1.0,6
-0.4595666803102463,-0.6773945065034932,-0.9395181442001829,0.7873959087095397,-0.33179341195826045,1.659910393713707,1.3060141368380045,0.36872319733619324,-0.39838258983033387,-0.29778568257020804,-0.8812646672316334,0.0,1.0,5
-0.913925892438592,1.7842339673539374,-1.825122024536617,-0.7013877780986604,0.24773804512640876,-1.219787550767385,-1.7302139986102663,0.1574471015631105,1.8319619656175528,1.6155779814404485,0.03969892539204922,1.0,0.0,5
-0.6110197510196944,0.7935786059235077,-1.756998649126122,-0.9044037353906876,-0.7005861573757771,-1.219787550767385,0.2939380916885809,-1.3964545060581122,-1.5755088829833852,-1.6173468301637641,0.2071468513236288,0.0,1.0,5
0.07051906717282422,-0.4972753498797788,1.44479999516714,1.7348037094056667,-0.25276639508307824,1.7463013320481398,0.7378310939471,1.3296886652071882,-1.0179227441214143,-0.5616979120889191,-1.216160519094791,0.0,1.0,6
2.0394089863956575,2.384631156099652,-0.25828439009523335,-0.5434864779826392,0.5638461126271372,-0.5286600440919229,-0.6648707931898203,1.1933815066439382,0.3450655953189598,-0.1658295678108523,-0.6300927783342647,1.0,0.0,5
-0.9896524277933161,0.7035190276116507,-1.2120116458421626,-0.5209291493946361,-0.38447808987504845,-0.1830962907541919,0.8088539743084631,-0.476381185756062,1.4602378730429044,-0.1658295678108523,0.03969892539204922,0.0,1.0,7
-0.5352932156649703,-0.6173547876289218,0.28670261318872586,-0.6337157923346513,-0.7796131742509592,0.3352493392524047,0.3472052519596032,-1.600915243902987,0.3450655953189598,-1.1555004285060195,1.6304542217420472,0.0,1.0,7
-0.4595666803102463,0.16316155774050736,-0.5307778917372133,-0.6788304495106573,0.19505336720962063,-0.41347212631267927,0.09862517069483252,0.034770658856200745,0.592881657035392,0.03210460432818127,-0.9649886301974224,0.0,1.0,5
-0.4595666803102463,-0.7974739442526363,0.28670261318872586,-0.9495183925666938,-0.5952168015422008,1.0263768459278668,-0.02566486993755283,-0.9704946355478806,0.09724953360253041,0.9557974076436706,-0.044025037573739836,0.0,1.0,6
-1.0653789631480408,-0.37719591213063575,2.330403875503574,0.9227398802375578,-0.46350510675023066,-0.24069024964381375,0.7910982542181223,0.6822296620317133,2.699318181625065,0.09808266170785913,0.2071468513236288,0.0,1.0,5
-0.913925892438592,-0.7974739442526363,-0.1901610146847387,1.825033023757679,-0.38447808987504845,-0.12550233186457005,0.18740377114653634,1.6568258457590483,1.0265597650391496,-0.5616979120889191,-1.634780333923738,0.0,1.0,5
-0.3081136096007975,-0.9175533820017792,0.08233248695724127,-0.8367317496266786,-0.674243818417383,-0.4710660852023011,-0.4873135922864127,-1.5770614911544107,-0.8940147132631981,0.5599290633656034,1.4630062958104693,0.0,1.0,7
-0.4595666803102463,-0.7374342253780647,0.15045586236773625,1.4866730949376337,-0.17373937820789603,1.659910393713707,0.4537395725016478,0.25967747048558576,-0.026658497255685663,-0.891588198987308,0.2071468513236288,0.0,1.0,5
-0.08093400353662458,-0.13703703663234995,0.014209111546746275,1.3513291234096154,-0.4898474457086247,-0.8166298385400321,-0.8601837141835688,-0.27192044791114933,0.09724953360253041,-0.891588198987308,0.7932145920841537,0.0,1.0,3
-0.23238707424607272,-0.6773945065034932,0.21857923777823088,0.42647865130149126,-0.7005861573757771,0.8535949692590012,0.027602290333469462,-0.701287997385447,-2.6287271452782233,0.03210460432818127,0.37459477725520696,0.0,1.0,6
0.5248782793011707,-0.5573150687543503,0.21857923777823088,0.38136399412548516,-0.46350510675023066,-0.4710660852023011,-0.8956951543642503,-0.2991818796238296,-1.8233249446998174,-0.29778568257020804,0.12342288835783828,0.0,1.0,5
0.2976986732369971,0.4633601521133647,-1.620751898305132,-0.5209291493946361,0.7219001463775018,-0.874223797429654,-1.1797866758097024,0.7844600309541507,-0.08861251268479507,0.3619948912265698,-0.4626448524026866,1.0,0.0,5
-0.6867462863744191,-1.0376328197509221,0.6954428656516954,-0.4983718208066331,-0.7532708352925652,0.8535949692590012,-0.1321991904795974,-1.2601473474948244,0.28311157988985314,-0.6936540268482748,1.0443864809815224,0.0,1.0,6
0.2976986732369971,1.1838367786082227,-2.029492150768102,-0.7465024352746664,0.7482424853358958,-0.7590358796504103,-1.4816339173454955,0.4743612452227346,0.9026517341809336,-0.1658295678108523,-0.1277490005395289,1.0,0.0,6
4.00829890561849,0.7035190276116507,2.1260337492720893,-0.6788304495106573,0.37944973991837877,-1.3925694274362506,-1.7657254387909478,1.4659958237704758,-1.451600852125169,2.2093804978575484,-0.2951969264711085,1.0,0.0,5
5.371376542003529,-0.19707675550692147,2.8753908787875333,-0.7239451066866635,0.4848190957519551,-1.3925694274362506,-1.7657254387909478,2.1475316165867633,-2.257003052703575,1.6815560388201263,-1.802228259855316,1.0,0.0,6
-1.0653789631480408,-1.1577122575000651,0.014209111546746275,-0.8592890782146816,-0.5161897846670188,-0.9318177563192758,0.08086945060449176,-1.0659096465421858,-0.21252054354301114,-0.23180762519053016,-0.2951969264711085,0.0,1.0,6
-0.6110197510196944,-0.37719591213063575,1.649170121398625,-0.7465024352746664,2.618548551381873,1.0839708048174885,-0.14995491056993818,-0.326443311336472,-0.7701066824049821,-1.0895223711263415,-1.132436556129002,0.0,1.0,6
2.493768198524003,1.003717621984508,2.1941571246825844,-0.5886011351586452,1.3277739424205646,-1.3925694274362506,-1.7657254387909478,0.9548439791582132,-0.8320606978340915,0.8238412928843148,1.0443864809815224,1.0,0.0,7
0.37342520859172185,1.4239956541065082,-2.0976155261785965,-0.7239451066866635,0.8272695022110776,-1.0470056740985194,-1.7124582785199254,0.4027999869770057,0.592881657035392,0.164060719087537,-0.044025037573739836,1.0,0.0,7
-0.08093400353662458,0.7035190276116507,-0.803271393379193,-0.7013877780986604,0.5375037736687432,-0.12550233186457005,-1.0732523552676578,0.3755385552643633,0.9026517341809336,0.6918851781249591,-0.1277490005395289,1.0,0.0,6
-0.3081136096007975,-0.31715619325606453,1.1723064935251601,-0.8141744210386755,2.249755805964356,1.256752681486354,0.5957853332243739,-0.27192044791114933,-0.8940147132631981,-0.29778568257020804,-1.2998844820605802,0.0,1.0,6
-0.15666053889134865,-0.13703703663234995,-0.5307778917372133,0.26857735118547,-0.2264240561246842,0.04727954480429546,2.016242940451635,0.40961534490517576,0.035295518173421,0.5599290633656034,-0.9649886301974224,0.0,1.0,6
-0.38384014495552155,-0.6173547876289218,-0.12203763927424371,1.170870494705591,0.35310740095998505,0.7960010103693794,1.1462126560249377,0.7367525254569982,-2.257003052703575,-0.49571985470924124,-1.3836084450263693,0.0,1.0,6
0.6006048146558948,0.9436779031099366,0.49107273942021085,-0.5434864779826392,0.6692154684607136,-1.0470056740985194,-1.215298115990384,1.3637654548480385,1.2743758267555818,0.5599290633656034,0.12342288835783828,1.0,0.0,6
-0.0052074681818998474,-0.31715619325606453,0.5591961148307059,0.5843799514175123,-0.25276639508307824,1.4871285170448414,1.1107012158442562,-0.5786115546784993,-1.1418307749796304,-1.4194126580247306,0.7932145920841537,0.0,1.0,6
0.2976986732369971,-0.31715619325606453,1.1723064935251601,1.035526523177573,-0.7005861573757771,0.8535949692590012,1.4658156176510713,-0.23784365827033685,-0.5842446361176594,-1.0235443137466638,1.4630062958104693,0.0,1.0,7
-0.7624728217291432,-0.5573150687543503,-0.46265451632671833,-0.8141744210386755,-0.7005861573757771,0.2776553803627828,-0.16771063066027894,-1.1238401889315746,0.4689736261771759,-0.6276759694685969,0.458318740220996,0.0,1.0,7
0.6763313500106188,-0.257116474381493,1.1723064935251601,1.644574395053655,-0.2000817171662901,1.1415647637071105,0.5247624528630108,0.8866903998765882,-0.8320606978340915,0.2300387764672141,-0.2951969264711085,0.0,1.0,7
-0.3081136096007975,-0.8575136631272077,-0.46265451632671833,0.26857735118547,-0.12105470029110807,-0.4710660852023011,-0.14995491056993818,-0.34007402719277424,-0.8320606978340915,0.03210460432818127,0.2071468513236288,0.0,1.0,5
-0.913925892438592,1.0637573408590797,0.08233248695724127,0.6069372800055155,-0.27910873404147235,-0.35587816742305745,0.08086945060449176,-0.7694415766670719,-1.1418307749796304,-1.0235443137466638,0.37459477725520696,0.0,1.0,6
-0.3081136096007975,-0.6173547876289218,0.15045586236773625,0.02044673671743654,-0.4898474457086247,0.04727954480429546,-0.2742449512023235,-0.8171490821642245,0.09724953360253041,-0.49571985470924124,1.0443864809815224,0.0,1.0,6
-0.913925892438592,-0.5573150687543503,0.5591961148307059,0.15579070824545485,-0.12105470029110807,1.4871285170448414,0.6668082135857369,-0.17650543691688197,-0.39838258983033387,2.275358555237226,-0.044025037573739836,0.0,1.0,6
-0.6867462863744191,-0.4972753498797788,-0.1901610146847387,-0.6337157923346513,-0.35813575091665456,0.2776553803627828,1.0751897756635747,-0.919379451086662,0.9646057496100402,-0.6936540268482748,0.8769385550499428,0.0,1.0,6
-0.38384014495552155,-0.7374342253780647,0.08233248695724127,-0.8592890782146816,-0.5425321236254129,0.3352493392524047,-0.5050693123767535,-1.3351162847046194,-0.7701066824049821,1.4836218666810927,0.7094906291183647,0.0,1.0,6
0.07051906717282422,1.964353123977652,-2.029492150768102,-0.6337157923346513,0.4057920788767728,0.04727954480429546,-0.39853499183470886,0.39598462904883563,0.592881657035392,0.9557974076436706,0.458318740220996,1.0,0.0,6
1.2064170974936899,-0.8575136631272077,0.7635662410621905,2.2536222669297366,-0.09471236133271399,1.717504352603329,1.2349912564766414,2.1475316165867633,0.3450655953189598,1.6815560388201263,-1.4673324079921584,0.0,1.0,6
-1.5954647106311113,-0.257116474381493,-0.12203763927424371,-0.6111584637466483,-0.2264240561246842,0.565625174810892,0.6312967734050554,-1.7235916866099346,0.40701961074806925,-0.49571985470924124,1.3792823328446786,0.0,1.0,6
-0.4595666803102463,-0.13703703663234995,1.03605974270417,2.388966238457755,0.16871102825122655,-0.1830962907541919,1.0396783354828931,1.4387343920578335,-0.2744745589721178,0.164060719087537,-1.2998844820605802,0.0,1.0,5
-0.38384014495552155,1.003717621984508,-0.5307778917372133,-0.6562731209226543,-0.35813575091665456,-0.9318177563192758,0.7200753738567592,-1.3964545060581122,-0.026658497255685663,0.4279729486062477,2.049074036570994,0.0,1.0,6
-0.38384014495552155,-0.9775931008763507,-0.25828439009523335,1.170870494705591,-0.46350510675023066,-0.06790837297494821,0.0098465702431287,0.06543976953290927,-0.7081526669758754,-0.5616979120889191,0.29087081428941786,0.0,1.0,7
-0.913925892438592,0.2832409954896504,-0.3945311409162233,-0.5209291493946361,-0.4898474457086247,0.5080312159212702,1.2882584167476636,-0.42526600129484327,1.1504677958973657,-0.23180762519053016,0.2071468513236288,0.0,1.0,6
-0.9896524277933161,-0.43723563100520724,0.014209111546746275,-0.6788304495106573,-0.5952168015422008,0.04727954480429546,-0.22097779093130124,-1.6963302548972923,-0.39838258983033387,0.164060719087537,1.4630062958104693,0.0,1.0,6
1.1306905621389645,-0.6173547876289218,0.21857923777823088,-0.9946330497426998,-0.38447808987504845,-1.1045996329881413,-0.7714051137318649,-0.6467651339601244,-0.8940147132631981,-1.0235443137466638,0.03969892539204922,0.0,1.0,5
-0.6110197510196944,2.0243928428522233,-0.3945311409162233,-0.3630278492786149,0.326765062001591,-0.29828420853343557,0.5602738930436924,-0.3502970640850483,-0.2744745589721178,-0.891588198987308,-1.0487125931632115,0.0,1.0,5
-0.38384014495552155,-1.4278909924356369,0.014209111546746275,1.667131723641658,-0.14739703924950215,0.220061421473161,-0.14995491056993818,1.1933815066439382,1.9558699964757689,-0.5616979120889191,-1.132436556129002,0.0,1.0,6
-0.5352932156649703,-0.07699731775777843,0.4229493640097159,-0.5660438065706422,-0.25276639508307824,-0.010314414085326379,0.5957853332243739,-1.6554381073283098,-0.33642857440122725,-0.6936540268482748,1.7979021476736254,0.0,1.0,6
-0.913925892438592,-0.13703703663234995,0.9679363672936755,-0.7916170924506725,-0.17373937820789603,1.4871285170448414,1.3237698569283451,-0.48319654368423204,0.09724953360253041,-0.29778568257020804,-0.7975407042658443,0.0,1.0,5
4.992743865229907,0.883638184235365,2.398527250914069,-0.453257163630627,0.958981197003048,-1.3925694274362506,-1.7657254387909478,1.397842244488851,-1.2657388058378465,2.6052488421356155,1.2118344069131004,1.0,0.0,6
-0.15666053889134865,0.10312183886593582,-0.7351480179686981,-0.6111584637466483,0.7745848242942895,-0.5862540029815447,-0.8779394342739095,0.36872319733619324,1.0885137804682563,0.03210460432818127,-0.37892088943689756,1.0,0.0,6
1.1306905621389645,1.69417438904208,-1.0757648950211727,-0.6788304495106573,1.1697199086702006,-0.9894117152088977,-1.1620309557193618,0.5799992931092381,-0.5222906206885499,0.2300387764672141,0.37459477725520696,1.0,0.0,5
-0.5352932156649703,-0.7374342253780647,-0.8713947687896879,-0.8818464068026846,0.19505336720962063,0.3352493392524047,1.3592812971090267,-0.5206810122891107,-1.0798767595505236,-0.23180762519053016,-0.8812646672316334,0.0,1.0,6
-0.6867462863744191,-0.7374342253780647,0.08233248695724127,-0.7465024352746664,-0.4108204288334425,2.1206620648306815,0.8798768546698261,-0.5786115546784993,0.592881657035392,0.164060719087537,-0.1277490005395289,0.0,1.0,6
-0.3081136096007975,-0.13703703663234995,-0.12203763927424371,-0.9044037353906876,-0.2000817171662901,-0.4710660852023011,-0.02566486993755283,-0.5479424440017531,0.09724953360253041,0.49395100598592556,-0.2951969264711085,0.0,1.0,5
0.7520578853653429,1.7542141079166516,-1.4845051474841422,-0.6562731209226543,0.43213441783516693,-0.29828420853343557,-0.9667180347256134,0.6413375144627308,0.40701961074806925,1.4176438093014148,0.29087081428941786,1.0,0.0,6
-0.913925892438592,-0.07699731775777843,-0.9395181442001829,-0.453257163630627,-0.5425321236254129,-1.4501633863258725,-0.5228250324670942,-1.1068017941111683,0.3450655953189598,-0.891588198987308,0.7932145920841537,0.0,1.0,4
-0.23238707424607272,-0.43723563100520724,0.5591961148307059,2.0280489810497064,-0.17373937820789603,1.9478801881618162,1.9984872203612942,1.1593047170031259,-0.2744745589721178,0.296016833846892,-0.7975407042658443,0.0,1.0,6
1.6607763096220358,-0.257116474381493,0.014209111546746275,1.2836571376456063,-0.7269284963341711,-0.9318177563192758,-0.06117631011823436,0.4436921345459882,-2.318957068132682,-0.7596320842279527,0.03969892539204922,0.0,1.0,5
0.07051906717282422,-0.8575136631272077,-0.1901610146847387,3.268702053389873,-0.46350510675023066,2.2358499826099254,2.176044421264702,2.001001421131277,-0.7701066824049821,-0.36376373994988587,-1.132436556129002,0.0,1.0,6
2.2665885924598297,0.4633601521133647,1.7172934968091194,-0.3630278492786149,0.35310740095998505,-1.5077573452154942,-1.8545040392426515,0.8866903998765882,-1.1418307749796304,0.6259071207452813,-0.7975407042658443,1.0,0.0,5
-1.4440116399216625,-0.257116474381493,-0.803271393379193,-0.8818464068026846,0.5375037736687432,1.0263768459278668,0.9153882948505077,-0.03338292042546203,0.4689736261771759,0.03210460432818127,-1.5510563709579488,0.0,1.0,4
0.14624560252754895,-0.19707675550692147,-0.25828439009523335,-0.7690597638626695,-0.17373937820789603,0.16246746258353914,0.4004724122306255,-0.5445347650376869,0.5309276416062852,0.164060719087537,-0.044025037573739836,0.0,1.0,6
0.4491517439464459,0.5233998709879362,1.1723064935251601,1.802475695169676,-0.6215591405005949,0.3928432981420265,0.7733425341277815,0.3414617656235508,-0.5222906206885499,-1.2214784858856973,0.6257666661525756,0.0,1.0,6
2.2665885924598297,0.3432807143642219,0.5591961148307059,-0.5660438065706422,0.3004227230431969,0.6232191337005138,-1.0732523552676578,1.036628274296178,0.9646057496100402,2.1434024404778707,-0.044025037573739836,1.0,0.0,6
-0.15666053889134865,-1.2177519763746365,-0.25828439009523335,-0.8367317496266786,-0.8059555132093533,-1.1621935918777633,-1.0377409150869763,-0.33325866926464204,1.4602378730429044,-0.5616979120889191,-0.5463688153684757,0.0,1.0,5
-1.2168320338574896,0.0430821199913643,0.3548259885992209,-0.9044037353906876,-0.4898474457086247,-1.3925694274362506,-0.7536493936415242,-1.4646080853397372,0.9026517341809336,-1.2874565432653748,0.7094906291183647,0.0,1.0,5
-0.15666053889134865,1.2438764974827943,-1.2801350212526574,-0.6337157923346513,0.4848190957519551,-0.874223797429654,-1.4106110369841325,0.4777689241868007,0.8406977187518241,0.3619948912265698,-0.7138167413000552,1.0,0.0,6
-0.3081136096007975,-0.9775931008763507,-0.25828439009523335,0.8325105658855456,-0.25276639508307824,1.256752681486354,2.264823021716406,0.23923139670107557,-0.026658497255685663,-0.03387345305149659,-0.044025037573739836,0.0,1.0,6
-0.08093400353662458,-0.07699731775777843,-0.46265451632671833,-0.7690597638626695,-0.7005861573757771,-0.29828420853343557,0.2051594912368771,-1.4986848749805497,-0.026658497255685663,-1.2874565432653748,1.2955583698788895,0.0,1.0,7
-0.5352932156649703,-0.7974739442526363,1.30855324434615,2.840112810217816,-0.3054510729998664,0.220061421473161,0.18740377114653634,1.7590562146814859,-0.15056652811390175,-0.42974179732956375,-1.4673324079921584,0.0,1.0,6
0.07051906717282422,2.084432561726794,0.014209111546746275,-0.6337157923346513,0.326765062001591,0.2776553803627828,-0.1854663507506197,0.6208914406782207,0.6548356724645014,-0.1658295678108523,-0.8812646672316334,1.0,0.0,5
0.2976986732369971,0.16316155774050736,0.15045586236773625,-0.4081425064546209,-0.7532708352925652,0.6808130925901357,0.8443654144891446,-1.4305312956989247,-1.3276928212669559,-1.3534346006450526,1.5467302587762581,0.0,1.0,6
-0.3081136096007975,-1.1577122575000651,-0.12203763927424371,0.06556139389344265,-0.17373937820789603,0.565625174810892,0.22291521132721787,-0.10153649970708697,1.0885137804682563,-0.9575662563669859,-0.7138167413000552,0.0,1.0,6
0.22197213788227302,0.0430821199913643,0.3548259885992209,-0.5660438065706422,0.24773804512640876,-0.06790837297494821,-0.45180215210573116,-1.6554381073283098,-0.5222906206885499,-0.7596320842279527,1.7979021476736254,0.0,1.0,6
-0.913925892438592,-0.13703703663234995,-1.3482583966631525,0.20090536542146095,-0.4108204288334425,0.220061421473161,1.341525577018686,-0.03338292042546203,-0.39838258983033387,1.2197096371623812,-0.4626448524026866,0.0,1.0,5
-0.6110197510196944,-0.707414365940779,1.104183118114665,-0.6337157923346513,1.5385126540877172,-0.06790837297494821,-0.1854663507506197,-0.919379451086662,0.09724953360253041,0.296016833846892,1.2955583698788895,0.0,1.0,6
-1.5197381752763865,1.814253826791223,-2.1657389015890915,-0.6449944566286528,0.6165307905439255,-0.874223797429654,-1.5349010776165177,-0.019752204569121908,3.442766366774359,0.49395100598592556,1.6304542217420472,1.0,0.0,6
-0.23238707424607272,-0.257116474381493,-0.1901610146847387,-0.8367317496266786,-0.09471236133271399,-0.35587816742305745,1.3237698569283451,-0.2991818796238296,0.40701961074806925,0.03210460432818127,-0.5463688153684757,0.0,1.0,4
-0.838199357083868,0.10312183886593582,0.08233248695724127,-0.8818464068026846,-0.17373937820789603,-0.35587816742305745,0.96865545512153,-0.6126883443193119,-0.4603366052594433,1.6155779814404485,-0.8812646672316334,0.0,1.0,6
-0.0052074681818998474,-0.4972753498797788,0.5591961148307059,0.29113467977347296,-0.25276639508307824,1.256752681486354,1.0219226153925522,0.41983838179741195,-0.2744745589721178,-0.03387345305149659,-0.8812646672316334,0.0,1.0,6
-0.4595666803102463,1.3039162163573657,-0.6670246425582032,0.8776252230615519,-0.5952168015422008,-0.1830962907541919,0.32944953186926246,0.7674216361337445,-0.15056652811390175,-0.1658295678108523,-1.216160519094791,0.0,1.0,5
0.37342520859172185,0.5233998709879362,0.3548259885992209,1.125755837529585,2.9609989578409963,-0.4710660852023011,1.6966399788255013,1.1115972115059731,-1.2657388058378465,0.6918851781249591,-0.8812646672316334,0.0,1.0,5
0.22197213788227302,-0.4972753498797788,1.8535402476301093,1.5317877521136398,-0.27910873404147235,1.6023164348240853,0.8798768546698261,1.241089012141091,-0.33642857440122725,-0.49571985470924124,-1.3836084450263693,0.0,1.0,4
-0.6110197510196944,-0.19707675550692147,-0.3945311409162233,1.847590352345682,-0.27910873404147235,1.5447224759344633,1.6078613783737974,1.0229975584398758,-0.33642857440122725,-0.8256101416076306,-0.7975407042658443,0.0,1.0,5
-0.6110197510196944,-0.31715619325606453,-0.9395181442001829,2.2536222669297366,-0.4371627677918366,-0.5286600440919229,0.027602290333469462,0.9752900529427233,-0.5222906206885499,-0.23180762519053016,-1.132436556129002,0.0,1.0,5
-1.6711912459858353,-0.19707675550692147,-2.1657389015890915,0.3136920083614761,-0.27910873404147235,0.7384070514797575,0.9153882948505077,-0.1696900789887119,0.4689736261771759,0.6259071207452813,-0.5463688153684757,0.0,1.0,6
-0.3081136096007975,0.3432807143642219,-0.1901610146847387,-0.4983718208066331,-0.33179341195826045,-0.1830962907541919,-0.30975639138300504,-1.3964545060581122,-0.646198651546766,-0.7596320842279527,0.542042703186785,0.0,1.0,6
0.5248782793011707,1.5440750918556512,-1.756998649126122,-0.7690597638626695,0.326765062001591,-0.874223797429654,-0.9844737548159541,0.648152872390863,0.4689736261771759,-0.49571985470924124,-0.9649886301974224,1.0,0.0,5
0.14624560252754895,0.16316155774050736,0.7635662410621905,-0.5434864779826392,0.6692154684607136,-0.7014419207607885,-0.5760921927381165,0.8798750419484181,0.6548356724645014,0.9557974076436706,-0.7138167413000552,1.0,0.0,6
0.6006048146558948,-0.257116474381493,1.1723064935251601,0.990411866001567,-0.27910873404147235,0.9687828870382449,1.3060141368380045,0.648152872390863,-0.5222906206885499,-0.36376373994988587,-0.4626448524026866,0.0,1.0,5
-1.2168320338574896,-0.6173547876289218,0.15045586236773625,-0.6788304495106573,-0.4108204288334425,-0.9318177563192758,-0.7358936735511834,-1.597507564938921,-1.1418307749796304,-0.5616979120889191,0.8769385550499428,0.0,1.0,7
-0.4595666803102463,1.0637573408590797,-1.8932453999471122,-0.6337157923346513,0.326765062001591,-1.277381509657007,-1.7657254387909478,0.3755385552643633,1.0885137804682563,0.6259071207452813,-0.9649886301974224,1.0,0.0,6
1.357870168203138,0.2832409954896504,0.5591961148307059,-0.8367317496266786,-0.33179341195826045,-0.29828420853343557,-1.144275235629021,0.09610888020965562,-0.15056652811390175,1.945468268338837,0.29087081428941786,1.0,0.0,6
-0.9896524277933161,-0.7974739442526363,-0.05391426386374872,-0.7239451066866635,-0.6215591405005949,0.8535949692590012,0.48925101268232934,-1.587284528046647,0.7787437033227175,-0.23180762519053016,1.7979021476736254,0.0,1.0,6
0.07051906717282422,0.16316155774050736,-1.0757648950211727,2.2310649383417336,-0.2264240561246842,1.659910393713707,2.229311581535724,1.5409647609802708,-0.5842446361176594,-0.5616979120889191,-1.3836084450263693,0.0,1.0,5
-0.6110197510196944,-0.43723563100520724,0.8998129918831804,0.7422812515335337,-0.17373937820789603,1.256752681486354,1.4480598975607306,0.3414617656235508,-0.2744745589721178,-0.36376373994988587,-0.8812646672316334,0.0,1.0,5
-0.6867462863744191,-0.37719591213063575,-0.1901610146847387,0.40392132271348813,-0.14739703924950215,0.565625174810892,0.50700673277267,-0.258289732054847,1.2743758267555818,0.3619948912265698,0.37459477725520696,0.0,1.0,6
-0.15666053889134865,-0.257116474381493,-0.3264077655057283,-0.7916170924506725,0.5111614347103491,-0.35587816742305745,0.5425181729533516,-0.36052010097728443,-0.7701066824049821,-0.09985151043117445,-0.37892088943689756,0.0,1.0,5
-0.38384014495552155,-0.5573150687543503,0.15045586236773625,1.7686397022876714,-0.2264240561246842,-0.010314414085326379,0.8266096943988038,1.397842244488851,1.3363298421846885,-0.42974179732956375,-0.8812646672316334,0.0,1.0,6
-0.23238707424607272,1.9043134051030803,1.104183118114665,-0.8592890782146816,-0.7269284963341711,-0.06790837297494821,-0.7003822333705019,-1.8053759817478996,0.6548356724645014,-0.9575662563669859,1.8816261106394159,0.0,1.0,8
0.6006048146558948,1.2438764974827943,-1.0076415196106776,0.7197239229455304,-0.4371627677918366,-0.9894117152088977,-0.9667180347256134,0.3755385552643633,-0.8320606978340915,-1.5513687727840861,-0.8812646672316334,0.0,1.0,4
-0.5352932156649703,-1.0376328197509221,0.08233248695724127,-0.8141744210386755,-0.7532708352925652,-0.9318177563192758,-0.2742449512023235,-0.5786115546784993,0.035295518173421,0.09808266170785913,-0.37892088943689756,0.0,1.0,6
-0.7624728217291432,-0.43723563100520724,0.014209111546746275,0.29113467977347296,-0.2264240561246842,0.9687828870382449,0.7910982542181223,-0.5717961967503293,-0.08861251268479507,0.4279729486062477,0.37459477725520696,0.0,1.0,6
-0.5352932156649703,0.10312183886593582,-0.25828439009523335,-0.4081425064546209,-0.5161897846670188,-0.06790837297494821,0.08086945060449176,-1.2601473474948244,0.15920354903163708,0.757863235504637,1.5467302587762581,0.0,1.0,8
-0.7624728217291432,0.7035190276116507,-1.0076415196106776,-0.7690597638626695,0.43213441783516693,-1.3349754685466286,-1.8367483191523108,-0.08449810488668073,2.3895481044795237,0.03210460432818127,0.7094906291183647,1.0,0.0,5
-0.913925892438592,-1.0976725386254935,0.3548259885992209,-0.7916170924506725,-0.8322978521677473,0.7384070514797575,0.04535801042381023,-0.5786115546784993,1.4602378730429044,-0.1658295678108523,-0.7138167413000552,0.0,1.0,6
-1.5954647106311113,-0.4972753498797788,0.15045586236773625,0.3136920083614761,-0.5952168015422008,-0.24069024964381375,-0.2742449512023235,-0.0027138097487156717,0.035295518173421,-0.8256101416076306,-1.132436556129002,0.0,1.0,6
-0.7624728217291432,2.1444722806013656,-1.1438882704316677,0.02044673671743654,0.5111614347103491,-0.9894117152088977,-1.5526567977068586,0.5868146510374082,1.9558699964757689,0.4279729486062477,1.1281104439473115,1.0,0.0,6
0.5248782793011707,-0.31715619325606453,1.1723064935251601,-0.6337157923346513,1.0380082138782303,-0.5286600440919229,-0.9844737548159541,0.9003211157329283,0.5309276416062852,0.8898193502639927,-0.37892088943689756,1.0,0.0,6
1.433596703557862,2.0243928428522233,-1.4163817720736476,-0.4983718208066331,0.958981197003048,-1.1045996329881413,-1.2508095561710655,1.4932572554831183,0.5309276416062852,0.09808266170785913,-0.8812646672316334,1.0,0.0,6
-0.23238707424607272,0.3432807143642219,1.649170121398625,1.3964437805856214,-0.35813575091665456,0.565625174810892,0.48925101268232934,1.0229975584398758,-0.5222906206885499,-0.49571985470924124,-1.5510563709579488,0.0,1.0,5
-0.838199357083868,-0.6173547876289218,0.014209111546746275,0.9001825516495549,-0.674243818417383,0.6232191337005138,0.3472052519596032,-0.7353647870262594,0.15920354903163708,-1.8152810023027972,1.4630062958104693,0.0,1.0,7
-1.2925585692122137,0.0430821199913643,0.21857923777823088,-0.8818464068026846,-0.3054510729998664,-0.9318177563192758,0.9331440149408484,-0.851225871805037,0.7167896878936081,0.9557974076436706,-0.5463688153684757,0.0,1.0,6
-1.7469177813405594,0.763558746486222,-1.0076415196106776,-0.7013877780986604,-0.5688744625838068,1.717504352603329,0.5957853332243739,-1.6554381073283098,0.28311157988985314,-1.2214784858856973,0.7932145920841537,0.0,1.0,6
-0.15666053889134865,-1.3378314141237795,-0.1901610146847387,1.1934278232935944,-0.46350510675023066,0.6232191337005138,-0.29200067129266427,0.38916927112066557,-0.21252054354301114,-1.0235443137466638,-0.6300927783342647,0.0,1.0,8
1.433596703557862,1.4840353729810796,0.4229493640097159,-0.7690597638626695,0.24773804512640876,0.220061421473161,1.19947981629596,0.7844600309541507,0.035295518173421,-1.0235443137466638,-1.718504296889527,0.0,1.0,3
-0.838199357083868,-0.257116474381493,1.649170121398625,-0.4983718208066331,-0.33179341195826045,0.9687828870382449,1.1462126560249377,-0.7149187132417871,0.4689736261771759,0.2300387764672141,0.29087081428941786,0.0,1.0,7
3.6296662288448682,0.22320127661507888,1.649170121398625,-0.6562731209226543,0.958981197003048,-1.3925694274362506,-1.6059239579778808,1.619341377154132,-0.5222906206885499,1.1537315797827035,0.29087081428941786,1.0,0.0,6
0.14624560252754895,-0.9175533820017792,0.6954428656516954,0.3136920083614761,0.27408038408480284,0.5080312159212702,1.7321514190061829,0.4436921345459882,0.4689736261771759,-1.3534346006450526,-0.7975407042658443,0.0,1.0,6
1.0549640267842404,2.2945715777877944,-0.5307778917372133,0.35880666553748203,1.5911973320045054,0.04727954480429546,0.3472052519596032,2.3519923544317134,0.592881657035392,3.5289416454511047,-1.0487125931632115,1.0,0.0,5
0.9792374914295164,-0.5573150687543503,-0.05391426386374872,-0.4983718208066331,-0.647901479458989,-1.1045996329881413,-0.9489623146352726,-0.8887103404099156,-1.0179227441214143,-0.6276759694685969,0.7932145920841537,0.0,1.0,6
-0.38384014495552155,-0.257116474381493,0.8998129918831804,1.2610998090576033,-0.647901479458989,1.4871285170448414,1.7321514190061829,0.8526136102357758,-0.026658497255685663,0.3619948912265698,-0.8812646672316334,0.0,1.0,6
0.07051906717282422,-0.7374342253780647,1.1723064935251601,1.1031985089415821,-0.674243818417383,1.0263768459278668,0.8266096943988038,-0.27192044791114933,-1.3276928212669559,-1.6833248875434417,0.542042703186785,0.0,1.0,6
2.5694947338787273,0.5834395898625077,2.466650626324564,-0.20512654916259376,1.512170315129323,-1.3925694274362506,-1.6059239579778808,0.8526136102357758,-1.0179227441214143,0.8238412928843148,2.3839698884341516,1.0,0.0,6
-0.15666053889134865,-0.6173547876289218,-0.5307778917372133,-0.7239451066866635,-0.25276639508307824,-0.06790837297494821,-0.41629071192504963,-0.6774342446368707,0.4689736261771759,-0.6936540268482748,-0.5463688153684757,0.0,1.0,6
0.37342520859172185,-0.43723563100520724,0.21857923777823088,0.06556139389344265,-0.7005861573757771,-0.010314414085326379,0.04535801042381023,-0.851225871805037,-0.7081526669758754,-0.7596320842279527,1.3792823328446786,0.0,1.0,6
0.9792374914295164,-0.13703703663234995,0.28670261318872586,2.2310649383417336,-0.4108204288334425,0.9687828870382449,1.341525577018686,1.2615350859255632,-0.8940147132631981,-1.4853907154044084,-0.4626448524026866,0.0,1.0,6
-0.6867462863744191,-0.8575136631272077,-0.8713947687896879,1.644574395053655,-0.2264240561246842,1.3719405992655977,0.5425181729533516,0.7435678833851682,-0.39838258983033387,-0.7596320842279527,-1.0487125931632115,0.0,1.0,6
0.6006048146558948,-0.257116474381493,2.1260337492720893,-0.7690597638626695,0.6428731295023195,-0.8166298385400321,-1.517145357526177,0.47095356625863066,0.4689736261771759,1.6155779814404485,0.2071468513236288,1.0,0.0,6
0.9035109560747924,-0.6773945065034932,0.014209111546746275,-0.8367317496266786,-0.2264240561246842,1.659910393713707,-0.02566486993755283,-0.926194809014832,-0.7701066824049821,0.09808266170785913,0.37459477725520696,0.0,1.0,6
-0.23238707424607272,-0.6173547876289218,-0.5989012671477081,0.47159330847749714,-0.4108204288334425,-0.5862540029815447,-0.30975639138300504,-0.6944726394572769,-0.7701066824049821,2.077424383098193,0.7094906291183647,0.0,1.0,6
1.433596703557862,0.10312183886593582,0.49107273942021085,-0.7239451066866635,0.08968401137604433,-0.5286600440919229,-1.0554966351773172,0.1540394225990444,-0.2744745589721178,1.8794902109591591,0.37459477725520696,1.0,0.0,7
0.14624560252754895,-0.8575136631272077,-0.05391426386374872,-0.7690597638626695,-0.4898474457086247,0.220061421473161,0.027602290333469462,-1.1238401889315746,0.15920354903163708,-0.9575662563669859,1.2118344069131004,0.0,1.0,7
0.14624560252754895,-0.8575136631272077,9.142741416553067,-0.6562731209226543,-0.9113248690429295,0.220061421473161,-0.02566486993755283,-0.9704946355478806,0.22115756446074375,0.09808266170785913,1.3792823328446786,0.0,1.0,6
3.3267600874259706,0.7935786059235077,0.5591961148307059,-0.8141744210386755,0.9062965190862599,-1.3925694274362506,-1.5349010776165177,0.8662443260921159,-0.9559687286923076,0.757863235504637,-0.4347368675382226,1.0,0.0,6
-0.23238707424607272,-0.31715619325606453,1.104183118114665,-0.6111584637466483,-0.2000817171662901,0.3352493392524047,1.1284569359345968,-0.476381185756062,-0.33642857440122725,0.6918851781249591,0.03969892539204922,0.0,1.0,6
1.2064170974936899,0.8235984653607935,0.6273194902412005,-0.385585177866618,0.932638858044654,-0.24069024964381375,-1.1087637954483394,1.2615350859255632,0.5309276416062852,-0.03387345305149659,-0.044025037573739836,1.0,0.0,6
2.493768198524003,0.10312183886593582,1.03605974270417,-0.6337157923346513,0.458476756793561,-1.219787550767385,-1.6236796780682217,0.6413375144627308,0.035295518173421,1.4836218666810927,1.2118344069131004,1.0,0.0,6
0.2976986732369971,-0.9775931008763507,1.1723064935251601,2.9416207888638293,-0.27910873404147235,0.3352493392524047,0.7733425341277815,1.7386101408970134,-1.0179227441214143,-0.8256101416076306,-1.132436556129002,0.0,1.0,5
0.07051906717282422,1.003717621984508,-0.3945311409162233,-0.385585177866618,0.8799541801278657,-1.3349754685466286,0.364960972049944,-0.03338292042546203,-1.3276928212669559,-0.09985151043117445,-1.4673324079921584,0.0,1.0,5
-0.913925892438592,0.22320127661507888,-0.3945311409162233,-0.3404705206906119,-0.5688744625838068,0.45043725703164833,-0.06117631011823436,-1.968944572023792,-0.2744745589721178,-0.42974179732956375,2.55141781436573,0.0,1.0,7
-0.23238707424607272,-0.9175533820017792,-0.25828439009523335,-0.0021105918705664113,0.03699933345925637,-0.9318177563192758,0.5602738930436924,0.23923139670107557,0.40701961074806925,-1.1555004285060195,-1.216160519094791,0.0,1.0,6
0.37342520859172185,-0.257116474381493,-0.5989012671477081,-0.6788304495106573,0.3004227230431969,-0.12550233186457005,0.4182281323209663,-0.2310283003421668,-0.7081526669758754,0.5599290633656034,-0.6300927783342647,0.0,1.0,5
-0.38384014495552155,0.7035190276116507,-0.9395181442001829,-0.5886011351586452,-0.5952168015422008,-0.29828420853343557,-0.29200067129266427,-1.669068823184612,-0.8940147132631981,-0.6276759694685969,1.7141781847078363,0.0,1.0,7
-0.5352932156649703,-0.257116474381493,0.49107273942021085,0.6294946085935185,-0.4898474457086247,1.7750983114929506,1.856441459638568,0.4777689241868007,-0.21252054354301114,-0.23180762519053016,-0.9649886301974224,0.0,1.0,5
-0.913925892438592,-0.6173547876289218,0.15045586236773625,-0.9044037353906876,-0.5425321236254129,1.256752681486354,1.2349912564766414,-1.2022168051054356,1.3363298421846885,-0.6276759694685969,0.7513526106012585,0.0,1.0,6
-0.913925892438592,-0.7974739442526363,-0.5307778917372133,1.5994597378776487,-0.17373937820789603,1.4295345581552197,0.8798768546698261,0.8526136102357758,0.7167896878936081,-0.9575662563669859,-0.9649886301974224,0.0,1.0,5
-0.4595666803102463,1.7842339673539374,-0.25828439009523335,-0.13745456339858453,-0.647901479458989,-0.6438479618711667,-0.6471150730994796,-1.4100852219144144,-0.7081526669758754,0.5599290633656034,1.965350073605205,0.0,1.0,6
-0.38384014495552155,-0.9175533820017792,0.014209111546746275,-0.2953558635146058,-0.4108204288334425,-0.24069024964381375,-0.6826265132801611,-0.9432332038352382,-2.0091869909871427,0.2300387764672141,-0.044025037573739836,0.0,1.0,7
-0.5352932156649703,-0.6773945065034932,0.28670261318872586,2.5468675385737765,-0.4898474457086247,0.7384070514797575,0.32944953186926246,1.6159336981900658,0.22115756446074375,-0.8256101416076306,-1.4673324079921584,0.0,1.0,5
-0.7624728217291432,0.2832409954896504,-0.5307778917372133,-0.047225249046572514,-0.5161897846670188,0.8535949692590012,0.4182281323209663,-0.9398255248711721,0.035295518173421,-0.6936540268482748,0.542042703186785,0.0,1.0,7
-0.913925892438592,-0.4972753498797788,-0.5307778917372133,-0.8367317496266786,-0.09471236133271399,2.06306810594106,0.6312967734050554,-0.7149187132417871,-0.08861251268479507,0.5599290633656034,-0.1277490005395289,0.0,1.0,6
-0.38384014495552155,-0.257116474381493,-0.1901610146847387,-0.4983718208066331,-0.8322978521677473,0.3928432981420265,-0.1321991904795974,-0.9909407093323909,0.5309276416062852,0.6259071207452813,0.6257666661525756,0.0,1.0,7
-0.3081136096007975,0.6434793087370793,0.28670261318872586,-0.0021105918705664113,-0.6215591405005949,-0.12550233186457005,0.7378310939471,-1.1919937682131996,-0.7081526669758754,-0.891588198987308,1.5467302587762581,0.0,1.0,7
-0.38384014495552155,-1.0376328197509221,-0.3264077655057283,-0.8141744210386755,-0.647901479458989,0.5080312159212702,0.6135410533147146,-0.6672112077446345,1.0885137804682563,-0.09985151043117445,-0.044025037573739836,0.0,1.0,5
-0.5352932156649703,-0.7374342253780647,-0.46265451632671833,2.7273261672778006,-0.17373937820789603,0.7960010103693794,0.4182281323209663,1.9089940891010757,0.4689736261771759,-1.0895223711263415,-1.4673324079921584,0.0,1.0,5
-0.6867462863744191,-0.257116474381493,4.033488260765948,0.7197239229455304,-0.5952168015422008,1.1415647637071105,1.5013270578317528,-0.19013615277318427,1.0265597650391496,-0.29778568257020804,0.9606625180157319,0.0,1.0,6
-0.38384014495552155,-0.43723563100520724,0.08233248695724127,-0.3179131921026088,-0.5952168015422008,-1.219787550767385,-1.2330538360807248,-1.0420558937936095,-0.8940147132631981,-0.891588198987308,-0.044025037573739836,0.0,1.0,6
-0.6867462863744191,-0.257116474381493,0.15045586236773625,-0.7690597638626695,-0.2000817171662901,-0.9318177563192758,0.3116938117789217,-0.1696900789887119,0.4689736261771759,-0.29778568257020804,-0.8812646672316334,0.0,1.0,6
0.8277844207200683,0.883638184235365,-0.5989012671477081,0.3700853298314837,-0.5952168015422008,-1.3925694274362506,0.7733425341277815,-0.36052010097728443,-1.0798767595505236,-0.36376373994988587,0.542042703186785,0.0,1.0,5
0.9035109560747924,0.16316155774050736,0.7635662410621905,-0.6111584637466483,0.16871102825122655,-1.0470056740985194,-1.6947025584295847,0.3414617656235508,-0.33642857440122725,1.813512153579482,0.542042703186785,1.0,0.0,7
0.37342520859172185,-0.37719591213063575,2.1260337492720893,1.3738864519976184,-0.46350510675023066,1.6023164348240853,1.1462126560249377,1.1593047170031259,-0.8940147132631981,-0.6276759694685969,-1.4673324079921584,0.0,1.0,4
-1.4440116399216625,-0.6173547876289218,0.08233248695724127,-0.8367317496266786,-0.6215591405005949,-0.29828420853343557,-0.30975639138300504,-1.3283009267764494,2.2656400736213076,-1.0235443137466638,0.37459477725520696,0.0,1.0,8
0.14624560252754895,0.883638184235365,-0.8713947687896879,-0.453257163630627,0.5375037736687432,-0.8166298385400321,-1.375099596803451,0.7163064516725258,0.9026517341809336,-0.1658295678108523,-0.044025037573739836,1.0,0.0,5
-0.38384014495552155,0.7035190276116507,-0.3264077655057283,0.04300406530543969,-0.46350510675023066,0.2776553803627828,-0.3275121114733458,-1.0931710782548283,-0.39838258983033387,-0.6276759694685969,1.5467302587762581,0.0,1.0,7
0.07051906717282422,0.6434793087370793,0.28670261318872586,0.20090536542146095,0.458476756793561,-1.0470056740985194,-0.4873135922864127,1.1252279273623134,0.6548356724645014,1.945468268338837,-0.044025037573739836,1.0,0.0,5
0.6006048146558948,1.4840353729810796,2.6710207525560485,2.783719488747808,-0.4898474457086247,1.7750983114929506,2.016242940451635,1.8749172994602634,-1.6994169138416013,1.4176438093014148,-1.0487125931632115,0.0,1.0,5
0.4491517439464459,0.9436779031099366,-1.0076415196106776,-0.7690597638626695,0.6692154684607136,-0.5286600440919229,-0.22097779093130124,0.5118457138276131,1.0265597650391496,-0.36376373994988587,-0.8812646672316334,1.0,0.0,5
0.22197213788227302,-0.19707675550692147,1.30855324434615,2.2085076097537306,-0.46350510675023066,1.8326922703825725,1.5901056582834567,1.2615350859255632,-0.08861251268479507,0.4279729486062477,-0.8812646672316334,0.0,1.0,5
-0.5352932156649703,-0.16705689606963572,-0.803271393379193,0.35880666553748203,-0.4108204288334425,-1.219787550767385,0.2051594912368771,0.15063174363497828,-1.7613709292707107,-0.1658295678108523,-1.4673324079921584,0.0,1.0,5
-0.15666053889134865,-0.8575136631272077,0.15045586236773625,-0.6562731209226543,-0.2000817171662901,-1.0470056740985194,0.38271669214028475,-0.783072292523412,0.15920354903163708,-0.49571985470924124,0.8769385550499428,0.0,1.0,7
-0.08093400353662458,-0.6773945065034932,0.49107273942021085,1.960376995285697,0.03699933345925637,-0.24069024964381375,1.0219226153925522,1.040035953260282,-2.0091869909871427,-0.49571985470924124,-1.2998844820605802,0.0,1.0,6
0.37342520859172185,-0.6173547876289218,-0.12203763927424371,-0.8141744210386755,-0.4108204288334425,-0.874223797429654,-0.22097779093130124,-0.5445347650376869,0.22115756446074375,-0.03387345305149659,-0.1277490005395289,0.0,1.0,6
-0.4595666803102463,0.2832409954896504,1.1723064935251601,-0.7465024352746664,0.35310740095998505,-0.41347212631267927,0.6135410533147146,-0.783072292523412,-0.646198651546766,-0.23180762519053016,0.7932145920841537,1.0,0.0,6
0.07051906717282422,0.0430821199913643,2.398527250914069,0.7422812515335337,-0.09471236133271399,-1.1621935918777633,-0.25648923111198274,0.4777689241868007,-0.21252054354301114,-0.23180762519053016,0.29087081428941786,0.0,1.0,5
-0.4595666803102463,-0.37719591213063575,-0.12203763927424371,0.6294946085935185,-0.2000817171662901,1.5447224759344633,1.5545942181027752,0.4436921345459882,0.09724953360253041,-0.9575662563669859,-0.8812646672316334,0.0,1.0,5
-0.3081136096007975,-0.6173547876289218,0.5591961148307059,-0.7239451066866635,-0.25276639508307824,0.220061421473161,-0.16771063066027894,-1.532761664621362,-0.5842446361176594,-0.29778568257020804,1.8816261106394159,0.0,1.0,8
-0.9896524277933161,-0.7974739442526363,-0.25828439009523335,-0.09233990622257862,-0.09471236133271399,0.565625174810892,1.5013270578317528,0.648152872390863,3.0710422741997134,1.0877535224030255,-0.4626448524026866,0.0,1.0,4
-0.15666053889134865,-1.397871132998351,0.014209111546746275,-0.09233990622257862,0.010656994500862296,1.659910393713707,0.5247624528630108,0.3755385552643633,2.0178240119048754,-0.6276759694685969,-0.9649886301974224,0.0,1.0,7
1.2064170974936899,0.2832409954896504,0.15045586236773625,0.20090536542146095,-0.04202768341592585,0.16246746258353914,0.24067093141755863,-0.6126883443193119,-1.6994169138416013,-0.1658295678108523,1.0443864809815224,0.0,1.0,6
-0.6110197510196944,-0.6173547876289218,-0.3945311409162233,0.7197239229455304,-0.06837002237431992,0.9687828870382449,1.19947981629596,0.3005696180545683,-0.646198651546766,-0.23180762519053016,-0.8812646672316334,0.0,1.0,5
0.07051906717282422,-0.13703703663234995,1.104183118114665,1.8701476809336854,0.08968401137604433,1.5447224759344633,1.4480598975607306,1.2615350859255632,-1.1418307749796304,-0.23180762519053016,-1.132436556129002,0.0,1.0,5
-0.5352932156649703,-0.43723563100520724,-0.3945311409162233,0.7197239229455304,-0.38447808987504845,-0.5286600440919229,0.32944953186926246,0.5527378613965958,1.2743758267555818,0.6918851781249591,-0.6300927783342647,0.0,1.0,6
-0.4595666803102463,-0.6173547876289218,-0.3264077655057283,1.1934278232935944,-0.25276639508307824,1.3719405992655977,1.856441459638568,0.9957361267271957,-1.1418307749796304,-0.5616979120889191,-1.4673324079921584,0.0,1.0,5
3.0995804813617984,0.10312183886593582,2.330403875503574,-0.5886011351586452,1.7492513657548694,-1.5653513041051161,-1.890015479423333,0.6549682303190331,-0.15056652811390175,-0.03387345305149659,1.1281104439473115,1.0,0.0,6
-0.23238707424607272,0.3432807143642219,-1.2120116458421626,-0.5886011351586452,0.7482424853358958,-0.5286600440919229,-1.3218324365324285,0.7844600309541507,1.2743758267555818,0.6259071207452813,-0.7138167413000552,1.0,0.0,6
0.22197213788227302,0.3432807143642219,-1.3482583966631525,-0.453257163630627,0.932638858044654,-0.06790837297494821,-1.0910080753579987,0.7503832413133383,0.9026517341809336,1.0877535224030255,-0.21147296350531794,1.0,0.0,6
0.8277844207200683,-0.43723563100520724,0.49107273942021085,-0.5886011351586452,0.03699933345925637,-0.8166298385400321,-0.1321991904795974,0.3414617656235508,0.3450655953189598,0.3619948912265698,-0.21147296350531794,0.0,1.0,5
-0.4595666803102463,-0.37719591213063575,-0.25828439009523335,0.7873959087095397,-0.12105470029110807,1.4295345581552197,1.714395698915842,0.5799992931092381,-0.8320606978340915,0.09808266170785913,-1.3836084450263693,0.0,1.0,6
0.22197213788227302,1.6041148107302228,-0.803271393379193,-0.7465024352746664,0.5111614347103491,0.3352493392524047,-0.9667180347256134,0.15063174363497828,-0.7701066824049821,-0.891588198987308,-1.0487125931632115,1.0,0.0,5
-0.23238707424607272,0.5834395898625077,-0.3264077655057283,-0.0021105918705664113,-0.4898474457086247,0.16246746258353914,0.9153882948505077,-1.1102094730752345,-0.15056652811390175,-0.7596320842279527,1.3792823328446786,0.0,1.0,6
-0.15666053889134865,2.084432561726794,-1.620751898305132,-0.7239451066866635,1.0643505528366244,-0.4710660852023011,-0.45180215210573116,0.4777689241868007,0.7167896878936081,0.03210460432818127,-1.132436556129002,1.0,0.0,6
-0.6110197510196944,0.10312183886593582,-0.7351480179686981,-0.6337157923346513,-0.25276639508307824,-0.24069024964381375,-1.1797866758097024,0.719714130636592,1.5221918884720138,1.5495999240607705,-0.7138167413000552,1.0,0.0,6
0.9035109560747924,-0.6173547876289218,1.1723064935251601,0.5392652942415064,-0.46350510675023066,0.9111889281486231,-0.11444347038925665,-0.37415081683362456,-1.2037847904087398,-1.3534346006450526,1.1281104439473115,0.0,1.0,7
-0.15666053889134865,-1.0976725386254935,-0.3945311409162233,0.5167079656535033,-0.25276639508307824,-0.010314414085326379,1.874197179728909,0.5868146510374082,0.9646057496100402,0.296016833846892,-0.37892088943689756,0.0,1.0,6
-0.838199357083868,-1.3078115546864937,-0.46265451632671833,-0.385585177866618,-0.4371627677918366,-1.1621935918777633,-0.8069165539125465,-0.37415081683362456,1.9558699964757689,0.3619948912265698,-0.37892088943689756,0.0,1.0,6
-0.08093400353662458,-0.8575136631272077,0.15045586236773625,2.479195552809767,-0.17373937820789603,1.1991587225967322,0.9153882948505077,1.3637654548480385,-0.08861251268479507,0.4279729486062477,-1.132436556129002,0.0,1.0,6
2.5694947338787273,0.4633601521133647,1.104183118114665,-0.5209291493946361,0.2213957061680147,-1.4501633863258725,-1.7124582785199254,0.9207671895174007,-0.08861251268479507,2.2093804978575484,0.6257666661525756,1.0,0.0,6
-0.4595666803102463,-0.43723563100520724,-0.12203763927424371,-0.7013877780986604,-0.8322978521677473,-0.9318177563192758,0.6845639336760777,-0.5786115546784993,0.40701961074806925,0.5599290633656034,-0.044025037573739836,0.0,1.0,6
1.0549640267842404,0.16316155774050736,2.6028973771455535,1.6107384021716504,-0.46350510675023066,-0.5286600440919229,0.7733425341277815,1.2956118755663757,-1.3896468366960626,1.2856876945420592,-1.0487125931632115,0.0,1.0,6
-0.38384014495552155,-1.0376328197509221,0.3548259885992209,-0.6788304495106573,-0.46350510675023066,0.220061421473161,0.18740377114653634,-0.783072292523412,0.22115756446074375,0.4279729486062477,0.2071468513236288,0.0,1.0,7
0.4491517439464459,-0.4972753498797788,1.1723064935251601,-0.4081425064546209,-0.7796131742509592,-0.12550233186457005,-0.4873135922864127,-0.8853026614458495,-1.2037847904087398,-1.4194126580247306,0.6257666661525756,0.0,1.0,7
-0.7624728217291432,0.7035190276116507,-0.1901610146847387,-0.6562731209226543,0.458476756793561,0.1048735036939173,-0.29200067129266427,0.43687677661781815,0.6548356724645014,0.5599290633656034,-0.6300927783342647,1.0,0.0,5
0.4491517439464459,0.9436779031099366,-1.3482583966631525,-0.7239451066866635,3.198080008466542,-1.3925694274362506,-1.6591911182489032,0.5118457138276131,0.3450655953189598,2.2093804978575484,-0.6300927783342647,1.0,0.0,6
0.2976986732369971,-0.43723563100520724,1.3766766197566451,-0.4081425064546209,-0.35813575091665456,-0.12550233186457005,0.6668082135857369,-1.0931710782548283,-1.2657388058378465,-0.03387345305149659,0.7094906291183647,0.0,1.0,6
-0.4595666803102463,-0.7974739442526363,0.4229493640097159,-0.6337157923346513,-0.8059555132093533,0.565625174810892,-0.1854663507506197,-1.0556866096499498,0.15920354903163708,-0.891588198987308,0.458318740220996,0.0,1.0,8
-1.4440116399216625,0.763558746486222,-1.4163817720736476,-0.6337157923346513,-0.2264240561246842,-0.8166298385400321,-0.45180215210573116,-0.9125640931584919,1.9558699964757689,2.275358555237226,2.5235098295012657,1.0,0.0,7
-0.7624728217291432,-0.7974739442526363,-0.9395181442001829,1.4866730949376337,-0.33179341195826045,1.7750983114929506,0.7200753738567592,0.6992680568521196,-0.5222906206885499,-0.09985151043117445,-0.9649886301974224,0.0,1.0,6
-0.4595666803102463,1.4239956541065082,-2.029492150768102,-0.5886011351586452,0.326765062001591,-0.6438479618711667,-1.3218324365324285,-0.21398990552176056,0.9646057496100402,0.8238412928843148,1.7141781847078363,1.0,0.0,6
-0.6110197510196944,-0.4972753498797788,0.5591961148307059,-0.7465024352746664,3.224422347424936,-1.4501633863258725,-0.9667180347256134,-0.6808419236009368,-0.8320606978340915,0.03210460432818127,-0.37892088943689756,0.0,1.0,5
0.2976986732369971,1.003717621984508,-1.1438882704316677,-0.4983718208066331,1.4068009592957469,0.16246746258353914,-0.7358936735511834,0.3414617656235508,-0.33642857440122725,0.6259071207452813,-0.2951969264711085,1.0,0.0,6
-0.7624728217291432,-0.0169575988832069,-0.12203763927424371,1.3738864519976184,-0.25276639508307824,-0.12550233186457005,2.176044421264702,1.2274582962847507,-0.2744745589721178,-0.29778568257020804,-1.5510563709579488,0.0,1.0,5
0.14624560252754895,-0.9775931008763507,-0.1901610146847387,-0.8141744210386755,-0.38447808987504845,0.220061421473161,-0.238733511021642,-0.22421294241403456,1.9558699964757689,0.4279729486062477,-0.044025037573739836,0.0,1.0,7
0.14624560252754895,-0.37719591213063575,1.1723064935251601,-0.7916170924506725,-0.5952168015422008,-0.5862540029815447,0.2051594912368771,-0.919379451086662,-1.5135548675542785,-0.9575662563669859,0.03969892539204922,0.0,1.0,6
0.14624560252754895,-0.19707675550692147,-0.3945311409162233,0.8099532372975426,-0.2264240561246842,0.9687828870382449,1.6256170984641383,0.648152872390863,0.22115756446074375,-1.1555004285060195,-1.216160519094791,0.0,1.0,5
0.37342520859172185,3.975683706275795,-1.1438882704316677,-0.6562731209226543,1.1960622476285943,-1.1045996329881413,-1.4638781972551547,0.5254764296839533,0.035295518173421,-0.36376373994988587,-0.4626448524026866,1.0,0.0,5
0.22197213788227302,-0.9775931008763507,-0.05391426386374872,0.33624933694947906,-0.7269284963341711,1.314346640375976,0.8088539743084631,-0.5922422705348395,-1.2037847904087398,-1.0235443137466638,0.29087081428941786,0.0,1.0,6
-0.3081136096007975,-0.6773945065034932,-0.12203763927424371,0.43775731559549275,-0.33179341195826045,0.6808130925901357,1.1462126560249377,0.034770658856200745,0.15920354903163708,0.164060719087537,0.03969892539204922,0.0,1.0,6
0.5248782793011707,4.185822722336796,-1.825122024536617,-0.6337157923346513,0.7219001463775018,-0.9894117152088977,-1.517145357526177,0.4777689241868007,-0.026658497255685663,0.09808266170785913,-0.5463688153684757,1.0,0.0,6
-0.913925892438592,0.10312183886593582,-1.756998649126122,-0.8141744210386755,0.24773804512640876,-0.1830962907541919,0.24067093141755863,-0.37415081683362456,0.22115756446074375,0.09808266170785913,-1.0487125931632115,0.0,1.0,5
-0.0052074681818998474,1.8442736862285087,-2.029492150768102,-0.6111584637466483,0.9853235359614421,-1.4501633863258725,-1.4816339173454955,1.636379771974538,2.761272197054172,1.747534096199804,-0.7138167413000552,1.0,0.0,5
-0.913925892438592,-0.43723563100520724,0.5591961148307059,-0.7465024352746664,-0.9376672080013234,-0.7014419207607885,-0.5760921927381165,-1.839452771388712,0.09724953360253041,2.7372049568949706,2.1607059844012473,0.0,1.0,6
-0.4595666803102463,-1.0376328197509221,-0.25828439009523335,-0.8818464068026846,-0.5952168015422008,1.4295345581552197,-0.11444347038925665,-1.7406300814303408,-1.3896468366960626,-0.09985151043117445,1.1281104439473115,0.0,1.0,7
-0.6110197510196944,-0.37719591213063575,-0.1901610146847387,-0.7690597638626695,-0.12105470029110807,0.220061421473161,0.22291521132721787,-0.5445347650376869,1.5841459039011205,0.164060719087537,-0.044025037573739836,0.0,1.0,7
0.8277844207200683,-0.37719591213063575,0.8998129918831804,0.6294946085935185,0.06334167241765026,0.1048735036939173,0.43598385241130705,0.9207671895174007,0.6548356724645014,1.5495999240607705,0.542042703186785,0.0,1.0,6
-0.7624728217291432,-0.257116474381493,-1.0076415196106776,-0.4983718208066331,-0.4371627677918366,-0.35587816742305745,0.18740377114653634,-0.2037668686295244,-1.3276928212669559,-0.49571985470924124,-1.2998844820605802,0.0,1.0,5
0.14624560252754895,-0.13703703663234995,-0.3264077655057283,1.7799183665816731,-0.4371627677918366,1.717504352603329,1.8919528998192496,1.2990195545304797,-1.0798767595505236,0.8238412928843148,-0.9649886301974224,0.0,1.0,5
1.9636824510409334,0.6434793087370793,0.4229493640097159,-0.5660438065706422,0.6428731295023195,0.220061421473161,-0.8601837141835688,0.9412132633019108,-0.4603366052594433,0.296016833846892,-0.6300927783342647,1.0,0.0,5
0.07051906717282422,-0.37719591213063575,0.28670261318872586,1.7348037094056667,-0.4371627677918366,0.45043725703164833,0.4537395725016478,1.1933815066439382,0.4689736261771759,1.6815560388201263,-0.7975407042658443,0.0,1.0,6
-1.7469177813405594,-0.07699731775777843,-0.05391426386374872,-0.8592890782146816,-1.0693789027932938,0.5080312159212702,0.6312967734050554,-2.510765527312801,0.6548356724645014,0.3619948912265698,2.8863136662288875,0.0,1.0,8
0.4491517439464459,-0.5573150687543503,0.15045586236773625,1.960376995285697,-0.33179341195826045,2.06306810594106,1.2349912564766414,1.7931330043222982,-0.026658497255685663,1.4176438093014148,-1.3836084450263693,0.0,1.0,5
1.433596703557862,0.763558746486222,1.1723064935251601,-0.5434864779826392,0.9853235359614421,0.45043725703164833,-0.14995491056993818,1.2615350859255632,-0.8940147132631981,0.3619948912265698,-1.216160519094791,1.0,0.0,5
-1.5954647106311113,-0.22709661494420724,-1.2801350212526574,-0.7352237709806649,-0.5425321236254129,-0.7590358796504103,-0.7358936735511834,-1.532761664621362,1.0885137804682563,-0.1658295678108523,1.4909142806749331,0.0,1.0,5
1.2064170974936899,-0.8575136631272077,-0.25828439009523335,-0.8818464068026846,-1.0166942248765056,-0.7014419207607885,-0.7536493936415242,-0.6467651339601244,-1.5755088829833852,-1.2214784858856973,-0.1277490005395289,0.0,1.0,5
0.37342520859172185,-0.4972753498797788,-0.05391426386374872,-0.8367317496266786,-0.35813575091665456,0.9687828870382449,0.7200753738567592,-0.27192044791114933,1.2124218113264724,-0.23180762519053016,-0.37892088943689756,0.0,1.0,6
-0.38384014495552155,-0.9175533820017792,0.15045586236773625,-0.9044037353906876,-0.9113248690429295,-0.4710660852023011,-0.36302355165402733,-1.1238401889315746,0.035295518173421,0.2300387764672141,0.458318740220996,0.0,1.0,6
0.4491517439464459,-0.4972753498797788,-0.3264077655057283,-0.7013877780986604,-0.14739703924950215,1.256752681486354,1.4303041774703897,-0.5786115546784993,0.035295518173421,-0.23180762519053016,0.29087081428941786,0.0,1.0,6
-0.5352932156649703,-0.19707675550692147,1.9897869984510992,1.802475695169676,-0.09471236133271399,0.04727954480429546,0.1518923309658548,0.8798750419484181,-0.8320606978340915,-0.23180762519053016,-1.0487125931632115,0.0,1.0,6
-0.23238707424607272,-0.7374342253780647,0.014209111546746275,0.9678545374135641,-0.4371627677918366,-0.4710660852023011,-0.07893203020857512,0.4436921345459882,0.7167896878936081,0.03210460432818127,0.12342288835783828,0.0,1.0,7
0.8277844207200683,-0.0169575988832069,0.5591961148307059,-0.5886011351586452,0.2213957061680147,-0.35587816742305745,-1.1797866758097024,0.3550924814798531,0.7167896878936081,2.1434024404778707,0.37459477725520696,1.0,0.0,6
1.5093232389125861,0.40332043323879313,1.240429868935655,-0.5660438065706422,-0.04202768341592585,-1.0470056740985194,-1.5881682378875401,0.23923139670107557,0.7167896878936081,1.6815560388201263,2.3002459254683627,1.0,0.0,7
-0.913925892438592,-0.13703703663234995,-0.12203763927424371,-0.8367317496266786,-0.8322978521677473,-0.7014419207607885,-0.04342059002789359,-2.2074820995095172,-0.9559687286923076,0.6918851781249591,2.3002459254683627,0.0,1.0,7
0.6763313500106188,0.9436779031099366,1.03605974270417,-0.8818464068026846,-0.5161897846670188,-0.41347212631267927,0.2051594912368771,-0.23784365827033685,-0.08861251268479507,-0.7596320842279527,0.29087081428941786,0.0,1.0,5
0.6006048146558948,1.4840353729810796,-1.0757648950211727,-0.7239451066866635,0.2213957061680147,-1.5653513041051161,-1.747969718700607,0.5799992931092381,1.2124218113264724,2.5392707847559377,-0.044025037573739836,1.0,0.0,7
-0.7624728217291432,-0.257116474381493,0.08233248695724127,-0.3404705206906119,-0.5161897846670188,0.3928432981420265,0.7200753738567592,-1.5770614911544107,-0.2744745589721178,-1.0895223711263415,1.5467302587762581,0.0,1.0,6
1.887955915686208,1.9043134051030803,0.15045586236773625,-0.5434864779826392,0.9853235359614421,-1.0470056740985194,-0.4695578721960719,1.1797507907875981,0.22115756446074375,0.8238412928843148,-0.37892088943689756,1.0,0.0,5
0.14624560252754895,1.4239956541065082,-2.1657389015890915,-0.6788304495106573,0.19505336720962063,-1.3349754685466286,-1.8367483191523108,0.3823539131924955,1.398283857613798,0.296016833846892,0.6257666661525756,1.0,0.0,6
0.6006048146558948,-0.5573150687543503,1.1723064935251601,0.9001825516495549,-0.33179341195826045,0.04727954480429546,1.252746976566982,1.1933815066439382,0.7167896878936081,-0.29778568257020804,-0.4626448524026866,0.0,1.0,6
2.0394089863956575,0.883638184235365,-0.5989012671477081,-0.5886011351586452,0.8009271632526835,-0.6438479618711667,0.0098465702431287,0.10292423813782568,-2.814589191565546,-0.6276759694685969,-0.9649886301974224,0.0,1.0,6
-0.4595666803102463,-0.4972753498797788,1.649170121398625,2.343851581281749,-0.09471236133271399,0.1048735036939173,0.4714952925919886,1.2274582962847507,-0.7081526669758754,-0.29778568257020804,-1.0487125931632115,0.0,1.0,5
-0.7624728217291432,-0.37719591213063575,0.7635662410621905,1.802475695169676,-0.46350510675023066,1.9478801881618162,2.105021540903339,1.0059591636194318,-0.8940147132631981,-1.0235443137466638,-1.3836084450263693,0.0,1.0,5
-0.838199357083868,-0.43723563100520724,0.8316896164726855,0.38136399412548516,-0.4108204288334425,1.7750983114929506,2.0517543806323166,0.18811621223985686,-0.646198651546766,-0.891588198987308,-1.3836084450263693,0.0,1.0,5
1.6607763096220358,-0.257116474381493,1.649170121398625,-0.4983718208066331,0.6165307905439255,-1.3925694274362506,-1.7302139986102663,0.648152872390863,-0.4603366052594433,2.5392707847559377,0.9606625180157319,1.0,0.0,8
0.2976986732369971,-0.6773945065034932,-0.3945311409162233,2.321294252693746,0.27408038408480284,0.1048735036939173,0.9153882948505077,1.397842244488851,-1.2037847904087398,-0.6276759694685969,-1.132436556129002,0.0,1.0,4
0.22197213788227302,2.474690734411509,-2.1657389015890915,-0.7013877780986604,0.7219001463775018,-1.3925694274362506,-1.81899259906197,0.7571985992415083,0.7167896878936081,-0.29778568257020804,-0.7138167413000552,1.0,0.0,4
-0.15666053889134865,-0.13703703663234995,-0.1901610146847387,-0.024667920458569362,-0.5425321236254129,0.6232191337005138,0.6312967734050554,-0.9602715986556445,0.9646057496100402,-0.6936540268482748,1.3792823328446786,0.0,1.0,6
-0.3081136096007975,-1.397871132998351,-0.3264077655057283,0.8099532372975426,-0.33179341195826045,0.8535949692590012,-0.1854663507506197,0.014324585071690564,-0.15056652811390175,-1.0895223711263415,-0.5463688153684757,0.0,1.0,6
-0.7624728217291432,-0.7974739442526363,-0.5307778917372133,-0.8592890782146816,-0.14739703924950215,0.04727954480429546,-0.34526783156368657,-1.4100852219144144,0.09724953360253041,0.2300387764672141,0.6257666661525756,0.0,1.0,6
0.9035109560747924,-1.0376328197509221,-0.05391426386374872,0.38136399412548516,-0.4898474457086247,-0.06790837297494821,0.3116938117789217,0.0006938692153882753,-0.7701066824049821,-1.4194126580247306,0.03969892539204922,0.0,1.0,7
-1.6711912459858353,-0.43723563100520724,0.5591961148307059,-0.8592890782146816,0.5111614347103491,0.6808130925901357,0.16964805105619557,-0.8375951559486968,0.592881657035392,-0.42974179732956375,-0.37892088943689756,0.0,1.0,6
0.22197213788227302,-0.7974739442526363,-0.1901610146847387,-0.7916170924506725,-0.27910873404147235,0.2776553803627828,-0.1321991904795974,-1.1136171520393006,-0.4603366052594433,-0.5616979120889191,0.6257666661525756,0.0,1.0,6
-0.6110197510196944,-0.4972753498797788,-0.7351480179686981,0.47159330847749714,-0.4371627677918366,0.2776553803627828,0.8443654144891446,0.3755385552643633,1.0265597650391496,0.296016833846892,-0.5463688153684757,0.0,1.0,6
-0.38384014495552155,-0.4972753498797788,1.1723064935251601,0.7422812515335337,-0.25276639508307824,1.3719405992655977,1.3592812971090267,0.30738497598270054,0.035295518173421,-0.891588198987308,-0.21147296350531794,0.0,1.0,6
-0.9896524277933161,-0.31715619325606453,-0.25828439009523335,-0.4081425064546209,-0.5688744625838068,-0.8166298385400321,0.04535801042381023,-1.6724765021487158,0.22115756446074375,-0.7596320842279527,1.7141781847078363,0.0,1.0,6
0.22197213788227302,0.22320127661507888,1.104183118114665,-0.5434864779826392,0.43213441783516693,-0.4710660852023011,-0.540580752557435,0.9207671895174007,0.592881657035392,1.0877535224030255,-0.7975407042658443,1.0,0.0,4
1.812229380331484,0.4633601521133647,0.21857923777823088,-0.6562731209226543,0.6955578074191077,-0.7590358796504103,-1.35734387671311,0.5868146510374082,0.035295518173421,0.8238412928843148,0.458318740220996,1.0,0.0,6
-0.08093400353662458,-0.4972753498797788,-0.1901610146847387,1.667131723641658,-0.33179341195826045,1.8326922703825725,2.229311581535724,0.8185368205949632,-1.1418307749796304,-0.7596320842279527,-1.132436556129002,0.0,1.0,6
-0.3081136096007975,-0.9175533820017792,0.014209111546746275,0.4603146441834957,-0.9903518859181115,1.3719405992655977,1.3060141368380045,-0.34007402719277424,0.15920354903163708,-1.0895223711263415,0.458318740220996,0.0,1.0,8
-0.9896524277933161,-0.8575136631272077,0.5591961148307059,-0.8367317496266786,-0.25276639508307824,-0.41347212631267927,-0.39853499183470886,-0.7421801449544295,-0.15056652811390175,-0.5616979120889191,-0.4626448524026866,0.0,1.0,6
-0.4595666803102463,-0.43723563100520724,0.6273194902412005,-0.8367317496266786,-0.12105470029110807,-0.8166298385400321,0.48925101268232934,0.2051546070602631,1.2124218113264724,-0.42974179732956375,-0.4626448524026866,0.0,1.0,6
-0.5352932156649703,-0.37719591213063575,0.15045586236773625,-0.09233990622257862,-0.06837002237431992,-0.4710660852023011,0.27618237159824016,-0.8750796245536133,-0.15056652811390175,-0.49571985470924124,1.2118344069131004,0.0,1.0,7
0.8277844207200683,0.4633601521133647,0.4229493640097159,-0.5660438065706422,0.9853235359614421,-0.35587816742305745,-0.9667180347256134,1.1593047170031259,0.5309276416062852,1.0877535224030255,0.2071468513236288,1.0,0.0,6
0.6006048146558948,0.4633601521133647,-1.0076415196106776,-0.6788304495106573,0.43213441783516693,-1.3925694274362506,-1.7124582785199254,0.9207671895174007,0.40701961074806925,0.49395100598592556,-1.132436556129002,1.0,0.0,6
0.37342520859172185,0.7035190276116507,-0.9395181442001829,-0.385585177866618,-0.06837002237431992,-0.7014419207607885,0.50700673277267,-0.19695151070135433,-0.646198651546766,-0.1658295678108523,0.2071468513236288,0.0,1.0,6
-0.913925892438592,-0.31715619325606453,-0.3264077655057283,-0.6111584637466483,-0.33179341195826045,-0.5862540029815447,0.04535801042381023,-1.7031456128254243,0.5309276416062852,-0.8256101416076306,1.7979021476736254,0.0,1.0,7
1.433596703557862,0.3432807143642219,1.240429868935655,-0.7239451066866635,0.37944973991837877,-1.3349754685466286,-1.747969718700607,0.04158601678433298,-0.08861251268479507,1.0217754650233477,1.6304542217420472,1.0,0.0,8
-0.9896524277933161,0.5834395898625077,0.08233248695724127,-0.8592890782146816,-0.2000817171662901,-1.0470056740985194,0.04535801042381023,-1.076132683434422,1.4602378730429044,-0.6276759694685969,0.7932145920841537,0.0,1.0,5
0.2976986732369971,-0.4972753498797788,1.7854168722196142,0.6520519371815215,-0.4108204288334425,1.8326922703825725,1.1639683761152784,0.7163064516725258,-0.9559687286923076,-1.0235443137466638,-1.2998844820605802,0.0,1.0,5
2.0394089863956575,0.883638184235365,1.7854168722196142,-0.3404705206906119,0.9853235359614421,-1.219787550767385,-1.2685652762614064,2.0112244580235132,0.40701961074806925,0.296016833846892,-1.2998844820605802,1.0,0.0,5
-1.2925585692122137,-0.6173547876289218,0.8998129918831804,-0.7465024352746664,-0.27910873404147235,-0.4710660852023011,-0.02566486993755283,-0.7694415766670719,-0.026658497255685663,-0.36376373994988587,-0.4626448524026866,0.0,1.0,5
-0.913925892438592,-0.37719591213063575,-0.5307778917372133,2.885227467393822,-0.25276639508307824,0.6808130925901357,-0.06117631011823436,1.5205186871957608,-0.7701066824049821,-0.5616979120889191,-1.3836084450263693,0.0,1.0,6
1.5093232389125861,-0.37719591213063575,0.9679363672936755,-0.4081425064546209,0.03699933345925637,0.5080312159212702,0.32944953186926246,0.5118457138276131,-0.5222906206885499,0.296016833846892,-0.8812646672316334,0.0,1.0,5
-1.1411054985027649,-0.43723563100520724,0.014209111546746275,-0.8592890782146816,-0.27910873404147235,-0.5862540029815447,0.7200753738567592,-0.37415081683362456,3.566674397632575,-0.8256101416076306,-0.2951969264711085,0.0,1.0,6
-0.0052074681818998474,-0.6773945065034932,0.49107273942021085,-0.7916170924506725,-0.09471236133271399,-0.24069024964381375,-0.14995491056993818,-0.9670869565838145,-0.2744745589721178,-0.42974179732956375,0.458318740220996,0.0,1.0,6
-1.2168320338574896,3.0450680637199383,-1.825122024536617,-0.8141744210386755,-0.3054510729998664,-1.0470056740985194,-0.4695578721960719,-0.7149187132417871,2.079778027333985,1.8794902109591591,1.965350073605205,1.0,0.0,8
-0.0052074681818998474,1.3039162163573657,-0.3945311409162233,-0.6788304495106573,0.6955578074191077,-0.9894117152088977,-0.25648923111198274,0.4641382083304606,0.22115756446074375,-0.09985151043117445,-0.5463688153684757,1.0,0.0,5
-0.7624728217291432,-1.0376328197509221,-0.12203763927424371,-0.8818464068026846,-0.5161897846670188,-0.9318177563192758,-0.6293593530091388,-0.5104579753968744,1.7080539347593366,0.03210460432818127,-0.21147296350531794,0.0,1.0,6
1.5093232389125861,1.4840353729810796,-0.5307778917372133,-0.385585177866618,1.1697199086702006,-0.5862540029815447,-1.1975423959000433,1.4659958237704758,0.22115756446074375,0.8898193502639927,-0.7975407042658443,1.0,0.0,5
-0.3081136096007975,-1.0376328197509221,0.15045586236773625,-0.6788304495106573,-0.4371627677918366,0.45043725703164833,-0.06117631011823436,-1.532761664621362,0.09724953360253041,-0.5616979120889191,1.965350073605205,0.0,1.0,6
0.37342520859172185,-0.4072157715679215,-0.12203763927424371,-0.9044037353906876,-0.46350510675023066,-0.6438479618711667,-0.7003822333705019,-0.851225871805037,-1.3276928212669559,0.164060719087537,0.12342288835783828,0.0,1.0,5
-0.23238707424607272,2.9850283448453663,-0.7351480179686981,-0.20512654916259376,0.458476756793561,-0.8166298385400321,-0.8779394342739095,1.3365040231353582,1.8939159810466595,1.2197096371623812,-1.0905745746461069,1.0,0.0,6
3.2510335520712466,-0.257116474381493,1.9216636230406043,-0.6788304495106573,0.27408038408480284,-1.0470056740985194,-1.5526567977068586,1.2274582962847507,-0.7081526669758754,2.869161071654326,-0.37892088943689756,1.0,0.0,6
-1.1411054985027649,-0.6173547876289218,1.03605974270417,0.29113467977347296,0.326765062001591,0.2776553803627828,1.19947981629596,-0.20035918966545826,-0.7081526669758754,-0.49571985470924124,-0.67195475981716,0.0,1.0,5
1.5850497742673118,-0.07699731775777843,0.8998129918831804,-0.7916170924506725,0.010656994500862296,-0.6438479618711667,-1.375099596803451,0.16426245949128057,-0.2744745589721178,2.341336612616904,0.458318740220996,1.0,0.0,7
-0.15666053889134865,0.9436779031099366,-0.46265451632671833,-0.6788304495106573,0.35310740095998505,-1.5653513041051161,-1.6414353981585623,0.6140760827500505,0.15920354903163708,0.6259071207452813,-1.132436556129002,1.0,0.0,5
2.948127410652349,0.4633601521133647,1.03605974270417,-0.5322078136886377,0.7482424853358958,-1.219787550767385,-1.4283667570744731,0.9752900529427233,0.09724953360253041,1.5495999240607705,1.2955583698788895,1.0,0.0,7
0.14624560252754895,-0.6173547876289218,0.5591961148307059,-0.16001189198658766,-0.647901479458989,-1.219787550767385,-0.34526783156368657,-0.851225871805037,-0.8320606978340915,-0.9575662563669859,0.458318740220996,0.0,1.0,6
-0.4595666803102463,0.9436779031099366,-2.1657389015890915,-0.7239451066866635,0.14236868929283247,-0.5286600440919229,-1.5349010776165177,-0.33325866926464204,1.3363298421846885,0.09808266170785913,1.4630062958104693,1.0,0.0,6
0.37342520859172185,-1.1577122575000651,-0.1901610146847387,-0.8367317496266786,-0.7269284963341711,-1.1621935918777633,-0.8956951543642503,-0.4423043961152495,0.7787437033227175,-0.9575662563669859,-0.37892088943689756,0.0,1.0,5
-0.15666053889134865,-0.8575136631272077,-0.12203763927424371,0.24602002259746686,-0.5161897846670188,0.04727954480429546,0.09862517069483252,-0.2037668686295244,0.09724953360253041,-0.1658295678108523,0.2071468513236288,0.0,1.0,5
-0.6867462863744191,-0.31715619325606453,-0.1901610146847387,-0.385585177866618,-0.5161897846670188,0.1048735036939173,0.4537395725016478,-1.7031456128254243,-0.33642857440122725,-1.1555004285060195,1.8816261106394159,0.0,1.0,7
-0.9896524277933161,-0.7374342253780647,0.8998129918831804,3.967979239617968,1.6702243488796873,1.4295345581552197,0.13413661087551404,0.6345221565345608,-0.7701066824049821,-1.2214784858856973,1.8816261106394159,0.0,1.0,5
1.2064170974936899,-0.07699731775777843,0.28670261318872586,-0.6562731209226543,-0.5952168015422008,-0.6438479618711667,0.18740377114653634,-0.9670869565838145,-1.6374628984124946,2.9351391290340043,1.7979021476736254,0.0,1.0,6
4.084025440973214,0.2832409954896504,1.1723064935251601,-0.5660438065706422,0.6165307905439255,-1.277381509657007,-1.6769468383392439,1.6023029823337258,-0.9559687286923076,1.8794902109591591,-0.21147296350531794,1.0,0.0,6
-0.6867462863744191,-0.43723563100520724,-0.1901610146847387,1.6220170664656517,-0.33179341195826045,1.659910393713707,1.4480598975607306,1.1320432852904834,-0.5222906206885499,-0.891588198987308,-1.4673324079921584,0.0,1.0,6
-1.3682851045669377,1.123797059733651,-1.0757648950211727,-0.5209291493946361,-0.5425321236254129,0.220061421473161,0.24067093141755863,-2.0234674354491147,-0.15056652811390175,-0.03387345305149659,2.216521962502572,0.0,1.0,8
-0.4595666803102463,0.10312183886593582,1.3766766197566451,1.4190011091736248,-0.27910873404147235,-1.277381509657007,-0.07893203020857512,0.7163064516725258,-0.9559687286923076,-0.49571985470924124,-0.9649886301974224,0.0,1.0,5
0.4491517439464459,-0.19707675550692147,0.5591961148307059,-0.7690597638626695,-0.7796131742509592,-0.5862540029815447,-0.4873135922864127,-1.157916978572387,-0.4603366052594433,-0.36376373994988587,1.1281104439473115,0.0,1.0,6
-1.6711912459858353,-0.07699731775777843,-0.9395181442001829,-0.09233990622257862,-0.647901479458989,0.565625174810892,0.16964805105619557,-1.1442862627160468,-0.2744745589721178,-0.891588198987308,0.37459477725520696,0.0,1.0,6
-0.15666053889134865,2.084432561726794,-2.1657389015890915,-0.7013877780986604,1.512170315129323,-1.5653513041051161,-1.8545040392426515,0.6345221565345608,0.7787437033227175,0.4279729486062477,-0.7138167413000552,1.0,0.0,6
-0.38384014495552155,-0.4972753498797788,-0.3945311409162233,-0.20512654916259376,0.43213441783516693,0.3352493392524047,1.5545942181027752,0.3755385552643633,0.4689736261771759,0.8898193502639927,-0.8812646672316334,0.0,1.0,5
0.14624560252754895,-0.5573150687543503,0.28670261318872586,-0.6675517852166559,-0.17373937820789603,0.04727954480429546,-0.25648923111198274,-0.851225871805037,-0.21252054354301114,-0.6276759694685969,0.2071468513236288,0.0,1.0,6
1.5093232389125861,-0.37719591213063575,0.6273194902412005,-0.9044037353906876,-0.38447808987504845,-0.9318177563192758,-0.9844737548159541,-0.783072292523412,-1.6374628984124946,-1.8812590596824752,-0.044025037573739836,0.0,1.0,6
-0.6867462863744191,-0.8575136631272077,0.3548259885992209,1.5317877521136398,-0.3054510729998664,1.6023164348240853,0.27618237159824016,0.23582371773700947,-0.15056652811390175,-1.2214784858856973,0.2071468513236288,0.0,1.0,5
-0.08093400353662458,-0.43723563100520724,-0.25828439009523335,-0.8480104139206801,-0.8849825300845354,-1.5653513041051161,-0.45180215210573116,-1.5566154173699385,-1.6994169138416013,-1.5513687727840861,0.7094906291183647,0.0,1.0,4
-0.5352932156649703,-0.7374342253780647,0.15045586236773625,1.5769024092896458,-0.09471236133271399,1.4295345581552197,1.1107012158442562,1.2956118755663757,1.8319619656175528,-0.6276759694685969,-0.5463688153684757,0.0,1.0,6
0.37342520859172185,-0.43723563100520724,2.466650626324564,-0.3404705206906119,7.939701020977471,-1.4501633863258725,-1.8545040392426515,0.9207671895174007,0.15920354903163708,3.594919702830783,-0.5463688153684757,1.0,0.0,7
-0.23238707424607272,-0.7974739442526363,-0.25828439009523335,-0.5886011351586452,-0.015685344457531777,1.0839708048174885,0.7910982542181223,-0.03338292042546203,-1.2657388058378465,-0.42974179732956375,-1.4673324079921584,0.0,1.0,8
-1.0653789631480408,0.01306226055407853,-1.1438882704316677,1.3062144662336095,-0.6215591405005949,-0.24069024964381375,0.09862517069483252,0.15063174363497828,0.15920354903163708,-0.29778568257020804,-0.4626448524026866,0.0,1.0,6
-0.4595666803102463,-0.7374342253780647,0.3548259885992209,2.343851581281749,-0.5688744625838068,1.8326922703825725,0.6845639336760777,1.3467270600275945,-1.2657388058378465,-0.891588198987308,-1.0487125931632115,0.0,1.0,5
-0.6867462863744191,-0.6773945065034932,-0.12203763927424371,-0.7239451066866635,-0.6215591405005949,-0.8166298385400321,-0.41629071192504963,-1.3283009267764494,0.3450655953189598,-0.891588198987308,1.0443864809815224,0.0,1.0,6
-0.913925892438592,0.2832409954896504,-1.0076415196106776,1.5769024092896458,-0.27910873404147235,2.005474147051438,2.3358459020777684,1.0570743480806883,-0.4603366052594433,-1.0235443137466638,-1.2998844820605802,0.0,1.0,6
-0.08093400353662458,-1.0976725386254935,0.28670261318872586,-0.8592890782146816,-0.35813575091665456,-0.5286600440919229,-0.4340464320153904,-0.6808419236009368,-0.39838258983033387,-0.7596320842279527,0.37459477725520696,0.0,1.0,7
-0.4595666803102463,-0.07699731775777843,0.014209111546746275,2.388966238457755,-0.06837002237431992,1.8326922703825725,1.9984872203612942,0.9684746950145532,0.15920354903163708,0.164060719087537,-0.1277490005395289,0.0,1.0,5
-0.5352932156649703,-0.7374342253780647,-0.1901610146847387,0.5392652942415064,-0.7532708352925652,-0.8166298385400321,-0.4873135922864127,-0.47297350679195804,-0.4603366052594433,0.164060719087537,0.29087081428941786,0.0,1.0,7
0.22197213788227302,-0.4972753498797788,-0.46265451632671833,-0.7465024352746664,-0.4898474457086247,-0.06790837297494821,0.2584266515078994,-0.4695658278278919,1.398283857613798,0.164060719087537,-0.1277490005395289,0.0,1.0,6
-0.08093400353662458,1.4840353729810796,-2.029492150768102,-0.6111584637466483,0.6692154684607136,-0.35587816742305745,-0.36302355165402733,1.0025514846553658,2.0178240119048754,-0.03387345305149659,-0.7138167413000552,1.0,0.0,6
-0.9896524277933161,0.16316155774050736,-1.4845051474841422,-0.7690597638626695,0.010656994500862296,0.5080312159212702,0.24067093141755863,-0.7149187132417871,0.09724953360253041,-0.36376373994988587,-0.37892088943689756,0.0,1.0,5
-0.15666053889134865,-0.5573150687543503,0.014209111546746275,0.9001825516495549,-0.27910873404147235,1.4871285170448414,2.318090181987428,0.3414617656235508,0.15920354903163708,-0.23180762519053016,-0.1277490005395289,0.0,1.0,6
-0.3081136096007975,-0.9775931008763507,-0.5307778917372133,1.0806411803535791,0.03699933345925637,1.9478801881618162,1.3060141368380045,0.23923139670107557,-0.5842446361176594,-0.1658295678108523,0.03969892539204922,0.0,1.0,6
0.7520578853653429,2.0243928428522233,-0.12203763927424371,-0.6562731209226543,-0.25276639508307824,-0.7590358796504103,0.4182281323209663,0.17107781741945063,-0.026658497255685663,1.1537315797827035,0.2071468513236288,0.0,1.0,4
-0.23238707424607272,0.22320127661507888,0.4229493640097159,1.825033023757679,1.459485637212535,-0.9318177563192758,-0.36302355165402733,1.1661200749312959,-1.2657388058378465,-0.36376373994988587,-1.132436556129002,0.0,1.0,5
-0.6110197510196944,0.3432807143642219,-0.8713947687896879,-0.4081425064546209,-0.6215591405005949,-0.12550233186457005,0.16964805105619557,-1.3964545060581122,-0.026658497255685663,0.03210460432818127,1.7979021476736254,0.0,1.0,7
-0.7624728217291432,-0.5573150687543503,0.6954428656516954,0.6746092657695245,-0.2000817171662901,1.314346640375976,1.6256170984641383,0.4641382083304606,-0.39838258983033387,-0.42974179732956375,-1.216160519094791,0.0,1.0,6
0.2976986732369971,-0.37719591213063575,0.49107273942021085,-0.8592890782146816,-0.4898474457086247,-0.5286600440919229,0.0098465702431287,-0.1696900789887119,-0.39838258983033387,0.8898193502639927,-0.4626448524026866,0.0,1.0,6
-0.15666053889134865,-0.9775931008763507,0.3548259885992209,-0.7916170924506725,-0.35813575091665456,-0.8166298385400321,-0.1854663507506197,-0.7967030083797143,-0.2744745589721178,-0.23180762519053016,0.2071468513236288,0.0,1.0,5
-0.838199357083868,-0.43723563100520724,0.08233248695724127,-0.6337157923346513,-0.9376672080013234,-0.24069024964381375,0.04535801042381023,-2.0098367195927747,-0.646198651546766,-1.5513687727840861,1.6304542217420472,0.0,1.0,6
-0.6867462863744191,-0.257116474381493,1.104183118114665,0.5392652942415064,-0.09471236133271399,0.220061421473161,0.6135410533147146,0.07566280642518328,-0.2744745589721178,-0.03387345305149659,-0.6300927783342647,0.0,1.0,5
0.22197213788227302,-0.8575136631272077,1.1723064935251601,-0.8367317496266786,-0.674243818417383,-1.277381509657007,-0.30975639138300504,-0.919379451086662,-1.0179227441214143,0.5599290633656034,0.458318740220996,0.0,1.0,5
-0.5352932156649703,-0.37719591213063575,-0.1901610146847387,-0.5209291493946361,-0.4898474457086247,-0.24069024964381375,-0.1321991904795974,-1.1238401889315746,0.592881657035392,-0.8256101416076306,0.8769385550499428,0.0,1.0,7
-0.6867462863744191,3.825584409089367,-2.0976155261785965,-0.6788304495106573,0.010656994500862296,-0.874223797429654,-1.446122477164814,0.1301856698504681,2.327594089050417,-0.49571985470924124,0.542042703186785,1.0,0.0,6
-0.08093400353662458,-0.43723563100520724,-0.5307778917372133,1.7122463808176638,-0.33179341195826045,1.0263768459278668,0.06311373051415099,0.9412132633019108,-1.1418307749796304,0.164060719087537,-0.4626448524026866,0.0,1.0,7
-0.15666053889134865,0.2832409954896504,-0.5307778917372133,-0.9044037353906876,-0.2264240561246842,-1.277381509657007,0.08086945060449176,-0.7489955028825995,-1.3896468366960626,-1.4853907154044084,-0.37892088943689756,0.0,1.0,4
0.22197213788227302,-0.43723563100520724,-0.05391426386374872,0.1783480368334578,0.010656994500862296,5.80667543376648,3.5254791481305996,0.034770658856200745,-0.2744745589721178,0.3619948912265698,-0.044025037573739836,0.0,1.0,5
0.2976986732369971,-0.07699731775777843,0.28670261318872586,-0.6562731209226543,-0.5952168015422008,-0.24069024964381375,1.0219226153925522,-0.03338292042546203,1.2124218113264724,-0.36376373994988587,-0.044025037573739836,0.0,1.0,4
-0.3081136096007975,-0.7974739442526363,0.28670261318872586,2.952899453157831,-0.27910873404147235,0.1048735036939173,0.32944953186926246,1.8749172994602634,0.28311157988985314,-0.36376373994988587,-1.4673324079921584,0.0,1.0,5
-0.15666053889134865,-0.8575136631272077,2.8753908787875333,-0.9495183925666938,-0.33179341195826045,-0.6438479618711667,0.8621211345794854,-0.476381185756062,1.4602378730429044,-0.03387345305149659,-0.2951969264711085,0.0,1.0,5
-0.0052074681818998474,-0.7974739442526363,-0.25828439009523335,-0.5209291493946361,-0.6215591405005949,0.45043725703164833,-0.36302355165402733,-1.2771857423152306,-1.451600852125169,-0.6936540268482748,1.0443864809815224,0.0,1.0,7
-0.9896524277933161,-0.31715619325606453,-0.46265451632671833,1.5769024092896458,0.010656994500862296,1.0263768459278668,1.945220060090272,1.2274582962847507,0.035295518173421,-0.8256101416076306,-1.2998844820605802,0.0,1.0,6
-0.15666053889134865,-0.6173547876289218,-0.12203763927424371,-0.18256922057459063,-0.4371627677918366,0.6232191337005138,1.7499071390965235,-0.6126883443193119,0.3450655953189598,-0.29778568257020804,1.0443864809815224,0.0,1.0,6
-0.6110197510196944,-0.6773945065034932,0.21857923777823088,1.1934278232935944,-0.38447808987504845,1.3719405992655977,0.4537395725016478,0.7503832413133383,0.035295518173421,-0.42974179732956375,-1.132436556129002,0.0,1.0,5
0.7520578853653429,-0.6773945065034932,1.1723064935251601,-0.9269610639786906,0.010656994500862296,-0.874223797429654,-0.7358936735511834,-0.5786115546784993,-0.9559687286923076,-1.0235443137466638,-0.1277490005395289,0.0,1.0,6
-0.6110197510196944,0.0430821199913643,1.30855324434615,0.6294946085935185,-0.04202768341592585,1.314346640375976,1.1107012158442562,0.1778931753476207,-0.646198651546766,-0.5616979120889191,-0.7975407042658443,0.0,1.0,5
-0.7624728217291432,-0.6773945065034932,0.4229493640097159,-0.7690597638626695,-0.33179341195826045,-1.0470056740985194,-0.02566486993755283,-0.9330101669430021,0.4689736261771759,1.2856876945420592,0.7094906291183647,0.0,1.0,5
-0.838199357083868,0.10312183886593582,-1.0757648950211727,0.3136920083614761,-0.5161897846670188,0.3352493392524047,1.4835713377414121,-0.03338292042546203,-0.33642857440122725,0.5599290633656034,-0.5463688153684757,0.0,1.0,6
-0.5352932156649703,-0.7374342253780647,-0.8713947687896879,-0.11489723481058156,1.0380082138782303,-0.8166298385400321,0.0098465702431287,-0.27192044791114933,-1.2657388058378465,-0.6276759694685969,-0.7975407042658443,0.0,1.0,5
-0.7624728217291432,0.5233998709879362,-0.6670246425582032,-0.7239451066866635,0.5638461126271372,-0.5286600440919229,-1.0377409150869763,0.6242991196423245,1.8319619656175528,0.4279729486062477,-0.8812646672316334,1.0,0.0,6
-0.08093400353662458,-1.0376328197509221,0.7635662410621905,-0.8367317496266786,-0.8849825300845354,0.16246746258353914,0.3116938117789217,-1.3044471740278731,-0.7081526669758754,0.164060719087537,0.9606625180157319,0.0,1.0,6
-0.6110197510196944,-1.3378314141237795,1.1723064935251601,0.3136920083614761,-0.38447808987504845,1.0839708048174885,0.8266096943988038,0.0006938692153882753,0.7167896878936081,-0.6276759694685969,-0.1277490005395289,0.0,1.0,6
-0.0052074681818998474,-0.8575136631272077,-0.46265451632671833,-0.11489723481058156,-0.33179341195826045,0.04727954480429546,-0.09668775029891588,0.13700102777863815,0.035295518173421,-1.1555004285060195,-0.9649886301974224,0.0,1.0,5
-0.0052074681818998474,-0.19707675550692147,-0.3945311409162233,0.5167079656535033,-0.17373937820789603,0.3928432981420265,0.7555868140374408,0.5970376879296444,-0.8320606978340915,-0.6936540268482748,-1.2998844820605802,0.0,1.0,5
-0.23238707424607272,-1.2177519763746365,0.4229493640097159,-0.9044037353906876,-0.4108204288334425,-0.4710660852023011,-0.5938479128284573,-1.3862314691658382,-1.2037847904087398,0.03210460432818127,0.7094906291183647,0.0,1.0,6
-0.5352932156649703,-0.37719591213063575,-0.46265451632671833,-0.047225249046572514,-0.7269284963341711,1.3719405992655977,0.24067093141755863,-1.2805934212793346,-0.33642857440122725,-0.6276759694685969,1.3792823328446786,0.0,1.0,7
-0.838199357083868,-0.37719591213063575,-0.6670246425582032,-0.7239451066866635,-0.5952168015422008,0.1048735036939173,0.027602290333469462,-1.600915243902987,0.8406977187518241,-0.6276759694685969,1.7141781847078363,0.0,1.0,6
-0.5352932156649703,-0.07699731775777843,0.4229493640097159,0.7422812515335337,-0.2264240561246842,2.1782560237203037,1.0574340555732338,0.14381638570680821,-0.5222906206885499,-0.23180762519053016,-0.7975407042658443,0.0,1.0,5
-1.1411054985027649,-0.7374342253780647,-0.6670246425582032,2.6258181886317864,-0.33179341195826045,0.5080312159212702,-0.07893203020857512,1.3808038496684447,0.09724953360253041,-0.36376373994988587,-1.2998844820605802,0.0,1.0,6
1.0549640267842404,-0.07699731775777843,0.5591961148307059,-0.5434864779826392,0.6955578074191077,-0.8166298385400321,-0.8246722740028872,1.1320432852904834,0.4689736261771759,-0.36376373994988587,-0.9649886301974224,1.0,0.0,5
-0.08093400353662458,-0.19707675550692147,1.03605974270417,1.9378196666976941,-0.015685344457531777,1.3719405992655977,1.4658156176510713,1.1252279273623134,-0.7701066824049821,-0.29778568257020804,-1.0487125931632115,0.0,1.0,5
1.2064170974936899,-0.6173547876289218,-0.5989012671477081,1.1934278232935944,-0.647901479458989,-1.0470056740985194,-0.30975639138300504,0.4130230238692419,-0.5842446361176594,-0.891588198987308,0.12342288835783828,0.0,1.0,6
0.8277844207200683,-0.257116474381493,1.1723064935251601,-0.27279853492660283,0.8799541801278657,-1.1045996329881413,-1.6059239579778808,0.16426245949128057,0.28311157988985314,0.6918851781249591,1.2955583698788895,1.0,0.0,7
-0.3081136096007975,2.924988625970795,-1.5526285228946373,-0.7239451066866635,0.458476756793561,-1.5077573452154942,-1.5881682378875401,0.28693890219822815,0.9646057496100402,-0.5616979120889191,-0.7975407042658443,1.0,0.0,5
-0.3081136096007975,-0.9775931008763507,0.9679363672936755,-0.8141744210386755,0.19505336720962063,0.3928432981420265,0.8088539743084631,-0.7149187132417871,0.9026517341809336,-0.5616979120889191,0.458318740220996,0.0,1.0,5
2.5694947338787273,0.9436779031099366,0.8998129918831804,-0.5434864779826392,1.6438820099212932,0.220061421473161,-0.8246722740028872,0.8798750419484181,0.035295518173421,1.2197096371623812,0.29087081428941786,1.0,0.0,6
-0.08093400353662458,-0.13703703663234995,0.5591961148307059,-0.7916170924506725,-0.5952168015422008,-0.9894117152088977,-0.540580752557435,-0.03338292042546203,1.2124218113264724,0.4279729486062477,-0.1277490005395289,0.0,1.0,5
-0.5352932156649703,-0.6173547876289218,-0.5307778917372133,-0.7690597638626695,-0.27910873404147235,-0.874223797429654,-0.9667180347256134,-0.5786115546784993,-0.21252054354301114,-0.9575662563669859,-0.6300927783342647,0.0,1.0,5
-0.15666053889134865,-0.6773945065034932,0.6954428656516954,0.02044673671743654,-0.38447808987504845,0.3928432981420265,0.5247624528630108,0.2324160387729055,1.7080539347593366,0.3619948912265698,-0.2951969264711085,0.0,1.0,6
-1.3682851045669377,-0.19707675550692147,1.03605974270417,-0.453257163630627,-0.09471236133271399,0.9111889281486231,0.5247624528630108,-0.476381185756062,0.40701961074806925,1.4836218666810927,-0.4626448524026866,0.0,1.0,5
-0.5352932156649703,-0.13703703663234995,-1.3482583966631525,1.4641157663496307,-0.6215591405005949,0.2776553803627828,0.8976325747601669,0.9889207687990256,-0.026658497255685663,-1.4194126580247306,-1.2998844820605802,0.0,1.0,5
-0.08093400353662458,-0.7974739442526363,-0.25828439009523335,-0.5209291493946361,-0.5952168015422008,-0.41347212631267927,-0.06117631011823436,-0.15265168416830568,0.7787437033227175,0.6918851781249591,-0.2951969264711085,0.0,1.0,4
0.2976986732369971,-0.31715619325606453,1.7854168722196142,2.8175554816298125,-0.4108204288334425,1.1991587225967322,1.9629757801806127,1.7726869305378259,-0.39838258983033387,0.8238412928843148,-0.8812646672316334,0.0,1.0,6
-0.5352932156649703,-0.07699731775777843,0.014209111546746275,-0.9044037353906876,-0.4108204288334425,0.5080312159212702,0.09862517069483252,-1.519130948765022,-1.0179227441214143,-1.0895223711263415,1.3792823328446786,0.0,1.0,6
0.07051906717282422,-0.4972753498797788,0.014209111546746275,-0.8592890782146816,-0.4108204288334425,-0.06790837297494821,-0.36302355165402733,-1.607730601831157,-0.9559687286923076,-0.5616979120889191,1.2118344069131004,0.0,1.0,6
-1.1411054985027649,-0.7974739442526363,-0.46265451632671833,-0.8818464068026846,-0.5688744625838068,-0.24069024964381375,-0.5938479128284573,-1.4646080853397372,0.5309276416062852,-0.09985151043117445,0.7094906291183647,0.0,1.0,6
0.2976986732369971,-0.6773945065034932,2.1941571246825844,1.7799183665816731,-0.6215591405005949,1.3719405992655977,0.9864111752118707,1.1933815066439382,-1.3896468366960626,-0.03387345305149659,-1.4673324079921584,0.0,1.0,5
-1.7469177813405594,0.4633601521133647,-2.1657389015890915,-0.6562731209226543,-0.2264240561246842,-0.8166298385400321,-1.286320996351747,-1.007979104152797,3.0090882587706043,1.351665751921737,2.8863136662288875,1.0,0.0,7
-0.838199357083868,-0.9175533820017792,0.3548259885992209,-0.5434864779826392,-0.4108204288334425,-0.35587816742305745,-0.2742449512023235,-1.0113867831168633,-0.2744745589721178,-0.23180762519053016,0.29087081428941786,0.0,1.0,6
0.2976986732369971,-0.19707675550692147,1.3766766197566451,1.847590352345682,-0.38447808987504845,1.7750983114929506,0.5957853332243739,1.326280986243122,-1.5135548675542785,-0.42974179732956375,-1.216160519094791,0.0,1.0,6
-0.7624728217291432,0.10312183886593582,-1.2120116458421626,0.8776252230615519,-0.5425321236254129,0.45043725703164833,0.7200753738567592,0.5868146510374082,0.28311157988985314,-0.23180762519053016,-0.9649886301974224,0.0,1.0,5
-0.6110197510196944,0.0430821199913643,-0.25828439009523335,1.7122463808176638,-0.46350510675023066,-0.6438479618711667,0.16964805105619557,0.3039772970186344,-0.15056652811390175,-0.6936540268482748,0.03969892539204922,0.0,1.0,6
1.282143632848414,0.9436779031099366,-0.7351480179686981,-0.6337157923346513,0.8272695022110776,-0.5286600440919229,-1.3395881566227694,0.8253521785231333,0.6548356724645014,1.945468268338837,0.458318740220996,1.0,0.0,6
-0.5352932156649703,-0.257116474381493,-0.1901610146847387,-0.6224371280406498,-0.5161897846670188,-1.277381509657007,1.6966399788255013,-0.27192044791114933,-0.21252054354301114,0.5599290633656034,-0.5463688153684757,0.0,1.0,5
-0.5352932156649703,-1.0976725386254935,0.08233248695724127,-0.047225249046572514,-0.35813575091665456,0.8535949692590012,-0.007909149847212065,-0.851225871805037,-0.2744745589721178,-0.6276759694685969,0.542042703186785,0.0,1.0,6
2.342315127814555,-0.5573150687543503,1.104183118114665,-0.6337157923346513,-0.38447808987504845,-0.12550233186457005,0.8798768546698261,1.1933815066439382,-0.21252054354301114,0.3619948912265698,-0.7138167413000552,0.0,1.0,5
-0.23238707424607272,0.883638184235365,-0.8713947687896879,-0.7465024352746664,0.5901884515855313,-0.9894117152088977,-1.5704125177971993,0.3312387287312768,0.9646057496100402,0.6918851781249591,-0.6300927783342647,1.0,0.0,6
1.5850497742673118,0.883638184235365,0.28670261318872586,-0.7465024352746664,0.6428731295023195,-1.5653513041051161,-1.7834811588812884,0.8594289681639458,0.28311157988985314,1.6155779814404485,0.29087081428941786,1.0,0.0,6
-0.3081136096007975,-0.31715619325606453,-1.0757648950211727,-0.8141744210386755,-0.4898474457086247,5.317126783204694,2.13165512103885,-0.783072292523412,-0.4603366052594433,-0.42974179732956375,-0.4626448524026866,0.0,1.0,4
2.0394089863956575,0.0430821199913643,0.6273194902412005,-0.6111584637466483,0.6955578074191077,-1.1045996329881413,-0.9489623146352726,1.2615350859255632,-0.08861251268479507,-0.23180762519053016,-0.8812646672316334,1.0,0.0,5
2.7209478045881768,0.763558746486222,0.7635662410621905,-0.6562731209226543,3.013683635757784,-0.1830962907541919,-0.8601837141835688,1.2615350859255632,-0.33642857440122725,1.4836218666810927,0.2071468513236288,1.0,0.0,6
0.8277844207200683,-0.5573150687543503,0.08233248695724127,-0.5660438065706422,-0.09471236133271399,-1.0470056740985194,-0.7536493936415242,-0.1560593631323718,-2.0711410064162497,-0.36376373994988587,-0.8812646672316334,0.0,1.0,5
0.6763313500106188,2.3245914372250804,-2.1657389015890915,-0.5660438065706422,0.6428731295023195,-1.0470056740985194,-1.6059239579778808,1.1865661487157682,0.9646057496100402,-0.49571985470924124,-0.7975407042658443,1.0,0.0,4
-0.0052074681818998474,-0.9175533820017792,-0.05391426386374872,0.29113467977347296,-0.5952168015422008,-0.7590358796504103,-0.20322207084096047,-0.49341958057646823,-0.4603366052594433,-0.09985151043117445,0.7094906291183647,0.0,1.0,7
-0.6110197510196944,0.3432807143642219,-0.46265451632671833,-0.18256922057459063,-0.647901479458989,-0.874223797429654,-0.41629071192504963,-1.5736538121903445,0.22115756446074375,-0.09985151043117445,2.132797999536783,0.0,1.0,6
-0.913925892438592,-0.07699731775777843,0.014209111546746275,1.7799183665816731,-0.06837002237431992,-1.3925694274362506,-0.02566486993755283,0.4164307028333458,0.4689736261771759,0.164060719087537,0.7932145920841537,1.0,0.0,4
-0.15666053889134865,-0.7974739442526363,-0.25828439009523335,0.8099532372975426,-0.3054510729998664,0.3928432981420265,1.8919528998192496,0.30738497598270054,0.15920354903163708,0.03210460432818127,-0.1277490005395289,0.0,1.0,6
-0.6867462863744191,1.964353123977652,1.104183118114665,1.7122463808176638,-0.12105470029110807,1.5447224759344633,1.9097086199095905,1.1593047170031259,-0.33642857440122725,-0.09985151043117445,-1.0487125931632115,0.0,1.0,6
-1.1411054985027649,0.2532211360523646,-1.8932453999471122,1.7122463808176638,-0.5952168015422008,-0.4710660852023011,0.0098465702431287,0.648152872390863,0.3450655953189598,0.6259071207452813,-0.5463688153684757,0.0,1.0,6
-1.3682851045669377,-0.7374342253780647,0.21857923777823088,0.33624933694947906,-0.7269284963341711,-0.24069024964381375,-0.4873135922864127,-1.2192551999258419,0.40701961074806925,-0.6276759694685969,1.6304542217420472,0.0,1.0,7
-1.5197381752763865,-0.0169575988832069,0.3548259885992209,0.26857735118547,-0.674243818417383,0.6808130925901357,0.32944953186926246,-1.2737780633511646,0.15920354903163708,-0.8256101416076306,1.6304542217420472,0.0,1.0,6
-0.0052074681818998474,-0.0169575988832069,0.014209111546746275,-0.5660438065706422,0.8799541801278657,0.7384070514797575,-0.02566486993755283,0.7163064516725258,0.592881657035392,1.6815560388201263,0.458318740220996,1.0,0.0,5
-0.38384014495552155,-0.257116474381493,0.8316896164726855,3.0995220889798505,0.010656994500862296,2.005474147051438,1.945220060090272,1.7249794250406734,-0.7081526669758754,-0.03387345305149659,-1.216160519094791,0.0,1.0,5
1.7365028449767599,0.4633601521133647,0.6273194902412005,-0.6111584637466483,-0.5952168015422008,-0.4710660852023011,0.5425181729533516,0.2051546070602631,-1.0179227441214143,-0.09985151043117445,0.37459477725520696,0.0,1.0,6
-0.38384014495552155,-0.37719591213063575,-0.05391426386374872,0.5392652942415064,-0.4108204288334425,-1.3349754685466286,-0.5938479128284573,-0.6672112077446345,-1.1418307749796304,-0.42974179732956375,0.7094906291183647,0.0,1.0,8
0.6006048146558948,1.4239956541065082,-1.0757648950211727,-0.6788304495106573,1.6702243488796873,-1.5653513041051161,-1.907771199513674,0.014324585071690564,-0.026658497255685663,0.296016833846892,0.542042703186785,1.0,0.0,6
0.8277844207200683,-1.0976725386254935,0.3548259885992209,0.6520519371815215,-0.8322978521677473,0.45043725703164833,-0.1321991904795974,-0.49001190161236424,-1.8233249446998174,-1.0895223711263415,1.1281104439473115,0.0,1.0,6
-0.838199357083868,-1.0976725386254935,0.3548259885992209,-0.8818464068026846,-0.674243818417383,0.3928432981420265,-0.30975639138300504,-0.783072292523412,1.0885137804682563,0.296016833846892,-0.044025037573739836,0.0,1.0,6
-0.15666053889134865,-1.0976725386254935,0.014209111546746275,-0.8818464068026846,-0.647901479458989,-0.06790837297494821,-0.611603632918798,-1.6281766756156295,0.035295518173421,-1.1555004285060195,1.2955583698788895,0.0,1.0,6
0.6006048146558948,0.16316155774050736,-0.05391426386374872,-0.06978257763457546,-0.4898474457086247,-1.5653513041051161,0.22291521132721787,-0.8989333773021896,-2.0091869909871427,1.2197096371623812,1.2955583698788895,0.0,1.0,5
-0.15666053889134865,-0.6173547876289218,-0.12203763927424371,0.38136399412548516,-0.46350510675023066,0.3928432981420265,0.18740377114653634,-0.04701363628176432,-0.15056652811390175,-0.9575662563669859,-0.5463688153684757,0.0,1.0,5
0.07051906717282422,0.22320127661507888,-0.5989012671477081,0.33624933694947906,-0.17373937820789603,-0.7014419207607885,-0.22097779093130124,-0.4968272595405343,-0.7701066824049821,0.09808266170785913,0.542042703186785,0.0,1.0,4
-0.0052074681818998474,1.814253826791223,-2.1657389015890915,-0.7013877780986604,1.0643505528366244,-0.874223797429654,-1.3395881566227694,0.7674216361337445,0.9026517341809336,0.296016833846892,-1.132436556129002,1.0,0.0,6
1.2064170974936899,-0.6773945065034932,2.8753908787875333,-0.4081425064546209,-0.38447808987504845,-0.874223797429654,0.2051594912368771,-0.37415081683362456,-1.2657388058378465,-0.1658295678108523,0.542042703186785,0.0,1.0,6
1.5850497742673118,0.40332043323879313,0.49107273942021085,-0.6337157923346513,0.19505336720962063,-1.0470056740985194,-1.4816339173454955,1.3296886652071882,0.22115756446074375,0.757863235504637,-0.2951969264711085,1.0,0.0,5
-0.6110197510196944,-0.8575136631272077,0.014209111546746275,-0.430699835042624,-0.4108204288334425,-0.7014419207607885,0.2051594912368771,-1.0556866096499498,1.2743758267555818,-0.7596320842279527,1.2118344069131004,0.0,1.0,6
0.2976986732369971,0.3432807143642219,-0.1901610146847387,-0.7013877780986604,0.5638461126271372,-0.06790837297494821,-0.8601837141835688,0.8866903998765882,1.398283857613798,0.3619948912265698,-0.8812646672316334,1.0,0.0,6
0.22197213788227302,0.22320127661507888,0.08233248695724127,0.9452972088255608,-0.35813575091665456,-0.6438479618711667,0.027602290333469462,-0.019752204569121908,-0.8940147132631981,-0.7596320842279527,0.7094906291183647,0.0,1.0,6
1.0549640267842404,-0.0169575988832069,0.28670261318872586,-0.8141744210386755,-0.3054510729998664,-1.1045996329881413,0.08086945060449176,0.3619078394080232,-0.33642857440122725,-0.42974179732956375,-0.9649886301974224,0.0,1.0,4
0.07051906717282422,-0.9175533820017792,-0.46265451632671833,-0.8141744210386755,-0.14739703924950215,0.6232191337005138,-0.1321991904795974,-0.2310283003421668,1.8939159810466595,0.8238412928843148,-0.044025037573739836,0.0,1.0,7
-0.08093400353662458,2.2345318589132233,-2.1657389015890915,-0.5998797994526467,0.37944973991837877,-0.5286600440919229,-1.1975423959000433,0.6208914406782207,0.40701961074806925,-0.5616979120889191,-0.9649886301974224,1.0,0.0,5
-0.0052074681818998474,-0.8575136631272077,1.9897869984510992,2.524310209985773,-0.35813575091665456,-0.9318177563192758,-0.20322207084096047,1.4319190341296635,-1.0179227441214143,-1.1555004285060195,-1.132436556129002,0.0,1.0,6
1.5850497742673118,-0.19707675550692147,1.1723064935251601,-0.8367317496266786,-0.38447808987504845,0.220061421473161,0.5780296131340331,0.10292423813782568,-0.7081526669758754,-0.49571985470924124,-0.6300927783342647,0.0,1.0,5
-0.08093400353662458,-0.0169575988832069,-0.25828439009523335,-0.6788304495106573,0.6692154684607136,0.04727954480429546,-0.8246722740028872,0.8321675364513034,1.398283857613798,-0.36376373994988587,-0.9649886301974224,1.0,0.0,5
-0.7624728217291432,-0.4972753498797788,0.014209111546746275,2.321294252693746,-0.674243818417383,1.9478801881618162,1.252746976566982,1.312650270386782,0.5309276416062852,0.49395100598592556,-0.9649886301974224,0.0,1.0,5
-0.6110197510196944,0.5834395898625077,-0.3945311409162233,-0.6788304495106573,-0.06837002237431992,-0.5862540029815447,1.1639683761152784,0.23923139670107557,2.203686058192201,0.2300387764672141,-0.4626448524026866,0.0,1.0,5
-0.08093400353662458,0.2832409954896504,0.21857923777823088,1.689689052229661,-0.33179341195826045,-0.24069024964381375,-0.7536493936415242,-0.13561328934789943,-0.33642857440122725,-1.6173468301637641,0.8769385550499428,0.0,1.0,5
0.6006048146558948,-0.6773945065034932,-0.25828439009523335,-0.5209291493946361,-0.2264240561246842,1.0839708048174885,0.8976325747601669,0.23923139670107557,0.22115756446074375,1.2197096371623812,-0.8812646672316334,0.0,1.0,6
-0.08093400353662458,1.3039162163573657,-1.2120116458421626,-0.7690597638626695,0.5638461126271372,-1.3349754685466286,-1.7124582785199254,0.48458428211497073,0.28311157988985314,0.5599290633656034,-1.0487125931632115,1.0,0.0,5
-0.23238707424607272,-0.37719591213063575,-0.25828439009523335,1.6220170664656517,-0.38447808987504845,1.256752681486354,0.43598385241130705,0.24604675462924563,-1.2037847904087398,0.164060719087537,-0.1277490005395289,0.0,1.0,6
0.5248782793011707,-1.0976725386254935,2.1941571246825844,2.7047688386897972,-0.17373937820789603,2.2358499826099254,1.6966399788255013,2.0112244580235132,-0.4603366052594433,-0.1658295678108523,-1.0487125931632115,0.0,1.0,7
0.22197213788227302,-0.19707675550692147,1.30855324434615,2.2085076097537306,-0.46350510675023066,1.8326922703825725,1.5901056582834567,1.2615350859255632,-1.0179227441214143,0.4279729486062477,-0.8812646672316334,0.0,1.0,5
-0.838199357083868,-0.19707675550692147,0.3548259885992209,0.7648385801215367,-0.674243818417383,2.293443941499547,0.9864111752118707,-0.37415081683362456,1.2124218113264724,-0.891588198987308,0.9606625180157319,0.0,1.0,8
0.37342520859172185,-0.6173547876289218,-0.1901610146847387,2.321294252693746,-0.33179341195826045,0.5080312159212702,1.412548457380049,1.2615350859255632,-1.0179227441214143,-0.42974179732956375,-0.7975407042658443,0.0,1.0,7
-1.2168320338574896,-0.7974739442526363,-0.5307778917372133,-0.13745456339858453,-0.7796131742509592,0.3928432981420265,0.6312967734050554,-1.1919937682131996,0.4689736261771759,-1.4853907154044084,0.7932145920841537,0.0,1.0,7
-1.2925585692122137,-1.2177519763746365,-0.3264077655057283,-0.09233990622257862,-0.7269284963341711,-0.4710660852023011,-0.1854663507506197,0.13700102777863815,0.7167896878936081,-0.6276759694685969,-1.2998844820605802,0.0,1.0,5
-1.4440116399216625,-0.07699731775777843,-0.12203763927424371,-0.8592890782146816,-0.2264240561246842,-0.29828420853343557,0.08086945060449176,-1.3794161112376682,0.592881657035392,0.5599290633656034,0.6257666661525756,0.0,1.0,6
-0.38384014495552155,-0.6173547876289218,0.49107273942021085,-0.4758144922186301,3.066368313674572,1.8902862292721943,0.7555868140374408,-0.27192044791114933,-0.7701066824049821,-1.2874565432653748,-0.9649886301974224,0.0,1.0,6
0.5248782793011707,0.01306226055407853,1.30855324434615,2.321294252693746,-0.25276639508307824,1.3719405992655977,1.0041668953022116,1.4319190341296635,-0.8320606978340915,-0.1658295678108523,-1.216160519094791,0.0,1.0,5
0.6006048146558948,0.16316155774050736,0.014209111546746275,-0.7690597638626695,-0.4371627677918366,0.1048735036939173,0.9153882948505077,-0.851225871805037,-1.3896468366960626,0.09808266170785913,0.6257666661525756,0.0,1.0,7
-0.38384014495552155,0.40332043323879313,0.7635662410621905,-0.4983718208066331,0.5111614347103491,-0.4710660852023011,-1.0732523552676578,0.4164307028333458,1.2124218113264724,4.122744161868204,0.03969892539204922,1.0,0.0,6
-0.08093400353662458,-0.9175533820017792,-0.25828439009523335,-0.3179131921026088,-0.6215591405005949,-0.8166298385400321,-0.6471150730994796,-0.5104579753968744,-1.9472329755580335,1.6155779814404485,0.7094906291183647,0.0,1.0,6
0.4491517439464459,2.504710593848795,-1.8932453999471122,-0.6111584637466483,0.932638858044654,-0.874223797429654,-1.0732523552676578,0.8526136102357758,0.22115756446074375,0.757863235504637,-0.6300927783342647,1.0,0.0,5
0.14624560252754895,-0.9175533820017792,1.1723064935251601,0.9678545374135641,-0.7005861573757771,-0.24069024964381375,0.3116938117789217,-0.1696900789887119,-1.451600852125169,-1.4194126580247306,0.37459477725520696,0.0,1.0,7
-1.0653789631480408,-0.7974739442526363,0.014209111546746275,-0.7690597638626695,-0.3054510729998664,0.45043725703164833,-0.34526783156368657,-1.7167763286817646,0.035295518173421,2.671226899515293,1.5467302587762581,0.0,1.0,8
-0.15666053889134865,-0.19707675550692147,-0.3945311409162233,0.5392652942415064,0.326765062001591,-0.12550233186457005,0.8088539743084631,0.30738497598270054,-0.5842446361176594,-0.49571985470924124,-0.6300927783342647,0.0,1.0,6
1.357870168203138,-0.19707675550692147,1.1723064935251601,0.42647865130149126,-0.5952168015422008,-0.24069024964381375,-0.41629071192504963,-0.27192044791114933,-1.451600852125169,-1.2874565432653748,0.7932145920841537,0.0,1.0,5
-1.1411054985027649,-0.6773945065034932,-0.46265451632671833,0.663330601475523,-0.38447808987504845,-0.8166298385400321,-0.11444347038925665,0.12337031192229804,1.3363298421846885,0.49395100598592556,-0.21147296350531794,0.0,1.0,6
-0.38384014495552155,-0.5573150687543503,-0.5989012671477081,0.49415063706550033,-0.4898474457086247,1.7750983114929506,1.874197179728909,0.23923139670107557,-0.5222906206885499,-1.2214784858856973,-0.8812646672316334,0.0,1.0,5
-1.3682851045669377,-0.46725549044249304,-0.25828439009523335,0.6294946085935185,-0.12105470029110807,-0.1830962907541919,-0.41629071192504963,-0.060644352138104436,-0.21252054354301114,-1.0235443137466638,-0.1277490005395289,0.0,1.0,6
-1.4440116399216625,1.3639559352319366,-2.0976155261785965,-0.7465024352746664,-0.06837002237431992,-1.4501633863258725,-1.5526567977068586,-0.37415081683362456,2.1417320427630915,2.0114463257185147,1.6304542217420472,1.0,0.0,7
0.4491517439464459,-0.6173547876289218,-0.9395181442001829,0.38136399412548516,-0.27910873404147235,0.16246746258353914,0.8088539743084631,0.6140760827500505,-0.15056652811390175,0.164060719087537,-0.6300927783342647,0.0,1.0,6
-0.5352932156649703,0.3432807143642219,-0.05391426386374872,-0.3404705206906119,-0.27910873404147235,-0.4710660852023011,0.5780296131340331,-1.450977369483397,-0.4603366052594433,-1.4853907154044084,1.2118344069131004,0.0,1.0,7
-0.838199357083868,-0.0169575988832069,0.9679363672936755,-0.06978257763457546,-0.7269284963341711,-0.5286600440919229,-0.36302355165402733,-1.1919937682131996,0.40701961074806925,0.5599290633656034,1.4630062958104693,0.0,1.0,6
-0.38384014495552155,-0.6773945065034932,-0.3945311409162233,-0.8141744210386755,0.08968401137604433,0.16246746258353914,0.7023196537664185,-0.37415081683362456,0.09724953360253041,0.164060719087537,-0.8812646672316334,0.0,1.0,6
0.6006048146558948,-0.43723563100520724,-0.5307778917372133,-0.8592890782146816,-0.33179341195826045,-0.5862540029815447,-0.22097779093130124,-0.5445347650376869,0.3450655953189598,-0.7596320842279527,0.29087081428941786,0.0,1.0,5
0.37342520859172185,-0.6173547876289218,-0.3264077655057283,-0.7239451066866635,-0.14739703924950215,1.256752681486354,1.341525577018686,-0.5786115546784993,0.035295518173421,-0.23180762519053016,0.2071468513236288,0.0,1.0,6
-0.6110197510196944,-0.257116474381493,0.8998129918831804,-0.3404705206906119,3.698584448676029,2.6390076948372783,1.1639683761152784,-0.10153649970708697,-1.2657388058378465,-0.9575662563669859,-1.216160519094791,0.0,1.0,6
-0.6867462863744191,-0.6173547876289218,2.8753908787875333,-0.8141744210386755,3.0400259747161775,-0.35587816742305745,-0.11444347038925665,-0.4423043961152495,0.28311157988985314,-0.9575662563669859,-0.5463688153684757,0.0,1.0,6
-0.23238707424607272,-0.31715619325606453,-0.12203763927424371,0.7197239229455304,-0.8059555132093533,0.2776553803627828,-0.04342059002789359,-1.0420558937936095,-1.3896468366960626,-1.0895223711263415,1.4630062958104693,0.0,1.0,6
0.07051906717282422,1.2438764974827943,-1.9613687753576068,-0.7690597638626695,0.4057920788767728,-0.7590358796504103,-1.286320996351747,0.3755385552643633,0.9026517341809336,-0.36376373994988587,-1.2998844820605802,1.0,0.0,4
0.5248782793011707,2.534730453286081,-2.1657389015890915,-0.6788304495106573,0.7219001463775018,-1.219787550767385,-1.6414353981585623,0.576591614145172,0.6548356724645014,0.9557974076436706,0.29087081428941786,1.0,0.0,6
-0.23238707424607272,-0.31715619325606453,0.014209111546746275,0.1783480368334578,-0.4371627677918366,-0.8166298385400321,-0.04342059002789359,-0.5104579753968744,-1.1418307749796304,0.296016833846892,0.542042703186785,0.0,1.0,5
-1.0653789631480408,1.2738963569200799,-0.3945311409162233,-0.11489723481058156,-0.09471236133271399,-0.7590358796504103,0.2051594912368771,-0.0674597100662745,0.09724953360253041,-0.49571985470924124,-1.216160519094791,0.0,1.0,5
0.5248782793011707,-1.0976725386254935,-0.12203763927424371,-0.047225249046572514,-0.5161897846670188,0.3928432981420265,1.0041668953022116,0.7503832413133383,1.5221918884720138,-0.6276759694685969,-1.2998844820605802,0.0,1.0,4
0.2976986732369971,-0.9175533820017792,0.014209111546746275,3.0995220889798505,-0.25276639508307824,0.1048735036939173,1.3947927372897082,1.922624804957416,-0.7701066824049821,-0.23180762519053016,-1.0487125931632115,0.0,1.0,7
-1.5954647106311113,0.4633601521133647,-2.1657389015890915,-0.7239451066866635,-0.33179341195826045,-0.7014419207607885,-0.4695578721960719,-0.9977560672605609,2.823226212483281,1.2856876945420592,2.55141781436573,1.0,0.0,7
-0.15666053889134865,1.4239956541065082,-1.3482583966631525,-0.7013877780986604,0.9062965190862599,0.220061421473161,0.16964805105619557,0.3755385552643633,1.3363298421846885,-0.36376373994988587,-0.044025037573739836,1.0,0.0,5
0.6763313500106188,-0.4972753498797788,-0.12203763927424371,0.6294946085935185,-0.2000817171662901,0.5080312159212702,0.6668082135857369,0.30738497598270054,-1.451600852125169,0.296016833846892,-0.4626448524026866,0.0,1.0,6
0.7520578853653429,-0.6173547876289218,1.1723064935251601,0.9678545374135641,-0.4898474457086247,1.256752681486354,0.8621211345794854,0.23923139670107557,-1.2657388058378465,-1.3534346006450526,0.03969892539204922,0.0,1.0,6
-0.15666053889134865,-0.6773945065034932,0.21857923777823088,-0.8141744210386755,-0.5425321236254129,0.04727954480429546,-0.02566486993755283,-1.1238401889315746,-0.39838258983033387,-0.36376373994988587,0.2071468513236288,0.0,1.0,7
1.357870168203138,-0.7374342253780647,1.1723064935251601,1.2159851518815974,-0.2264240561246842,1.256752681486354,1.4303041774703897,1.4319190341296635,0.5309276416062852,-0.6276759694685969,-0.2951969264711085,0.0,1.0,6
-0.23238707424607272,-0.257116474381493,-0.7351480179686981,0.49415063706550033,-0.3054510729998664,1.3719405992655977,1.341525577018686,0.4948073190072069,-0.026658497255685663,-0.36376373994988587,-0.9649886301974224,0.0,1.0,5
-0.7624728217291432,0.10312183886593582,-0.3945311409162233,1.847590352345682,-0.14739703924950215,1.3719405992655977,1.5368384980124343,1.0570743480806883,0.15920354903163708,-0.49571985470924124,-1.2998844820605802,0.0,1.0,5
1.2064170974936899,-0.6173547876289218,1.512923370577635,-0.5660438065706422,0.6955578074191077,-0.29828420853343557,-1.0199851949966356,1.2956118755663757,1.0265597650391496,0.03210460432818127,-1.132436556129002,1.0,0.0,5
-0.6110197510196944,0.22320127661507888,-0.3945311409162233,0.7197239229455304,-0.35813575091665456,-0.12550233186457005,-0.29200067129266427,-0.7353647870262594,-1.451600852125169,-1.4853907154044084,0.7094906291183647,0.0,1.0,6
-0.6110197510196944,-0.43723563100520724,-1.0076415196106776,0.7648385801215367,-0.33179341195826045,1.717504352603329,1.4835713377414121,0.43687677661781815,-0.08861251268479507,-0.42974179732956375,-0.9649886301974224,0.0,1.0,5
-0.15666053889134865,-0.19707675550692147,1.3766766197566451,-0.7465024352746664,-0.7269284963341711,-1.4501633863258725,-0.9489623146352726,-0.919379451086662,-0.9559687286923076,-0.6936540268482748,-0.1277490005395289,0.0,1.0,5
0.8277844207200683,1.5440750918556512,-0.46265451632671833,-0.6337157923346513,1.617539670962899,-1.219787550767385,-1.35734387671311,0.5663685772529358,-0.4603366052594433,-0.03387345305149659,-0.6300927783342647,1.0,0.0,5
-0.5352932156649703,-0.4972753498797788,-0.3264077655057283,1.7799183665816731,-0.33179341195826045,2.2358499826099254,1.785418579277205,0.7503832413133383,-0.33642857440122725,-0.6936540268482748,-0.4626448524026866,0.0,1.0,6
1.2064170974936899,1.6041148107302228,-1.2120116458421626,-0.5886011351586452,0.27408038408480284,-1.1621935918777633,-1.286320996351747,0.8185368205949632,-0.21252054354301114,0.3619948912265698,-0.8812646672316334,1.0,0.0,5
-0.3081136096007975,-0.4972753498797788,1.649170121398625,1.5543450807016428,-0.35813575091665456,1.9478801881618162,1.9807315002709536,0.8526136102357758,-1.2657388058378465,0.6259071207452813,-1.0487125931632115,0.0,1.0,5
0.6763313500106188,-0.37719591213063575,0.5591961148307059,0.42647865130149126,-0.17373937820789603,-0.010314414085326379,-0.30975639138300504,0.2051546070602631,0.22115756446074375,-0.6276759694685969,-0.37892088943689756,0.0,1.0,6
-0.3081136096007975,-0.257116474381493,-0.6670246425582032,0.26857735118547,0.08968401137604433,0.6232191337005138,1.341525577018686,1.3910268865606807,-0.2744745589721178,-0.1658295678108523,-1.132436556129002,0.0,1.0,5
-0.913925892438592,-0.0169575988832069,0.014209111546746275,-0.27279853492660283,-0.33179341195826045,-0.9894117152088977,0.027602290333469462,-1.164732336500557,1.0265597650391496,-0.6276759694685969,1.0443864809815224,0.0,1.0,7
-0.4595666803102463,0.4633601521133647,-1.2801350212526574,1.7573610379936702,-0.33179341195826045,-0.24069024964381375,0.7733425341277815,1.0979664956496709,0.09724953360253041,-0.42974179732956375,-1.2998844820605802,0.0,1.0,5
0.6006048146558948,-0.9175533820017792,0.28670261318872586,-0.7239451066866635,-0.17373937820789603,-0.8166298385400321,-0.540580752557435,-0.3059972375519618,-0.4603366052594433,-0.5616979120889191,-0.6300927783342647,0.0,1.0,7
-0.4595666803102463,-1.0376328197509221,-0.25828439009523335,-0.7239451066866635,-0.38447808987504845,1.8326922703825725,1.1284569359345968,-0.8375951559486968,-0.4603366052594433,-0.7596320842279527,-0.2951969264711085,0.0,1.0,5
-0.23238707424607272,-0.257116474381493,-0.12203763927424371,1.249821144763602,-0.5161897846670188,-1.5077573452154942,-1.5349010776165177,-0.9057487352303218,-0.9559687286923076,-1.4194126580247306,1.7979021476736254,0.0,1.0,6
-0.15666053889134865,0.5233998709879362,0.28670261318872586,-0.7690597638626695,0.8536118411694718,-0.9318177563192758,-1.375099596803451,0.5629608982888319,0.7167896878936081,0.164060719087537,-1.132436556129002,1.0,0.0,6
-0.23238707424607272,0.5834395898625077,-0.9395181442001829,1.5317877521136398,-0.14739703924950215,-0.24069024964381375,0.2051594912368771,1.0229975584398758,0.035295518173421,-0.36376373994988587,-1.216160519094791,0.0,1.0,5
-0.0052074681818998474,-0.6173547876289218,0.5591961148307059,2.8965061316878233,-0.2000817171662901,1.1415647637071105,1.252746976566982,1.8749172994602634,0.7167896878936081,-0.7596320842279527,-0.7975407042658443,0.0,1.0,5
-0.23238707424607272,-0.4972753498797788,0.08233248695724127,1.7122463808176638,-0.14739703924950215,1.659910393713707,1.0396783354828931,1.1933815066439382,1.0265597650391496,-1.0235443137466638,-0.5463688153684757,0.0,1.0,5
-0.913925892438592,-0.4972753498797788,-0.9395181442001829,0.44903597988949423,-0.04202768341592585,1.1415647637071105,1.412548457380049,0.4811766031508668,-0.08861251268479507,-0.6936540268482748,-1.2998844820605802,0.0,1.0,5
-0.23238707424607272,-0.9775931008763507,0.4229493640097159,0.33624933694947906,-0.46350510675023066,-0.5862540029815447,-0.07893203020857512,-0.0674597100662745,-0.7701066824049821,-0.7596320842279527,-0.044025037573739836,0.0,1.0,5
-0.5352932156649703,1.964353123977652,-2.1657389015890915,-0.16001189198658766,0.010656994500862296,-1.1045996329881413,-1.6769468383392439,0.1301856698504681,1.398283857613798,0.164060719087537,1.0443864809815224,1.0,0.0,4
-0.3081136096007975,-0.07699731775777843,-0.25828439009523335,-0.8592890782146816,-0.647901479458989,0.45043725703164833,0.2939380916885809,-1.9076063506703371,-0.21252054354301114,-0.8256101416076306,2.049074036570994,0.0,1.0,6
-0.3081136096007975,-0.5573150687543503,-0.25828439009523335,-0.0021105918705664113,-0.5688744625838068,0.6808130925901357,0.2051594912368771,-1.369193074345432,-0.646198651546766,-1.0235443137466638,1.7141781847078363,0.0,1.0,7
0.07051906717282422,-0.5573150687543503,0.6954428656516954,2.0731636382257124,-0.4108204288334425,1.5447224759344633,1.19947981629596,1.7386101408970134,0.40701961074806925,1.4176438093014148,-1.216160519094791,0.0,1.0,7
-0.08093400353662458,0.2832409954896504,-1.3482583966631525,-0.6562731209226543,0.2213957061680147,-0.9318177563192758,-1.6059239579778808,-0.6740265656728046,0.4689736261771759,-0.03387345305149659,2.3002459254683627,1.0,0.0,6
0.14624560252754895,-0.8575136631272077,0.28670261318872586,-0.8592890782146816,-0.4898474457086247,0.7960010103693794,-0.06117631011823436,-0.6467651339601244,0.8406977187518241,-1.2874565432653748,-0.5463688153684757,0.0,1.0,6
-0.6110197510196944,-0.31715619325606453,-0.803271393379193,2.388966238457755,-0.4371627677918366,-0.5862540029815447,0.48925101268232934,0.5799992931092381,-0.7701066824049821,0.03210460432818127,0.03969892539204922,0.0,1.0,5
-0.4595666803102463,-0.9775931008763507,-0.3945311409162233,2.7724408244538066,-0.14739703924950215,-0.7590358796504103,0.6135410533147146,1.3296886652071882,-1.3896468366960626,-0.6936540268482748,-0.9649886301974224,0.0,1.0,6
-0.4595666803102463,-0.31715619325606453,2.8072675033770382,-0.6337157923346513,-0.7796131742509592,-0.5286600440919229,-0.39853499183470886,-1.532761664621362,-0.646198651546766,-0.36376373994988587,1.5467302587762581,0.0,1.0,6
0.07051906717282422,-0.257116474381493,0.08233248695724127,-0.6111584637466483,-0.35813575091665456,-0.12550233186457005,0.18740377114653634,-1.2465166316384844,0.7167896878936081,-0.6276759694685969,1.7141781847078363,0.0,1.0,7
0.6006048146558948,-0.257116474381493,0.28670261318872586,1.3513291234096154,-0.5952168015422008,-1.277381509657007,-0.7891608338222057,-0.326443311336472,-1.0798767595505236,-0.8256101416076306,1.3792823328446786,0.0,1.0,6
-1.5954647106311113,-0.07699731775777843,-0.3264077655057283,0.38136399412548516,-0.9113248690429295,0.7960010103693794,0.2584266515078994,-0.779664613559308,0.8406977187518241,-0.9575662563669859,0.37459477725520696,0.0,1.0,7
-0.08093400353662458,-0.13703703663234995,-0.12203763927424371,1.1031985089415821,-0.4108204288334425,1.8902862292721943,1.3770370171993676,0.6549682303190331,-0.646198651546766,-0.29778568257020804,-0.2951969264711085,0.0,1.0,6
-0.5352932156649703,-0.37719591213063575,-0.3945311409162233,0.8550678944735489,-0.4371627677918366,0.7960010103693794,0.43598385241130705,0.3755385552643633,0.592881657035392,-1.0895223711263415,-0.2951969264711085,0.0,1.0,6
2.6452212692334514,0.0430821199913643,1.44479999516714,-0.5434864779826392,0.35310740095998505,-1.4501633863258725,-1.747969718700607,0.9207671895174007,-0.4603366052594433,0.757863235504637,0.37459477725520696,1.0,0.0,8
-0.3081136096007975,-0.7374342253780647,0.21857923777823088,2.8175554816298125,-0.46350510675023066,0.45043725703164833,0.6845639336760777,1.6704565616153506,-0.08861251268479507,-0.7596320842279527,-1.2998844820605802,0.0,1.0,6
0.9792374914295164,0.16316155774050736,0.014209111546746275,-0.7239451066866635,0.24773804512640876,-0.24069024964381375,-1.1265195155386802,0.021139942999860623,0.9646057496100402,1.2197096371623812,1.0443864809815224,1.0,0.0,6
-1.8983708520500082,0.6734991681743651,-0.9395181442001829,-0.7013877780986604,-0.5425321236254129,0.16246746258353914,-0.14995491056993818,-2.3983121214980896,-0.08861251268479507,1.945468268338837,2.8863136662288875,0.0,1.0,7
-0.23238707424607272,-0.4972753498797788,0.4229493640097159,1.2385424804696004,-0.33179341195826045,0.16246746258353914,0.43598385241130705,0.2290083598088394,-1.0179227441214143,-0.23180762519053016,-0.21147296350531794,0.0,1.0,6
0.6763313500106188,-1.3378314141237795,1.1723064935251601,-0.8592890782146816,-0.38447808987504845,0.7384070514797575,0.8088539743084631,-0.37415081683362456,-0.5842446361176594,-0.36376373994988587,-0.7138167413000552,0.0,1.0,6
-0.7624728217291432,-0.7974739442526363,1.3766766197566451,0.33624933694947906,-0.25276639508307824,-0.12550233186457005,0.1518923309658548,-0.10835185763525704,-0.026658497255685663,-0.29778568257020804,-0.5463688153684757,0.0,1.0,6
-0.3081136096007975,1.964353123977652,-2.1657389015890915,-0.7013877780986604,0.6165307905439255,-0.4710660852023011,-1.3395881566227694,0.8560212891998418,1.0885137804682563,1.351665751921737,-0.7138167413000552,1.0,0.0,5
0.22197213788227302,-1.0376328197509221,0.15045586236773625,-0.8141744210386755,-0.5688744625838068,-0.9894117152088977,-0.22097779093130124,-0.919379451086662,-1.0798767595505236,1.351665751921737,0.37459477725520696,0.0,1.0,5
3.1753070167165225,-0.4972753498797788,0.8316896164726855,-0.3179131921026088,0.37944973991837877,-1.3925694274362506,-1.6947025584295847,1.397842244488851,-0.646198651546766,1.8794902109591591,-1.0487125931632115,1.0,0.0,6
-0.6867462863744191,0.10312183886593582,-0.803271393379193,-0.6788304495106573,-0.2264240561246842,1.0263768459278668,1.3592812971090267,-0.5445347650376869,-0.33642857440122725,-0.1658295678108523,-0.7975407042658443,0.0,1.0,5
-0.913925892438592,0.5233998709879362,0.15045586236773625,0.5843799514175123,-0.3054510729998664,-0.29828420853343557,0.06311373051415099,-0.776256934595242,-1.2037847904087398,-1.0895223711263415,0.37459477725520696,0.0,1.0,6
-1.5197381752763865,0.9436779031099366,-0.9395181442001829,-0.6788304495106573,-0.5425321236254129,-0.41347212631267927,0.2584266515078994,-1.7065532917895283,0.8406977187518241,1.5495999240607705,2.3839698884341516,0.0,1.0,7
1.2064170974936899,-0.6773945065034932,0.21857923777823088,1.2836571376456063,-0.4371627677918366,-0.24069024964381375,1.2172355363863006,1.3296886652071882,-1.8233249446998174,-0.29778568257020804,-1.216160519094791,0.0,1.0,6
-0.15666053889134865,1.123797059733651,-2.029492150768102,-0.9044037353906876,-0.5425321236254129,0.5080312159212702,-0.1321991904795974,-0.5104579753968744,-0.15056652811390175,-1.4194126580247306,-1.2998844820605802,0.0,1.0,5
-1.0653789631480408,-0.31715619325606453,-1.825122024536617,-0.9495183925666938,-0.4898474457086247,-1.1045996329881413,-1.4993896374358362,-0.7149187132417871,0.8406977187518241,-1.2214784858856973,-1.132436556129002,0.0,1.0,5
-0.38384014495552155,-0.07699731775777843,0.15045586236773625,0.5618226228295093,-0.5425321236254129,0.5080312159212702,0.16964805105619557,-1.1136171520393006,-1.451600852125169,-1.4194126580247306,1.5467302587762581,0.0,1.0,8
-1.0653789631480408,0.0430821199913643,-0.1901610146847387,-0.4081425064546209,-0.5952168015422008,0.6232191337005138,0.6490524934953962,-1.1238401889315746,0.7787437033227175,0.296016833846892,0.9048465399144068,0.0,1.0,7
-0.3081136096007975,0.16316155774050736,2.398527250914069,-0.7916170924506725,3.1190529915913596,-0.8166298385400321,-0.29200067129266427,-0.701287997385447,-1.0179227441214143,0.164060719087537,-0.21147296350531794,0.0,1.0,6
-0.38384014495552155,0.5834395898625077,-0.6670246425582032,-0.16001189198658766,-0.647901479458989,-0.6438479618711667,-0.2742449512023235,-1.4816464801601434,0.22115756446074375,-0.03387345305149659,1.8816261106394159,0.0,1.0,7
-0.838199357083868,-0.6773945065034932,0.8998129918831804,1.2610998090576033,0.9853235359614421,1.0839708048174885,0.96865545512153,0.8492059312717096,-1.0798767595505236,0.03210460432818127,-1.4673324079921584,0.0,1.0,5
-0.7624728217291432,-0.7374342253780647,-0.3264077655057283,-0.7916170924506725,0.19505336720962063,-0.5862540029815447,0.3116938117789217,-0.23784365827033685,-0.026658497255685663,-0.49571985470924124,-1.132436556129002,0.0,1.0,6
0.8277844207200683,0.4633601521133647,2.0579103738615943,3.2123087319198653,-0.4371627677918366,0.6232191337005138,1.0219226153925522,1.9430708787418882,-1.5135548675542785,0.8898193502639927,-0.7138167413000552,0.0,1.0,5
-1.4440116399216625,0.5233998709879362,-1.4163817720736476,-0.8818464068026846,-0.7269284963341711,-1.3925694274362506,-1.1265195155386802,-1.2737780633511646,1.7700079501884434,-0.36376373994988587,0.542042703186785,0.0,1.0,4
0.7520578853653429,-1.1577122575000651,1.104183118114665,-0.5209291493946361,-0.12105470029110807,-0.35587816742305745,1.341525577018686,0.17107781741945063,1.7080539347593366,-0.5616979120889191,0.29087081428941786,0.0,1.0,7
0.2976986732369971,0.01306226055407853,-0.3945311409162233,-0.7013877780986604,-0.35813575091665456,-0.874223797429654,0.3472052519596032,-0.3059972375519618,-0.8940147132631981,-1.0235443137466638,-0.8812646672316334,0.0,1.0,5
-0.3081136096007975,2.0243928428522233,-1.5526285228946373,-0.25024120633859975,0.3004227230431969,-0.874223797429654,-1.517145357526177,0.2528621125574157,1.1504677958973657,-0.09985151043117445,0.458318740220996,1.0,0.0,4
0.6006048146558948,-0.07699731775777843,1.44479999516714,-0.5660438065706422,0.9062965190862599,-0.7014419207607885,-0.611603632918798,1.0570743480806883,0.9026517341809336,1.747534096199804,-0.7975407042658443,1.0,0.0,6
-0.6110197510196944,-1.0976725386254935,0.3548259885992209,-0.7916170924506725,-0.5161897846670188,-0.1830962907541919,-0.09668775029891588,-0.3571124220131805,0.9646057496100402,-0.23180762519053016,-0.6300927783342647,0.0,1.0,6
0.2976986732369971,2.0544127022895093,-0.5989012671477081,-0.6111584637466483,1.433143298254141,-0.5862540029815447,-0.540580752557435,0.648152872390863,-0.08861251268479507,0.49395100598592556,-1.0487125931632115,1.0,0.0,5
2.948127410652349,0.5834395898625077,0.6954428656516954,-0.6337157923346513,0.19505336720962063,-0.9318177563192758,-1.6947025584295847,1.0502589901525183,0.15920354903163708,0.2300387764672141,-0.1277490005395289,1.0,0.0,6
-0.7624728217291432,-0.37719591213063575,-0.3264077655057283,1.1934278232935944,-0.7005861573757771,-0.24069024964381375,-0.11444347038925665,-0.21058222655769443,-0.15056652811390175,-1.1555004285060195,0.12342288835783828,0.0,1.0,6
-1.1411054985027649,-1.4579108518729225,-0.3264077655057283,-0.8367317496266786,-0.25276639508307824,-0.5286600440919229,-0.25648923111198274,-0.5786115546784993,0.28311157988985314,-0.49571985470924124,-0.8812646672316334,0.0,1.0,5
-0.3081136096007975,-0.7974739442526363,0.5591961148307059,0.29113467977347296,-0.647901479458989,0.565625174810892,0.11638089078517329,-0.8035183663078844,-0.2744745589721178,-0.03387345305149659,1.2118344069131004,0.0,1.0,7
0.07051906717282422,-0.827493803689922,-0.05391426386374872,-0.7465024352746664,0.08968401137604433,0.220061421473161,-0.07893203020857512,0.6140760827500505,3.0710422741997134,1.0217754650233477,-0.044025037573739836,0.0,1.0,6
0.4491517439464459,-0.0169575988832069,0.21857923777823088,-0.7239451066866635,-0.38447808987504845,-1.277381509657007,0.9331440149408484,-1.2601473474948244,-0.7081526669758754,-0.8256101416076306,1.2955583698788895,0.0,1.0,6
-0.08093400353662458,-0.257116474381493,0.9679363672936755,-0.7916170924506725,0.24773804512640876,-0.06790837297494821,0.32944953186926246,-1.3283009267764494,-0.646198651546766,0.03210460432818127,1.7979021476736254,0.0,1.0,6
-0.6110197510196944,0.0430821199913643,0.21857923777823088,0.1332333796574517,-0.5952168015422008,-1.219787550767385,0.5957853332243739,-0.02997524146135808,-0.33642857440122725,-0.23180762519053016,-0.6300927783342647,0.0,1.0,4
0.37342520859172185,2.2345318589132233,-2.0976155261785965,-0.6562731209226543,0.19505336720962063,0.04727954480429546,-1.2685652762614064,-0.2685127689470832,1.1504677958973657,0.2300387764672141,1.0443864809815224,1.0,0.0,6
-0.15666053889134865,-1.2177519763746365,0.6273194902412005,-0.9269610639786906,-0.5161897846670188,-0.4710660852023011,-0.34526783156368657,-1.0556866096499498,0.15920354903163708,-0.6936540268482748,0.29087081428941786,0.0,1.0,6
0.07051906717282422,-0.9175533820017792,-0.3264077655057283,2.0054916524617035,0.010656994500862296,0.8535949692590012,0.7200753738567592,1.2172352593925146,-1.7613709292707107,-0.8256101416076306,-1.4673324079921584,0.0,1.0,8
0.4491517439464459,-0.13703703663234995,0.08233248695724127,1.2159851518815974,-0.674243818417383,0.9687828870382449,1.412548457380049,0.8253521785231333,-0.9559687286923076,0.296016833846892,-0.7975407042658443,0.0,1.0,6
-0.38384014495552155,1.6041148107302228,-0.7351480179686981,-0.757781099568668,1.5911973320045054,0.565625174810892,2.229311581535724,-0.23784365827033685,-0.7081526669758754,0.2300387764672141,-1.0487125931632115,0.0,1.0,5
-0.15666053889134865,-1.0376328197509221,0.28670261318872586,0.3136920083614761,-0.04202768341592585,0.6808130925901357,0.1518923309658548,-0.4491197540434196,-0.7081526669758754,-0.23180762519053016,0.37459477725520696,0.0,1.0,8
0.6006048146558948,1.4239956541065082,-0.25828439009523335,-0.4081425064546209,0.24773804512640876,-0.5286600440919229,-0.007909149847212065,0.9548439791582132,-0.026658497255685663,0.03210460432818127,-0.9649886301974224,1.0,0.0,6
0.2976986732369971,1.2438764974827943,-0.7351480179686981,-0.6337157923346513,0.37944973991837877,-1.3349754685466286,-1.5349010776165177,0.648152872390863,0.3450655953189598,0.09808266170785913,-0.7138167413000552,1.0,0.0,5
-0.15666053889134865,-0.19707675550692147,-0.05391426386374872,0.9227398802375578,-0.5425321236254129,0.8535949692590012,0.4537395725016478,-0.7967030083797143,-1.5135548675542785,-1.4853907154044084,1.2118344069131004,0.0,1.0,7
-0.5352932156649703,-0.4972753498797788,2.8753908787875333,1.8701476809336854,-0.33179341195826045,2.1782560237203037,1.945220060090272,0.9207671895174007,-0.2744745589721178,0.03210460432818127,-0.8812646672316334,0.0,1.0,6
0.37342520859172185,-0.4972753498797788,0.014209111546746275,-0.8592890782146816,-0.4371627677918366,-0.24069024964381375,0.04535801042381023,-0.5104579753968744,-0.08861251268479507,0.164060719087537,0.2071468513236288,0.0,1.0,5
-0.6110197510196944,-0.19707675550692147,-0.25828439009523335,-0.5660438065706422,-0.46350510675023066,0.220061421473161,0.4004724122306255,-1.7167763286817646,-0.026658497255685663,-1.0235443137466638,1.7979021476736254,0.0,1.0,6
-0.4595666803102463,-0.6173547876289218,0.21857923777823088,0.6069372800055155,-0.674243818417383,0.3352493392524047,0.364960972049944,-0.23784365827033685,-0.21252054354301114,-1.0895223711263415,-0.044025037573739836,0.0,1.0,5
0.07051906717282422,-0.13703703663234995,-0.46265451632671833,0.49415063706550033,-0.015685344457531777,0.9687828870382449,1.1639683761152784,0.5459225034684256,-0.8940147132631981,-0.42974179732956375,-1.4673324079921584,0.0,1.0,5
0.8277844207200683,-0.37719591213063575,-0.3264077655057283,2.8175554816298125,-0.3054510729998664,1.0263768459278668,2.460135942710154,1.922624804957416,-1.2657388058378465,0.164060719087537,-1.216160519094791,0.0,1.0,6
2.872400875297625,-0.8575136631272077,1.104183118114665,-0.6788304495106573,7.544565936601561,-1.3925694274362506,-1.7124582785199254,1.1593047170031259,0.4689736261771759,1.1537315797827035,-0.044025037573739836,1.0,0.0,5
0.07051906717282422,-0.6173547876289218,0.15045586236773625,2.343851581281749,-0.17373937820789603,0.45043725703164833,1.0574340555732338,1.2956118755663757,-1.2037847904087398,-0.7596320842279527,-1.2998844820605802,0.0,1.0,6
-0.38384014495552155,-1.1577122575000651,0.014209111546746275,0.6520519371815215,-0.5952168015422008,-0.7590358796504103,-0.5938479128284573,0.21196996498843315,0.40701961074806925,-1.4853907154044084,-0.4626448524026866,0.0,1.0,6
-0.4595666803102463,2.9850283448453663,-1.9613687753576068,-0.6111584637466483,0.06334167241765026,0.1048735036939173,-1.1797866758097024,0.23923139670107557,1.8319619656175528,0.164060719087537,1.4630062958104693,1.0,0.0,7
0.9792374914295164,-0.5573150687543503,-0.3264077655057283,-0.06978257763457546,-0.674243818417383,0.04727954480429546,-0.39853499183470886,-0.783072292523412,-1.3276928212669559,-1.3534346006450526,1.2118344069131004,0.0,1.0,6
-0.38384014495552155,0.10312183886593582,-0.3945311409162233,0.6520519371815215,-0.5952168015422008,0.5080312159212702,0.1518923309658548,-1.1272478678956408,-1.451600852125169,-1.5513687727840861,1.3792823328446786,0.0,1.0,7
-0.6867462863744191,-0.4972753498797788,-0.46265451632671833,0.6294946085935185,0.03699933345925637,0.7960010103693794,0.9153882948505077,0.5459225034684256,0.09724953360253041,-0.8256101416076306,-1.2998844820605802,0.0,1.0,5
-0.6110197510196944,-0.6173547876289218,1.1723064935251601,0.1783480368334578,-0.09471236133271399,-0.29828420853343557,0.09862517069483252,-0.10153649970708697,-1.3276928212669559,2.9351391290340043,-0.044025037573739836,0.0,1.0,6
-0.08093400353662458,-0.7974739442526363,0.014209111546746275,-0.6337157923346513,-0.5161897846670188,-0.12550233186457005,0.4714952925919886,-0.5104579753968744,-0.15056652811390175,0.2300387764672141,-0.4626448524026866,0.0,1.0,7
-0.08093400353662458,0.1331416983032216,-1.2120116458421626,-0.8592890782146816,-0.04202768341592585,-0.35587816742305745,-0.540580752557435,-0.13561328934789943,-0.4603366052594433,-0.6936540268482748,-1.3836084450263693,0.0,1.0,5
-0.08093400353662458,-0.19707675550692147,-0.46265451632671833,1.3964437805856214,-0.2264240561246842,0.1048735036939173,0.38271669214028475,0.726529488564762,-0.5222906206885499,-0.891588198987308,-0.8812646672316334,0.0,1.0,5
-0.5352932156649703,-0.7374342253780647,2.7391441279665436,0.40392132271348813,-0.38447808987504845,0.16246746258353914,0.9508997350311892,0.4436921345459882,-0.646198651546766,-1.1555004285060195,-1.132436556129002,0.0,1.0,6
0.07051906717282422,1.4540155135437938,-0.9395181442001829,-0.5886011351586452,0.5638461126271372,-0.874223797429654,-0.9667180347256134,0.6413375144627308,0.5309276416062852,0.03210460432818127,-0.6300927783342647,1.0,0.0,5
0.2976986732369971,3.645465252465652,-1.9613687753576068,-0.6788304495106573,0.8799541801278657,-1.3349754685466286,-1.6769468383392439,0.4777689241868007,-0.15056652811390175,0.164060719087537,-0.7975407042658443,1.0,0.0,5
-0.4595666803102463,-0.9775931008763507,-0.25828439009523335,-0.7465024352746664,-0.4108204288334425,1.314346640375976,0.8266096943988038,-0.8273721190564607,-0.5842446361176594,-0.5616979120889191,-0.2951969264711085,0.0,1.0,6
-0.5352932156649703,-0.4972753498797788,0.15045586236773625,2.5468675385737765,-0.14739703924950215,1.4871285170448414,1.4658156176510713,2.0112244580235132,1.64609991933023,-0.7596320842279527,-0.6300927783342647,0.0,1.0,5
-0.6867462863744191,0.2832409954896504,-0.6670246425582032,-0.4983718208066331,-0.2264240561246842,1.314346640375976,1.0396783354828931,-0.4968272595405343,0.09724953360253041,-0.5616979120889191,-0.6300927783342647,0.0,1.0,5
-0.7624728217291432,0.40332043323879313,-0.6670246425582032,-0.7013877780986604,-0.8849825300845354,-1.4501633863258725,-1.0377409150869763,-1.7781145500352193,-1.1418307749796304,1.6815560388201263,2.049074036570994,0.0,1.0,7
-0.4595666803102463,-0.6173547876289218,-0.3264077655057283,-0.8141744210386755,0.010656994500862296,0.16246746258353914,0.6668082135857369,-0.37415081683362456,-0.026658497255685663,0.164060719087537,-0.8812646672316334,0.0,1.0,6
-0.6110197510196944,-0.31715619325606453,-0.5307778917372133,-0.4081425064546209,-0.5161897846670188,0.04727954480429546,-0.34526783156368657,-1.7304070445381046,-2.0091869909871427,0.8238412928843148,1.7141781847078363,0.0,1.0,7
-1.0653789631480408,1.6041148107302228,-1.4163817720736476,-0.7239451066866635,0.24773804512640876,-0.7014419207607885,-1.5349010776165177,0.11314727503006186,2.0178240119048754,0.8238412928843148,0.29087081428941786,1.0,0.0,6
-0.4595666803102463,-0.0169575988832069,-0.5307778917372133,-0.385585177866618,-0.5952168015422008,-0.06790837297494821,-0.2742449512023235,-1.4271236167348207,-0.7701066824049821,-0.891588198987308,1.4630062958104693,0.0,1.0,7
-0.38384014495552155,-0.9775931008763507,-0.05391426386374872,1.2610998090576033,-0.5688744625838068,0.6808130925901357,0.50700673277267,0.4164307028333458,-0.8940147132631981,-0.29778568257020804,-0.6300927783342647,0.0,1.0,7
-0.7624728217291432,-0.07699731775777843,-0.1901610146847387,-0.8367317496266786,-0.38447808987504845,-0.24069024964381375,0.4182281323209663,0.3755385552643633,3.380812351345252,0.6918851781249591,-0.8812646672316334,0.0,1.0,5
-0.23238707424607272,-0.19707675550692147,0.15045586236773625,-0.7690597638626695,-0.647901479458989,-0.41347212631267927,0.24067093141755863,-0.9534562407274744,0.9026517341809336,-0.42974179732956375,0.9606625180157319,0.0,1.0,6
-1.2168320338574896,1.1838367786082227,-1.8932453999471122,-0.7465024352746664,-0.2000817171662901,-1.4501633863258725,-1.8012368789716293,-0.10153649970708697,3.0710422741997134,0.296016833846892,0.7094906291183647,1.0,0.0,5
-0.23238707424607272,-1.0376328197509221,-0.6670246425582032,-0.09233990622257862,0.19505336720962063,1.4295345581552197,0.6668082135857369,0.23923139670107557,0.40701961074806925,-1.0895223711263415,-1.0487125931632115,0.0,1.0,6
0.37342520859172185,-0.19707675550692147,-0.5989012671477081,-0.6788304495106573,0.326765062001591,-0.06790837297494821,0.3472052519596032,-0.2310283003421668,-0.7081526669758754,0.5599290633656034,-0.6300927783342647,0.0,1.0,5
0.14624560252754895,-0.6173547876289218,-0.05391426386374872,0.7648385801215367,-0.3054510729998664,1.256752681486354,1.2172355363863006,0.6140760827500505,-0.8320606978340915,-1.4194126580247306,-1.4673324079921584,0.0,1.0,5
-0.5352932156649703,0.5834395898625077,1.03605974270417,0.09939738677544727,-1.1220635807100818,0.7960010103693794,0.4004724122306255,-1.587284528046647,-0.5842446361176594,-1.4194126580247306,2.049074036570994,0.0,1.0,8
-0.5352932156649703,0.3432807143642219,-1.4845051474841422,-0.6788304495106573,0.5111614347103491,-0.010314414085326379,-1.1975423959000433,0.3550924814798531,0.8406977187518241,-0.36376373994988587,-0.9649886301974224,1.0,0.0,6
1.357870168203138,0.5233998709879362,0.15045586236773625,-0.5660438065706422,0.6165307905439255,-0.24069024964381375,-0.5050693123767535,1.4319190341296635,0.9646057496100402,0.5599290633656034,-0.8812646672316334,1.0,0.0,6
0.2976986732369971,-0.257116474381493,-0.46265451632671833,-0.16001189198658766,-0.06837002237431992,-0.4710660852023011,-0.06117631011823436,0.3755385552643633,-0.646198651546766,-0.29778568257020804,-1.132436556129002,0.0,1.0,5
1.6607763096220358,-1.0976725386254935,-0.12203763927424371,-0.8141744210386755,-0.38447808987504845,-0.24069024964381375,1.0929454957539153,0.30738497598270054,-0.4603366052594433,-0.49571985470924124,-1.216160519094791,0.0,1.0,5
0.07051906717282422,-0.6773945065034932,-0.3264077655057283,-0.5434864779826392,-0.5688744625838068,0.5080312159212702,0.09862517069483252,-1.0625019675780818,-1.1418307749796304,0.3619948912265698,0.6257666661525756,0.0,1.0,7
-0.08093400353662458,-0.7974739442526363,-0.05391426386374872,-0.27279853492660283,-0.9376672080013234,0.565625174810892,0.48925101268232934,-0.8001106873438183,-0.33642857440122725,-0.9575662563669859,0.2071468513236288,0.0,1.0,7
-1.5197381752763865,-0.257116474381493,0.15045586236773625,-0.7916170924506725,-0.4898474457086247,-0.7014419207607885,-0.3275121114733458,-1.7304070445381046,2.079778027333985,-0.36376373994988587,2.049074036570994,0.0,1.0,8
-0.0052074681818998474,0.2832409954896504,2.0579103738615943,1.3513291234096154,-0.25276639508307824,2.06306810594106,1.1284569359345968,1.0570743480806883,-0.39838258983033387,-0.23180762519053016,-1.5510563709579488,0.0,1.0,5
0.14624560252754895,2.6548098910352236,-0.8713947687896879,0.04300406530543969,0.9853235359614421,-0.6438479618711667,-0.29200067129266427,0.8969134367688244,-0.39838258983033387,-0.09985151043117445,-0.7975407042658443,1.0,0.0,6
0.5248782793011707,0.5233998709879362,-0.7351480179686981,-0.7690597638626695,1.3014316034621707,-1.1621935918777633,-1.375099596803451,0.7163064516725258,-0.33642857440122725,2.47329272737626,-0.8812646672316334,1.0,0.0,5
0.14624560252754895,-0.37719591213063575,0.28670261318872586,-0.8818464068026846,-0.7532708352925652,0.6808130925901357,-0.16771063066027894,-1.7712991921070873,-1.451600852125169,-0.9575662563669859,1.5467302587762581,0.0,1.0,7
0.14624560252754895,-0.4972753498797788,0.014209111546746275,-0.2953558635146058,-0.647901479458989,-0.06790837297494821,1.3947927372897082,-1.076132683434422,-0.7701066824049821,0.8898193502639927,1.6304542217420472,0.0,1.0,6
-0.7624728217291432,-1.0976725386254935,0.08233248695724127,-0.8818464068026846,0.010656994500862296,-0.5286600440919229,-0.5760921927381165,-1.1919937682131996,0.592881657035392,-0.49571985470924124,0.29087081428941786,0.0,1.0,7
-0.913925892438592,1.1838367786082227,-1.756998649126122,-0.7239451066866635,-0.17373937820789603,0.45043725703164833,-0.45180215210573116,-0.7285494290980894,0.4689736261771759,-0.23180762519053016,-0.0021630560908445645,1.0,0.0,6
-0.38384014495552155,2.504710593848795,-2.029492150768102,-0.7239451066866635,0.5638461126271372,-1.3925694274362506,-1.81899259906197,0.5118457138276131,2.0178240119048754,0.6259071207452813,-0.5045068338855819,1.0,0.0,3
-0.3081136096007975,-1.0376328197509221,-1.0076415196106776,0.02044673671743654,-0.2000817171662901,-0.24069024964381375,-0.5760921927381165,-0.5104579753968744,-1.3896468366960626,-1.0235443137466638,-0.6300927783342647,0.0,1.0,6
-1.0653789631480408,-0.0169575988832069,-0.7351480179686981,0.49415063706550033,-0.4108204288334425,1.0263768459278668,0.5602738930436924,-0.02997524146135808,-0.39838258983033387,-0.29778568257020804,-0.6300927783342647,0.0,1.0,5
-0.15666053889134865,1.1838367786082227,-0.05391426386374872,-0.6562731209226543,0.5901884515855313,0.5080312159212702,-1.0554966351773172,0.3755385552643633,1.0265597650391496,2.0114463257185147,0.7094906291183647,1.0,0.0,6
-0.4595666803102463,-0.7374342253780647,-0.1901610146847387,2.1182782954017187,-0.27910873404147235,0.5080312159212702,0.06311373051415099,1.3092425914227157,-1.0798767595505236,-0.23180762519053016,-1.216160519094791,0.0,1.0,6
0.7520578853653429,-1.0376328197509221,0.014209111546746275,-0.7916170924506725,-0.17373937820789603,-0.7590358796504103,-0.238733511021642,-0.1696900789887119,-0.5222906206885499,0.296016833846892,-0.8812646672316334,0.0,1.0,5
0.07051906717282422,1.4840353729810796,-0.3945311409162233,-0.6788304495106573,0.6165307905439255,-0.7590358796504103,-0.1854663507506197,0.45732285040229054,0.3450655953189598,-0.09985151043117445,-0.5463688153684757,1.0,0.0,5
0.8277844207200683,1.6341346701675084,-0.6670246425582032,-0.5434864779826392,0.8009271632526835,-1.3925694274362506,-1.6947025584295847,1.2615350859255632,0.22115756446074375,0.49395100598592556,-1.0487125931632115,1.0,0.0,5
0.8277844207200683,1.6041148107302228,-0.12203763927424371,-0.6562731209226543,0.7219001463775018,-1.1045996329881413,-1.144275235629021,0.9207671895174007,1.0885137804682563,0.49395100598592556,-0.2951969264711085,1.0,0.0,6
-0.6867462863744191,-0.8575136631272077,0.5591961148307059,-0.7916170924506725,-0.5161897846670188,0.2776553803627828,-0.1321991904795974,-0.9534562407274744,1.4602378730429044,-0.23180762519053016,0.7094906291183647,0.0,1.0,6
-1.0653789631480408,-0.6173547876289218,0.8316896164726855,-0.3404705206906119,-0.7269284963341711,-1.4501633863258725,-0.09668775029891588,-1.089763399290762,1.8939159810466595,-0.6936540268482748,0.9606625180157319,0.0,1.0,3
-0.23238707424607272,-0.37719591213063575,0.3548259885992209,0.9227398802375578,-0.5161897846670188,-0.8166298385400321,-0.6826265132801611,0.10292423813782568,-1.0798767595505236,0.03210460432818127,0.458318740220996,0.0,1.0,5
1.9636824510409334,-0.19707675550692147,1.1723064935251601,2.343851581281749,-0.27910873404147235,-0.9894117152088977,0.08086945060449176,2.0112244580235132,-0.2744745589721178,-0.5616979120889191,-0.8812646672316334,0.0,1.0,5
0.6006048146558948,1.6641545296047942,0.21857923777823088,-0.4983718208066331,0.7745848242942895,-0.12550233186457005,-1.1087637954483394,0.8526136102357758,0.5309276416062852,0.5599290633656034,0.2071468513236288,1.0,0.0,5
-1.1411054985027649,0.3432807143642219,0.21857923777823088,0.02044673671743654,-0.8059555132093533,-0.7590358796504103,-0.02566486993755283,-1.3555623584891296,-0.2744745589721178,0.8898193502639927,1.5467302587762581,0.0,1.0,6
-0.08093400353662458,-0.37719591213063575,-0.3945311409162233,-0.4983718208066331,-0.46350510675023066,1.1415647637071105,0.06311373051415099,-1.2601473474948244,-1.0179227441214143,0.3619948912265698,0.542042703186785,0.0,1.0,6
-0.6867462863744191,0.2832409954896504,0.21857923777823088,0.20090536542146095,-0.4371627677918366,3.0133684276198203,2.5844259833425394,-0.13561328934789943,-0.646198651546766,0.8238412928843148,-0.37892088943689756,0.0,1.0,5
-0.3081136096007975,-0.257116474381493,-0.1901610146847387,0.26857735118547,-0.8322978521677473,-0.06790837297494821,-0.34526783156368657,-1.2908164581715709,-1.2037847904087398,-1.4194126580247306,1.965350073605205,0.0,1.0,7
-0.38384014495552155,0.7035190276116507,-0.5307778917372133,-0.7465024352746664,0.5375037736687432,-0.7014419207607885,-1.4283667570744731,0.10292423813782568,1.0265597650391496,0.4279729486062477,0.03969892539204922,1.0,0.0,6
-0.38384014495552155,0.7035190276116507,-0.7351480179686981,-0.22768387775059673,-0.5952168015422008,-1.0470056740985194,-0.4695578721960719,-1.4782388011960395,0.22115756446074375,0.03210460432818127,2.049074036570994,0.0,1.0,6
0.5248782793011707,2.084432561726794,-0.7351480179686981,-0.6562731209226543,0.6165307905439255,0.16246746258353914,0.4714952925919886,0.5799992931092381,0.15920354903163708,-0.1658295678108523,-0.5463688153684757,1.0,0.0,5
-1.0653789631480408,-0.13703703663234995,-0.05391426386374872,-0.5209291493946361,-0.2000817171662901,-0.29828420853343557,0.6845639336760777,-1.3044471740278731,1.3363298421846885,1.2856876945420592,1.3792823328446786,0.0,1.0,7
-0.08093400353662458,0.22320127661507888,-0.1901610146847387,1.9378196666976941,-0.4108204288334425,-0.010314414085326379,0.4004724122306255,0.03817833782026686,-1.2657388058378465,2.8031830142746483,1.2955583698788895,0.0,1.0,6
-0.15666053889134865,-0.7974739442526363,-0.05391426386374872,0.2234626940094639,-0.27910873404147235,-0.06790837297494821,-0.11444347038925665,-0.2037668686295244,0.22115756446074375,-0.23180762519053016,0.2071468513236288,0.0,1.0,6
-0.3081136096007975,-0.4972753498797788,-0.5307778917372133,0.6294946085935185,-0.12105470029110807,1.3719405992655977,1.7676628591868644,0.5459225034684256,-0.5842446361176594,-0.42974179732956375,-1.3836084450263693,0.0,1.0,5
3.6296662288448682,-0.37719591213063575,1.1723064935251601,-0.7013877780986604,0.458476756793561,-1.1621935918777633,-1.6591911182489032,1.0570743480806883,-1.5135548675542785,0.8238412928843148,-0.5463688153684757,1.0,0.0,7
-0.4595666803102463,0.22320127661507888,-0.25828439009523335,-0.4983718208066331,-0.35813575091665456,-0.7590358796504103,-0.842427994093228,-1.7917452658915596,-0.08861251268479507,-0.42974179732956375,2.216521962502572,0.0,1.0,6
6.355821501614944,2.0544127022895093,3.0116376296085234,-0.2953558635146058,1.1433775697118065,-1.3925694274362506,-1.2685652762614064,2.9653745679664136,-1.6994169138416013,0.9557974076436706,0.542042703186785,1.0,0.0,7
1.5850497742673118,2.5947701721606524,-0.3264077655057283,-0.4983718208066331,0.5638461126271372,-0.35587816742305745,-1.0377409150869763,1.3296886652071882,0.5309276416062852,0.8898193502639927,0.03969892539204922,1.0,0.0,6
-1.0653789631480408,-0.31715619325606453,-0.7351480179686981,-0.5434864779826392,-0.8322978521677473,-1.0470056740985194,0.09862517069483252,-1.7372224024662748,1.0265597650391496,1.6815560388201263,2.8863136662288875,0.0,1.0,7
-0.38384014495552155,-0.6773945065034932,-0.05391426386374872,-0.6562731209226543,-0.27910873404147235,-0.010314414085326379,-0.3275121114733458,-0.6467651339601244,0.6548356724645014,0.6918851781249591,0.12342288835783828,0.0,1.0,8
0.5248782793011707,-1.397871132998351,1.1723064935251601,-0.11489723481058156,-0.2264240561246842,-0.1830962907541919,0.32944953186926246,0.034770658856200745,0.09724953360253041,-0.7596320842279527,0.03969892539204922,0.0,1.0,6
-1.5954647106311113,1.003717621984508,-0.9395181442001829,-0.6562731209226543,-0.38447808987504845,-0.8166298385400321,-0.238733511021642,-0.7149187132417871,1.4602378730429044,2.2093804978575484,1.965350073605205,1.0,0.0,7
-0.23238707424607272,-0.13703703663234995,-0.12203763927424371,-0.7239451066866635,-0.5425321236254129,-0.12550233186457005,0.04535801042381023,-0.6160960232834158,0.09724953360253041,-0.36376373994988587,0.37459477725520696,0.0,1.0,6
0.14624560252754895,0.0430821199913643,-0.05391426386374872,2.919063460275826,0.14236868929283247,0.6808130925901357,1.2882584167476636,1.9430708787418882,0.28311157988985314,0.6918851781249591,-1.216160519094791,0.0,1.0,5
-0.913925892438592,1.964353123977652,-1.6888752737156272,-0.8592890782146816,0.08968401137604433,-1.219787550767385,-0.11444347038925665,-0.476381185756062,-0.7081526669758754,-1.2214784858856973,-1.5510563709579488,0.0,1.0,4
-0.5352932156649703,-0.37719591213063575,-0.3264077655057283,0.04300406530543969,-0.4371627677918366,0.7960010103693794,1.1462126560249377,0.10292423813782568,-0.21252054354301114,1.0217754650233477,-0.9649886301974224,0.0,1.0,6
-1.8226443166952842,-0.31715619325606453,-0.5989012671477081,-0.8818464068026846,-0.33179341195826045,0.45043725703164833,1.1639683761152784,-1.7917452658915596,0.3450655953189598,-1.2874565432653748,1.1281104439473115,0.0,1.0,6
-0.3081136096007975,-0.37719591213063575,0.21857923777823088,-0.6111584637466483,-0.38447808987504845,-0.8166298385400321,-0.5228250324670942,-1.3283009267764494,-0.21252054354301114,0.164060719087537,1.5467302587762581,0.0,1.0,6
-1.0653789631480408,-0.4972753498797788,-0.9395181442001829,-0.8592890782146816,-0.674243818417383,0.565625174810892,-0.007909149847212065,-1.2601473474948244,1.2124218113264724,-0.891588198987308,0.37459477725520696,0.0,1.0,7
-0.3081136096007975,-0.4972753498797788,0.014209111546746275,0.44903597988949423,-0.4108204288334425,0.45043725703164833,0.06311373051415099,-0.2037668686295244,0.15920354903163708,-0.09985151043117445,0.2071468513236288,0.0,1.0,6
-0.5352932156649703,-0.5573150687543503,1.240429868935655,0.5843799514175123,-0.25276639508307824,1.3719405992655977,1.2349912564766414,0.4164307028333458,-0.33642857440122725,-0.5616979120889191,-1.132436556129002,0.0,1.0,5
3.2510335520712466,1.4840353729810796,1.8535402476301093,-0.5434864779826392,0.8009271632526835,-0.9894117152088977,-1.1620309557193618,1.4659958237704758,-0.2744745589721178,0.757863235504637,0.37459477725520696,1.0,0.0,6
0.6006048146558948,1.3639559352319366,-0.5989012671477081,-0.4081425064546209,0.43213441783516693,-0.7590358796504103,0.08086945060449176,0.7674216361337445,0.22115756446074375,0.2300387764672141,-1.0487125931632115,1.0,0.0,5
-0.23238707424607272,-0.7374342253780647,1.1723064935251601,0.44903597988949423,0.16871102825122655,1.1415647637071105,0.9508997350311892,0.40961534490517576,1.9558699964757689,-0.23180762519053016,-0.21147296350531794,0.0,1.0,6
1.5850497742673118,0.22320127661507888,1.104183118114665,-0.27279853492660283,1.9863324163804161,-1.5653513041051161,-1.8367483191523108,0.4334690976537521,0.035295518173421,0.2300387764672141,2.216521962502572,1.0,0.0,6
-0.7624728217291432,0.16316155774050736,-0.5307778917372133,0.24602002259746686,-0.647901479458989,-0.6438479618711667,-0.5050693123767535,-1.757668476250747,-1.1418307749796304,-1.8152810023027972,2.3839698884341516,0.0,1.0,8
-1.0653789631480408,-0.4972753498797788,-0.5307778917372133,0.9452972088255608,-0.33179341195826045,1.4295345581552197,0.6668082135857369,0.5459225034684256,0.5309276416062852,-1.0235443137466638,-0.9649886301974224,0.0,1.0,5
-0.3081136096007975,-1.1577122575000651,0.014209111546746275,0.8550678944735489,0.03699933345925637,-0.35587816742305745,-0.07893203020857512,0.9207671895174007,1.0885137804682563,-0.891588198987308,-1.4673324079921584,0.0,1.0,6
0.22197213788227302,-0.43723563100520724,3.2160077558400086,1.565623744995644,-0.4371627677918366,1.1991587225967322,0.7910982542181223,1.326280986243122,-1.5135548675542785,-0.6276759694685969,-1.5510563709579488,0.0,1.0,5
0.2976986732369971,1.003717621984508,-0.5307778917372133,-0.5886011351586452,0.9062965190862599,-1.277381509657007,-1.35734387671311,1.1933815066439382,1.5221918884720138,0.8238412928843148,-0.7975407042658443,1.0,0.0,6
-0.6867462863744191,-0.7374342253780647,0.7635662410621905,-0.10361857051658009,-0.4898474457086247,0.04727954480429546,0.27618237159824016,-0.919379451086662,0.7787437033227175,-1.3534346006450526,0.7932145920841537,0.0,1.0,7
0.07051906717282422,0.22320127661507888,-0.7351480179686981,-0.6788304495106573,0.6165307905439255,-1.3349754685466286,-1.4106110369841325,0.5459225034684256,0.6548356724645014,-0.42974179732956375,-0.8812646672316334,1.0,0.0,5
0.14624560252754895,-1.0976725386254935,-0.12203763927424371,1.960376995285697,-0.015685344457531777,0.16246746258353914,0.9508997350311892,1.2785734807459694,-2.0091869909871427,-0.6276759694685969,-1.5510563709579488,0.0,1.0,7
-0.38384014495552155,-0.6173547876289218,0.28670261318872586,0.7648385801215367,-0.38447808987504845,0.6808130925901357,0.1518923309658548,0.07907048538924939,0.7167896878936081,-0.09985151043117445,0.29087081428941786,0.0,1.0,6
-0.838199357083868,-1.0976725386254935,0.15045586236773625,0.24602002259746686,-0.5952168015422008,0.04727954480429546,-0.007909149847212065,-0.28895884273155553,0.592881657035392,0.296016833846892,-0.3370589079540023,0.0,1.0,7
0.8277844207200683,-0.5573150687543503,1.1723064935251601,2.6596541815137913,-0.2264240561246842,1.1415647637071105,2.016242940451635,1.9089940891010757,-1.2037847904087398,-0.09985151043117445,-1.132436556129002,0.0,1.0,6
1.0549640267842404,1.7542141079166516,2.466650626324564,-0.7239451066866635,9.125106274105203,-0.6438479618711667,-1.0377409150869763,0.6208914406782207,-1.2657388058378465,4.056766104488526,-1.0487125931632115,1.0,0.0,5
2.796674339942901,-0.7974739442526363,1.1723064935251601,-0.4983718208066331,0.8272695022110776,-1.1045996329881413,-1.4638781972551547,0.9207671895174007,-0.026658497255685663,0.9557974076436706,0.9606625180157319,1.0,0.0,6
-1.0653789631480408,1.6041148107302228,-2.0976155261785965,0.7648385801215367,-0.4108204288334425,0.04727954480429546,-0.1854663507506197,-1.226070557854012,0.22115756446074375,1.2197096371623812,2.928175647711783,0.0,1.0,7
0.9035109560747924,1.4840353729810796,-0.1901610146847387,-0.5434864779826392,1.3804586203373528,0.04727954480429546,0.08086945060449176,1.1967891856080044,-0.4603366052594433,-0.23180762519053016,-1.216160519094791,1.0,0.0,5
-0.4595666803102463,-1.1577122575000651,0.15045586236773625,-0.9044037353906876,-0.5161897846670188,0.8535949692590012,-0.6293593530091388,-1.7065532917895283,-1.6374628984124946,-0.23180762519053016,0.9606625180157319,0.0,1.0,6
-0.6110197510196944,0.10312183886593582,-0.803271393379193,0.15579070824545485,1.617539670962899,1.7750983114929506,1.0219226153925522,0.034770658856200745,0.09724953360253041,-0.6936540268482748,-0.8812646672316334,0.0,1.0,6
-0.08093400353662458,1.0637573408590797,-1.9613687753576068,-0.5434864779826392,0.5111614347103491,-0.5286600440919229,-0.39853499183470886,1.0059591636194318,1.7080539347593366,0.4279729486062477,-0.6300927783342647,1.0,0.0,5
0.5248782793011707,0.0430821199913643,0.28670261318872586,-0.7690597638626695,-0.4898474457086247,-1.1045996329881413,0.16964805105619557,-0.5786115546784993,0.15920354903163708,-0.36376373994988587,0.37459477725520696,0.0,1.0,5
-0.15666053889134865,-0.13703703663234995,-0.3264077655057283,0.47159330847749714,-0.7796131742509592,0.3928432981420265,0.13413661087551404,-0.9704946355478806,-0.4603366052594433,0.4279729486062477,1.7141781847078363,0.0,1.0,7
-0.838199357083868,-0.6173547876289218,-0.12203763927424371,-0.7916170924506725,-0.3054510729998664,-0.4710660852023011,-0.9489623146352726,-0.851225871805037,0.5309276416062852,0.03210460432818127,-0.1277490005395289,0.0,1.0,5
0.37342520859172185,0.4633601521133647,-0.05391426386374872,0.9452972088255608,-0.2264240561246842,-0.4710660852023011,1.8919528998192496,0.8185368205949632,-1.0179227441214143,0.49395100598592556,-1.132436556129002,0.0,1.0,6
1.1306905621389645,0.8235984653607935,-0.12203763927424371,-0.4983718208066331,0.24773804512640876,-1.1621935918777633,-1.5349010776165177,0.648152872390863,0.6548356724645014,0.8898193502639927,0.542042703186785,1.0,0.0,7
-0.6110197510196944,-0.257116474381493,-1.0757648950211727,0.5618226228295093,-0.17373937820789603,1.4295345581552197,1.3592812971090267,0.4777689241868007,-0.33642857440122725,-0.29778568257020804,-1.2998844820605802,0.0,1.0,5
1.5850497742673118,0.2832409954896504,0.8316896164726855,-0.6562731209226543,1.3277739424205646,0.220061421473161,0.18740377114653634,1.1252279273623134,-0.5222906206885499,4.518612506146272,-0.8812646672316334,1.0,0.0,5
1.7365028449767599,2.624790031597938,-0.6670246425582032,-0.7013877780986604,0.5375037736687432,-1.3925694274362506,-1.4638781972551547,1.4659958237704758,0.22115756446074375,0.164060719087537,0.03969892539204922,1.0,0.0,6
0.7520578853653429,0.16316155774050736,-0.3264077655057283,-0.7465024352746664,-0.7532708352925652,-1.1621935918777633,-0.9844737548159541,-0.7489955028825995,-1.5755088829833852,-0.36376373994988587,-0.1277490005395289,0.0,1.0,5
0.6006048146558948,5.026378786580796,-0.7351480179686981,-0.7013877780986604,0.6955578074191077,-0.9318177563192758,-1.304076716442088,0.2801235442700581,0.7167896878936081,-0.42974179732956375,-0.044025037573739836,1.0,0.0,5
0.14624560252754895,-0.9775931008763507,-0.05391426386374872,-0.8141744210386755,0.03699933345925637,0.45043725703164833,0.9331440149408484,-0.476381185756062,-0.39838258983033387,-0.03387345305149659,-0.4626448524026866,0.0,1.0,7
0.14624560252754895,0.3432807143642219,0.6273194902412005,2.0506063096377094,-0.09471236133271399,0.3928432981420265,1.412548457380049,1.4864418975549483,-0.15056652811390175,0.6259071207452813,-0.9649886301974224,0.0,1.0,6
-0.15666053889134865,0.10312183886593582,0.21857923777823088,-0.5660438065706422,-0.2264240561246842,2.1206620648306815,0.8266096943988038,-1.0352405358654395,-1.0798767595505236,0.164060719087537,0.458318740220996,0.0,1.0,6
-0.5352932156649703,-0.37719591213063575,-0.25828439009523335,3.4717180106819,-0.4108204288334425,0.565625174810892,0.5247624528630108,1.9430708787418882,-0.5222906206885499,-1.0235443137466638,-1.5510563709579488,0.0,1.0,5
-0.08093400353662458,0.5233998709879362,1.9897869984510992,1.5317877521136398,-0.3054510729998664,1.3719405992655977,0.7200753738567592,0.9889207687990256,-0.7081526669758754,-0.5616979120889191,-1.5510563709579488,0.0,1.0,5
1.9636824510409334,0.16316155774050736,0.49107273942021085,-0.5660438065706422,0.5901884515855313,-0.12550233186457005,-0.8779394342739095,0.951436300194147,-0.39838258983033387,0.3619948912265698,-0.6300927783342647,1.0,0.0,5
-0.6110197510196944,1.3039162163573657,-1.1438882704316677,-0.7239451066866635,0.5638461126271372,-0.7590358796504103,-0.8779394342739095,-0.5309040491813468,0.6548356724645014,0.4279729486062477,-0.044025037573739836,1.0,0.0,6
-0.3081136096007975,-0.43723563100520724,0.6954428656516954,0.5167079656535033,-0.06837002237431992,1.6023164348240853,1.5190827779220937,0.3619078394080232,-0.646198651546766,-0.29778568257020804,-0.9649886301974224,0.0,1.0,6
-0.6110197510196944,0.0430821199913643,-0.25828439009523335,-0.7690597638626695,-0.5161897846670188,0.04727954480429546,-0.02566486993755283,-2.2858587156834163,-0.646198651546766,-0.891588198987308,3.0537615921604657,0.0,1.0,7
-0.38384014495552155,-0.6173547876289218,0.014209111546746275,1.1934278232935944,0.5901884515855313,0.3928432981420265,0.13413661087551404,0.7231218096006581,-1.2657388058378465,-0.5616979120889191,-1.4673324079921584,0.0,1.0,5
0.5248782793011707,-0.30214626353742163,-0.3945311409162233,-0.6562731209226543,-0.46350510675023066,-1.277381509657007,0.50700673277267,-0.10153649970708697,-1.0798767595505236,1.351665751921737,-0.6300927783342647,0.0,1.0,5
0.6763313500106188,-0.07699731775777843,0.28670261318872586,0.5392652942415064,-0.5161897846670188,0.3352493392524047,0.7378310939471,0.48458428211497073,-0.21252054354301114,0.03210460432818127,0.03969892539204922,0.0,1.0,6
-1.0653789631480408,-0.19707675550692147,0.014209111546746275,-0.11489723481058156,-0.8586401911261414,-0.12550233186457005,-0.36302355165402733,-1.8530834872450144,0.15920354903163708,-0.09985151043117445,2.635141777331519,0.0,1.0,7
0.22197213788227302,-0.6773945065034932,1.1723064935251601,0.6069372800055155,-0.2000817171662901,1.7750983114929506,1.6788842587351605,-0.13561328934789943,-0.5222906206885499,-1.5513687727840861,0.458318740220996,0.0,1.0,7
-0.5352932156649703,-0.4972753498797788,-0.5307778917372133,1.3062144662336095,-0.38447808987504845,0.9687828870382449,0.27618237159824016,0.5118457138276131,-0.8940147132631981,-0.891588198987308,-0.37892088943689756,0.0,1.0,6
0.9792374914295164,-1.1577122575000651,1.1723064935251601,-0.7916170924506725,-0.674243818417383,-0.7590358796504103,0.13413661087551404,-0.4423043961152495,-1.2037847904087398,-0.891588198987308,-0.21147296350531794,0.0,1.0,6
0.37342520859172185,-0.4972753498797788,0.5591961148307059,-0.8818464068026846,-0.38447808987504845,-1.219787550767385,-0.9667180347256134,-1.0216098200090993,-2.0711410064162497,-0.23180762519053016,0.03969892539204922,0.0,1.0,5
2.796674339942901,1.123797059733651,1.1723064935251601,-0.09233990622257862,1.617539670962899,-1.1621935918777633,-1.7302139986102663,1.9430708787418882,-0.9559687286923076,0.164060719087537,0.9606625180157319,1.0,0.0,6
-0.08093400353662458,0.10312183886593582,0.3548259885992209,-0.047225249046572514,-0.9903518859181115,0.5080312159212702,-0.007909149847212065,-1.4100852219144144,-0.8940147132631981,-0.29778568257020804,1.7979021476736254,0.0,1.0,7
-1.2925585692122137,-0.9775931008763507,-0.6670246425582032,0.11067605106944875,-0.5161897846670188,-1.1621935918777633,-0.5050693123767535,-1.001163746224627,1.4602378730429044,-0.6276759694685969,1.3792823328446786,0.0,1.0,5
-0.6110197510196944,0.40332043323879313,-2.0976155261785965,0.24602002259746686,-0.2264240561246842,-0.5862540029815447,-0.7891608338222057,-0.2991818796238296,-0.21252054354301114,-0.7596320842279527,-0.4626448524026866,0.0,1.0,5
-0.23238707424607272,-1.2177519763746365,-0.1901610146847387,1.1031985089415821,-0.015685344457531777,-0.010314414085326379,-0.41629071192504963,0.21196996498843315,-0.21252054354301114,-1.3534346006450526,-0.5463688153684757,0.0,1.0,6
-1.6711912459858353,-0.6473746470662076,-0.3264077655057283,1.5205090878196381,-0.7005861573757771,0.220061421473161,0.06311373051415099,0.30738497598270054,-0.9559687286923076,-0.23180762519053016,-0.9649886301974224,0.0,1.0,6
-0.913925892438592,-0.31715619325606453,-0.46265451632671833,-0.8141744210386755,-0.6215591405005949,-0.010314414085326379,-0.007909149847212065,-2.2347435312221595,-0.8940147132631981,-0.6936540268482748,2.216521962502572,0.0,1.0,6
2.418041663169279,1.2438764974827943,-0.5989012671477081,-0.5209291493946361,0.9062965190862599,-0.7014419207607885,-1.1797866758097024,1.6704565616153506,-0.026658497255685663,0.6918851781249591,-0.21147296350531794,1.0,0.0,6
0.7520578853653429,-0.8575136631272077,0.4229493640097159,-0.3404705206906119,-0.09471236133271399,0.6232191337005138,1.0574340555732338,-0.49001190161236424,-0.026658497255685663,-0.8256101416076306,0.8769385550499428,0.0,1.0,5
-0.08093400353662458,0.22320127661507888,0.5591961148307059,-0.6337157923346513,-0.38447808987504845,1.3719405992655977,1.5368384980124343,-0.9296024879788981,-1.2037847904087398,-0.23180762519053016,0.7094906291183647,0.0,1.0,5
-1.4440116399216625,-0.13703703663234995,-0.5989012671477081,1.0468051874715747,-0.8059555132093533,-0.24069024964381375,0.08086945060449176,-0.9602715986556445,-0.2744745589721178,-0.03387345305149659,1.3792823328446786,0.0,1.0,6
0.22197213788227302,-1.2177519763746365,2.8753908787875333,-0.7690597638626695,-0.5688744625838068,-0.5286600440919229,0.2051594912368771,-0.40822760647443707,0.22115756446074375,-0.5616979120889191,-0.2951969264711085,0.0,1.0,6
0.7520578853653429,-0.0169575988832069,0.3548259885992209,-0.7013877780986604,0.010656994500862296,0.7384070514797575,-0.7181379534608426,-0.1424286472760695,0.035295518173421,1.813512153579482,1.2118344069131004,1.0,0.0,6
1.282143632848414,0.0430821199913643,0.5591961148307059,-0.3179131921026088,1.4068009592957469,-1.0470056740985194,-1.6059239579778808,0.33805408665944686,0.035295518173421,1.0877535224030255,1.2118344069131004,1.0,0.0,7
1.5093232389125861,-0.9775931008763507,1.1723064935251601,-0.7916170924506725,-0.4108204288334425,0.5080312159212702,0.27618237159824016,0.0006938692153882753,-1.1418307749796304,-0.29778568257020804,-0.6300927783342647,0.0,1.0,7
-0.08093400353662458,3.1951673609063667,-1.825122024536617,0.15579070824545485,0.6692154684607136,-1.5653513041051161,-1.7834811588812884,1.2206429383565807,1.0885137804682563,-0.09985151043117445,-0.2951969264711085,1.0,0.0,3
-0.0052074681818998474,-0.6173547876289218,-0.1901610146847387,-0.6337157923346513,-0.5161897846670188,0.3928432981420265,-0.22097779093130124,-0.851225871805037,0.28311157988985314,0.6918851781249591,0.37459477725520696,0.0,1.0,7
-0.7624728217291432,-0.257116474381493,-0.25828439009523335,-0.7690597638626695,-0.5425321236254129,-0.12550233186457005,-0.14995491056993818,-2.13080932281767,-0.5222906206885499,-0.8256101416076306,2.3002459254683627,0.0,1.0,6
-0.4595666803102463,0.5834395898625077,-1.1438882704316677,-0.6562731209226543,0.5111614347103491,-0.4710660852023011,-1.0910080753579987,0.40961534490517576,0.592881657035392,0.5599290633656034,-1.0487125931632115,1.0,0.0,5
-0.38384014495552155,-0.13703703663234995,0.014209111546746275,-0.7465024352746664,-0.674243818417383,0.04727954480429546,-0.007909149847212065,-1.7167763286817646,-0.646198651546766,-1.2214784858856973,1.6304542217420472,0.0,1.0,6
0.6763313500106188,-0.37719591213063575,0.15045586236773625,-0.8367317496266786,-0.5688744625838068,-1.1045996329881413,0.2051594912368771,-0.7421801449544295,-0.5222906206885499,-0.23180762519053016,-0.6300927783342647,0.0,1.0,6
0.14624560252754895,0.16316155774050736,0.21857923777823088,0.15579070824545485,0.11602635033443841,-1.0470056740985194,-0.36302355165402733,0.6822296620317133,1.5841459039011205,1.0217754650233477,0.12342288835783828,0.0,1.0,6
0.9792374914295164,0.16316155774050736,-0.803271393379193,-0.4983718208066331,0.8799541801278657,-0.7014419207607885,-1.0022294749062948,1.1933815066439382,0.7167896878936081,1.0877535224030255,-0.7975407042658443,1.0,0.0,6
-0.08093400353662458,1.123797059733651,-0.5307778917372133,-0.9495183925666938,-0.7269284963341711,-0.06790837297494821,-0.5050693123767535,-0.5104579753968744,-0.39838258983033387,-1.4194126580247306,-1.216160519094791,0.0,1.0,4
0.7520578853653429,-0.31715619325606453,0.08233248695724127,0.9227398802375578,-0.5425321236254129,-0.12550233186457005,0.06311373051415099,0.273308186341888,-1.6374628984124946,-0.891588198987308,0.29087081428941786,0.0,1.0,7
-1.0653789631480408,-0.8575136631272077,-1.0757648950211727,-0.8141744210386755,-0.38447808987504845,0.7960010103693794,-0.2742449512023235,-1.832637413460542,0.035295518173421,-1.0895223711263415,1.3792823328446786,0.0,1.0,6
-0.913925892438592,-0.8575136631272077,-0.3945311409162233,2.1859502811657276,-0.3054510729998664,1.314346640375976,0.18740377114653634,1.3177617888329,-1.451600852125169,1.0217754650233477,-0.9649886301974224,0.0,1.0,6
1.357870168203138,0.7035190276116507,-0.05391426386374872,-0.4983718208066331,0.958981197003048,-0.6438479618711667,-0.29200067129266427,1.244496691105157,0.592881657035392,0.6259071207452813,-0.8812646672316334,1.0,0.0,6
-0.08093400353662458,-0.8575136631272077,0.3548259885992209,-0.7916170924506725,-0.2000817171662901,-0.12550233186457005,0.2584266515078994,-0.7626262187389019,-0.4603366052594433,-0.09985151043117445,0.2071468513236288,0.0,1.0,5
-0.15666053889134865,-0.0169575988832069,0.49107273942021085,0.42647865130149126,0.24773804512640876,0.7384070514797575,0.8443654144891446,0.3789462342284294,-0.7081526669758754,-0.03387345305149659,-0.8812646672316334,0.0,1.0,5
0.14624560252754895,-1.2777916952492079,0.49107273942021085,-0.06978257763457546,-0.38447808987504845,0.3352493392524047,0.4004724122306255,0.17107781741945063,0.8406977187518241,0.164060719087537,-0.21147296350531794,0.0,1.0,7
-0.0052074681818998474,0.16316155774050736,-1.1438882704316677,-0.6788304495106573,-0.7269284963341711,-0.1830962907541919,-0.4873135922864127,-1.4305312956989247,0.4689736261771759,0.3619948912265698,1.7141781847078363,0.0,1.0,7
-1.5954647106311113,0.4633601521133647,-2.0976155261785965,-0.7916170924506725,-1.0430365638348997,-0.29828420853343557,-0.22097779093130124,-1.7372224024662748,0.9646057496100402,-1.1555004285060195,1.4630062958104693,0.0,1.0,7
0.37342520859172185,1.9343332645403661,-2.1657389015890915,-0.5886011351586452,0.8799541801278657,-1.277381509657007,-1.6947025584295847,0.9889207687990256,0.28311157988985314,1.2856876945420592,-1.0487125931632115,1.0,0.0,5
-0.5352932156649703,-0.37719591213063575,-0.25828439009523335,0.7873959087095397,-0.25276639508307824,1.3719405992655977,1.6966399788255013,0.5799992931092381,-0.8320606978340915,0.03210460432818127,-1.3836084450263693,0.0,1.0,4
1.282143632848414,1.6641545296047942,-0.8713947687896879,-0.25024120633859975,2.98734129679939,1.1991587225967322,0.5957853332243739,1.397842244488851,-0.33642857440122725,2.6052488421356155,-1.132436556129002,1.0,0.0,5
-0.08093400353662458,-0.37719591213063575,0.21857923777823088,-0.3404705206906119,-0.7532708352925652,0.2776553803627828,-0.41629071192504963,-1.4577927274115672,-1.6374628984124946,-1.3534346006450526,1.2955583698788895,0.0,1.0,5
-1.3682851045669377,2.384631156099652,-2.1657389015890915,-0.8592890782146816,-0.4108204288334425,-0.8166298385400321,-1.215298115990384,-0.6535804918882944,4.867708721643843,0.3619948912265698,1.6304542217420472,1.0,0.0,6
0.5248782793011707,-1.3378314141237795,1.1723064935251601,0.04300406530543969,-0.2000817171662901,0.16246746258353914,0.6668082135857369,0.23923139670107557,-0.2744745589721178,-0.42974179732956375,0.03969892539204922,0.0,1.0,6
0.6763313500106188,2.8649489070962235,-2.1657389015890915,-0.20512654916259376,1.0116658749198362,-1.4501633863258725,-1.7834811588812884,1.3773961707043407,0.8406977187518241,-0.03387345305149659,-0.7975407042658443,1.0,0.0,5
1.2064170974936899,2.1444722806013656,-2.1657389015890915,-0.7465024352746664,0.326765062001591,-1.277381509657007,-1.6947025584295847,0.8560212891998418,0.5309276416062852,-0.03387345305149659,-0.4626448524026866,1.0,0.0,6
2.1151355217503816,0.0430821199913643,1.03605974270417,-0.6788304495106573,0.11602635033443841,-1.3925694274362506,-1.8367483191523108,0.46073052936639447,0.035295518173421,-0.09985151043117445,1.2118344069131004,1.0,0.0,6
-0.9896524277933161,-0.6773945065034932,-0.25828439009523335,0.8099532372975426,-0.27910873404147235,0.3928432981420265,0.48925101268232934,-0.060644352138104436,0.035295518173421,-0.03387345305149659,0.03969892539204922,0.0,1.0,6
-0.6110197510196944,0.9436779031099366,-0.803271393379193,-0.5886011351586452,0.06334167241765026,-0.6438479618711667,-0.04342059002789359,-0.46275046989972185,-0.2744745589721178,-0.891588198987308,-1.132436556129002,0.0,1.0,6
-0.913925892438592,0.10312183886593582,0.49107273942021085,-0.4081425064546209,-0.7796131742509592,-0.5862540029815447,0.18740377114653634,-1.1919937682131996,0.9646057496100402,-0.9575662563669859,0.6257666661525756,0.0,1.0,7
0.9035109560747924,-0.13703703663234995,0.21857923777823088,1.5092304235256366,-0.7269284963341711,-1.5653513041051161,-1.215298115990384,-0.03679059938952814,-1.2657388058378465,-1.2874565432653748,1.0443864809815224,0.0,1.0,6
2.0394089863956575,2.384631156099652,-0.8713947687896879,0.1783480368334578,1.433143298254141,0.16246746258353914,-0.6826265132801611,1.4591804658423058,-0.5222906206885499,0.09808266170785913,-0.9649886301974224,1.0,0.0,5
-1.5954647106311113,0.2832409954896504,-0.7351480179686981,-0.7465024352746664,-0.7796131742509592,-0.874223797429654,-0.7536493936415242,-1.7372224024662748,1.7080539347593366,-0.5616979120889191,1.6304542217420472,0.0,1.0,6
-0.6867462863744191,-1.1577122575000651,-0.12203763927424371,-0.8141744210386755,-0.9113248690429295,0.45043725703164833,-0.25648923111198274,-1.1954014471772656,1.2124218113264724,0.2300387764672141,0.7094906291183647,0.0,1.0,7
-0.7624728217291432,-0.6173547876289218,-0.3264077655057283,2.6596541815137913,-0.4371627677918366,1.0263768459278668,0.2584266515078994,0.8219444995590294,0.035295518173421,-1.0235443137466638,-0.044025037573739836,0.0,1.0,6
-0.08093400353662458,0.7035190276116507,-1.2120116458421626,-0.4983718208066331,0.5111614347103491,-0.874223797429654,-1.375099596803451,0.5936300089655783,0.8406977187518241,-0.29778568257020804,0.12342288835783828,1.0,0.0,5
-0.3081136096007975,-0.7374342253780647,-0.5307778917372133,-0.024667920458569362,0.932638858044654,-0.010314414085326379,0.1518923309658548,0.2051546070602631,-1.2037847904087398,-0.49571985470924124,-1.634780333923738,0.0,1.0,6
0.6763313500106188,1.3939757946692224,-0.6670246425582032,-0.6562731209226543,0.5375037736687432,-1.0470056740985194,-0.8779394342739095,0.7503832413133383,0.40701961074806925,-0.1658295678108523,-1.132436556129002,1.0,0.0,5
-0.15666053889134865,1.2438764974827943,-1.825122024536617,0.6746092657695245,-0.5425321236254129,-0.6438479618711667,0.8798768546698261,-0.6160960232834158,0.22115756446074375,-0.49571985470924124,1.3792823328446786,0.0,1.0,6
-0.38384014495552155,0.5233998709879362,-0.5989012671477081,-0.0021105918705664113,2.644890890340267,1.0839708048174885,0.5425181729533516,0.07225512746107933,-0.33642857440122725,-0.29778568257020804,-0.9649886301974224,0.0,1.0,5
-0.6867462863744191,-0.5573150687543503,-0.5989012671477081,2.2310649383417336,-0.46350510675023066,0.9687828870382449,0.48925101268232934,0.8696520050561819,-0.5222906206885499,-1.2214784858856973,-0.7138167413000552,0.0,1.0,6
-0.15666053889134865,0.4633601521133647,0.21857923777823088,-0.7690597638626695,0.8272695022110776,-0.8166298385400321,-1.3395881566227694,0.5459225034684256,0.7167896878936081,0.09808266170785913,-1.132436556129002,1.0,0.0,5
-0.7624728217291432,-0.0169575988832069,-0.46265451632671833,1.5994597378776487,0.06334167241765026,0.16246746258353914,1.0041668953022116,1.0877434587573969,-0.5222906206885499,0.164060719087537,-1.5510563709579488,0.0,1.0,6
0.6006048146558948,-0.9775931008763507,0.3548259885992209,-0.8367317496266786,-0.4371627677918366,-0.874223797429654,-0.3275121114733458,-1.1238401889315746,-1.0179227441214143,0.49395100598592556,1.2955583698788895,0.0,1.0,6
-1.1411054985027649,-0.5573150687543503,-0.3945311409162233,1.689689052229661,-0.2000817171662901,1.285549660931165,0.09862517069483252,0.8219444995590294,-0.8940147132631981,-0.5616979120889191,-0.9649886301974224,0.0,1.0,6
-0.3081136096007975,-1.397871132998351,0.6954428656516954,-0.8818464068026846,-0.38447808987504845,1.1991587225967322,0.3116938117789217,-1.3317086057405534,-0.2744745589721178,1.351665751921737,0.6257666661525756,0.0,1.0,7
1.7365028449767599,1.4840353729810796,0.8316896164726855,-0.6111584637466483,0.37944973991837877,-0.5286600440919229,-0.8246722740028872,1.6023029823337258,1.4602378730429044,0.6259071207452813,-0.8812646672316334,1.0,0.0,5
-0.15666053889134865,-1.1577122575000651,-0.25828439009523335,2.1859502811657276,-0.14739703924950215,-0.06790837297494821,0.6135410533147146,1.1661200749312959,-1.6374628984124946,-0.9575662563669859,-1.2998844820605802,0.0,1.0,7
-0.6867462863744191,-0.07699731775777843,-0.803271393379193,0.1783480368334578,-0.4371627677918366,-0.35587816742305745,0.5247624528630108,-0.08449810488668073,-0.4603366052594433,0.6259071207452813,-0.5463688153684757,0.0,1.0,5
0.22197213788227302,1.4239956541065082,-1.9613687753576068,-0.20512654916259376,0.6165307905439255,-0.1830962907541919,-1.215298115990384,0.48458428211497073,-1.2657388058378465,-0.42974179732956375,-1.132436556129002,1.0,0.0,5
-0.9896524277933161,-0.8575136631272077,-0.25828439009523335,-0.9044037353906876,-0.35813575091665456,0.8535949692590012,-0.25648923111198274,-1.4203082588066507,1.0885137804682563,-0.8256101416076306,0.7094906291183647,0.0,1.0,6
-0.5352932156649703,-0.37719591213063575,0.15045586236773625,1.1031985089415821,-0.4898474457086247,-0.010314414085326379,0.32944953186926246,0.30738497598270054,-0.7081526669758754,-0.6276759694685969,-0.6300927783342647,0.0,1.0,5
-0.913925892438592,0.4633601521133647,-0.8713947687896879,-0.6788304495106573,0.4848190957519551,-0.4710660852023011,-1.1975423959000433,0.24604675462924563,1.0265597650391496,1.6155779814404485,-0.4626448524026866,1.0,0.0,6
-0.838199357083868,1.3039162163573657,-2.1657389015890915,-0.6337157923346513,0.5901884515855313,-1.3925694274362506,-1.8722597593329924,0.10292423813782568,2.2656400736213076,0.03210460432818127,0.7932145920841537,1.0,0.0,6
-0.4595666803102463,0.3432807143642219,0.9679363672936755,0.26857735118547,-0.015685344457531777,0.6808130925901357,2.247067301626065,0.7844600309541507,1.7080539347593366,0.4279729486062477,-0.5463688153684757,0.0,1.0,5
-0.6867462863744191,-0.9175533820017792,-0.1901610146847387,-0.6788304495106573,-0.9113248690429295,0.16246746258353914,-0.3275121114733458,-1.8667142031013546,-1.1418307749796304,0.03210460432818127,1.8816261106394159,0.0,1.0,7
0.37342520859172185,0.2832409954896504,1.1723064935251601,0.6069372800055155,-0.5425321236254129,-1.1045996329881413,-0.07893203020857512,0.7163064516725258,0.6548356724645014,1.4836218666810927,-0.4626448524026866,0.0,1.0,6
-0.15666053889134865,-0.7374342253780647,-0.12203763927424371,-0.8141744210386755,-0.4371627677918366,-0.9318177563192758,-0.913450874454591,-1.5838768490825808,-0.15056652811390175,-1.3534346006450526,1.2118344069131004,0.0,1.0,6
0.7520578853653429,0.3432807143642219,1.104183118114665,1.960376995285697,-0.38447808987504845,1.659910393713707,0.96865545512153,1.397842244488851,-0.7701066824049821,-0.09985151043117445,-0.9649886301974224,0.0,1.0,5
-0.9896524277933161,0.4333402926760789,-1.2801350212526574,-0.8141744210386755,-0.4371627677918366,-1.1045996329881413,-0.8956951543642503,-0.783072292523412,0.40701961074806925,-0.09985151043117445,-0.044025037573739836,0.0,1.0,5
2.1908620571051056,-0.43723563100520724,1.512923370577635,-0.6111584637466483,0.2213957061680147,-1.3349754685466286,-1.5704125177971993,0.276715865305992,-0.33642857440122725,-0.03387345305149659,1.6304542217420472,1.0,0.0,6
-0.5352932156649703,-0.31715619325606453,-0.05391426386374872,-0.7465024352746664,-0.5688744625838068,-0.35587816742305745,-0.6293593530091388,-1.3521546795250257,0.28311157988985314,1.0217754650233477,0.7094906291183647,0.0,1.0,7
0.4491517439464459,-0.257116474381493,-0.1901610146847387,2.670932845807793,-0.06837002237431992,-0.41347212631267927,0.364960972049944,1.8067637201786384,-0.39838258983033387,-1.0235443137466638,-1.2998844820605802,0.0,1.0,6
-1.2168320338574896,-0.947573241439065,-0.8713947687896879,0.47159330847749714,-0.2264240561246842,0.3352493392524047,-0.07893203020857512,-0.040198278353594255,0.22115756446074375,-0.8256101416076306,-0.8812646672316334,0.0,1.0,6
-0.38384014495552155,-0.6173547876289218,0.08233248695724127,1.644574395053655,-0.27910873404147235,0.04727954480429546,0.5425181729533516,1.2956118755663757,0.8406977187518241,-0.891588198987308,-0.8812646672316334,0.0,1.0,5
4.00829890561849,0.16316155774050736,1.58104674598813,-0.5434864779826392,0.6955578074191077,-0.29828420853343557,-0.8246722740028872,1.7045333512562009,-0.4603366052594433,1.8794902109591591,-0.1277490005395289,1.0,0.0,6
0.07051906717282422,-0.31715619325606453,-0.1901610146847387,-0.09233990622257862,-0.7269284963341711,-0.1830962907541919,0.7200753738567592,-0.476381185756062,-0.9559687286923076,-1.8152810023027972,0.03969892539204922,0.0,1.0,6
-0.838199357083868,0.0430821199913643,-1.6888752737156272,-0.8141744210386755,0.326765062001591,-0.4710660852023011,-0.11444347038925665,-0.37415081683362456,0.035295518173421,-0.09985151043117445,-1.132436556129002,0.0,1.0,5
-1.6711912459858353,-0.07699731775777843,-0.5989012671477081,1.5317877521136398,-0.7005861573757771,-0.41347212631267927,0.7733425341277815,-0.43548903818707946,1.1504677958973657,0.6918851781249591,1.0443864809815224,0.0,1.0,6
1.0549640267842404,0.763558746486222,-0.12203763927424371,-0.453257163630627,0.5111614347103491,-0.010314414085326379,0.364960972049944,1.0570743480806883,0.4689736261771759,-0.03387345305149659,-0.9649886301974224,1.0,0.0,5
-0.913925892438592,0.40332043323879313,-1.825122024536617,-0.7916170924506725,0.16871102825122655,-0.7590358796504103,0.09862517069483252,-0.4423043961152495,-0.08861251268479507,0.164060719087537,-1.132436556129002,0.0,1.0,6
-0.9896524277933161,-0.7374342253780647,-0.1901610146847387,-0.18256922057459063,-0.5161897846670188,2.2358499826099254,0.5247624528630108,-0.8035183663078844,-0.5842446361176594,1.351665751921737,0.2071468513236288,0.0,1.0,7
-0.23238707424607272,-0.6773945065034932,0.15045586236773625,-0.22768387775059673,-0.25276639508307824,-0.35587816742305745,0.24067093141755863,-0.03338292042546203,-0.15056652811390175,-0.09985151043117445,-0.7138167413000552,0.0,1.0,6
-0.838199357083868,1.7842339673539374,-2.029492150768102,-0.5886011351586452,0.326765062001591,-0.24069024964381375,-1.215298115990384,-0.31281259548013185,1.5221918884720138,-0.5616979120889191,0.37459477725520696,1.0,0.0,5
-0.3081136096007975,-0.9175533820017792,-0.5989012671477081,0.02044673671743654,-0.5952168015422008,2.3510379003891693,1.5901056582834567,-0.10153649970708697,0.035295518173421,1.0217754650233477,-0.37892088943689756,0.0,1.0,5
-0.3081136096007975,-0.13703703663234995,0.014209111546746275,0.8325105658855456,-0.7269284963341711,0.04727954480429546,-0.16771063066027894,-1.0352405358654395,-1.3896468366960626,-1.2874565432653748,1.4630062958104693,0.0,1.0,7
1.5850497742673118,0.10312183886593582,0.49107273942021085,-0.7916170924506725,0.6165307905439255,0.6232191337005138,-1.0554966351773172,0.6890450199598456,1.5221918884720138,1.2856876945420592,0.29087081428941786,1.0,0.0,6
-0.0052074681818998474,-0.6173547876289218,-0.5307778917372133,-0.7465024352746664,-0.3054510729998664,-0.7014419207607885,0.8266096943988038,-0.8648565876613771,0.15920354903163708,-0.03387345305149659,0.542042703186785,0.0,1.0,6
-0.23238707424607272,-0.257116474381493,-0.12203763927424371,-0.8367317496266786,-0.09471236133271399,-0.35587816742305745,1.270502696657323,-0.30258955858789566,0.40701961074806925,0.03210460432818127,-0.5463688153684757,0.0,1.0,4
0.22197213788227302,2.1744921400386517,-0.5307778917372133,-0.7239451066866635,7.9923856988942585,-0.874223797429654,-0.913450874454591,0.648152872390863,-1.3896468366960626,6.9598006291943495,-0.8812646672316334,1.0,0.0,5
1.2064170974936899,0.7035190276116507,0.8998129918831804,-0.5434864779826392,0.2213957061680147,-1.3349754685466286,-1.7124582785199254,0.06884744849701321,0.592881657035392,1.6815560388201263,2.8863136662288875,1.0,0.0,6
-0.838199357083868,1.5440750918556512,-1.620751898305132,-0.7239451066866635,0.37944973991837877,-0.9318177563192758,-1.2330538360807248,-0.3877815326899269,0.9646057496100402,0.03210460432818127,0.37459477725520696,1.0,0.0,5
-1.8983708520500082,-1.187732116937351,-0.1901610146847387,-0.9044037353906876,-0.38447808987504845,0.2776553803627828,-0.4340464320153904,-1.2601473474948244,3.318858335916143,-0.29778568257020804,0.6257666661525756,0.0,1.0,6
0.7520578853653429,1.7842339673539374,-0.3264077655057283,-0.6788304495106573,1.0116658749198362,-1.4501633863258725,-0.6648707931898203,1.0127745215476018,-0.5842446361176594,0.5599290633656034,-1.216160519094791,1.0,0.0,6
-0.913925892438592,1.4239956541065082,-0.803271393379193,-0.5886011351586452,0.4848190957519551,-0.874223797429654,-1.144275235629021,0.05862441160477704,2.203686058192201,0.8898193502639927,1.6304542217420472,1.0,0.0,6
1.282143632848414,0.3432807143642219,1.30855324434615,-0.5434864779826392,-0.12105470029110807,-0.9894117152088977,-1.5526567977068586,0.17107781741945063,0.592881657035392,2.407314669996582,2.3839698884341516,1.0,0.0,7
-0.913925892438592,0.16316155774050736,0.014209111546746275,-0.9044037353906876,-0.09471236133271399,0.04727954480429546,1.8475635995933979,-0.7149187132417871,0.40701961074806925,1.2197096371623812,-0.6300927783342647,0.0,1.0,6
-0.0052074681818998474,1.6041148107302228,-1.620751898305132,-0.22768387775059673,0.6692154684607136,-0.24069024964381375,-0.11444347038925665,0.651560551354967,0.15920354903163708,-0.1658295678108523,-0.9649886301974224,1.0,0.0,5
0.2976986732369971,0.4633601521133647,-0.46265451632671833,-0.25024120633859975,1.2487469255453825,-0.12550233186457005,-0.4340464320153904,1.1388586432186156,-0.4603366052594433,0.2300387764672141,-1.216160519094791,1.0,0.0,5
-0.7624728217291432,-1.0376328197509221,-0.25828439009523335,-0.06978257763457546,-0.5161897846670188,0.5080312159212702,0.32944953186926246,-0.476381185756062,1.1504677958973657,-0.49571985470924124,0.2071468513236288,0.0,1.0,7
-0.5352932156649703,3.225187220343653,-1.9613687753576068,0.1332333796574517,0.5901884515855313,-0.41347212631267927,-1.1975423959000433,0.4164307028333458,2.203686058192201,-0.23180762519053016,0.542042703186785,1.0,0.0,4
2.342315127814555,-0.13703703663234995,0.8998129918831804,0.3136920083614761,0.43213441783516693,-1.4501633863258725,-1.8012368789716293,1.0570743480806883,0.035295518173421,1.8794902109591591,1.7141781847078363,1.0,0.0,8
-0.08093400353662458,-0.6773945065034932,-0.12203763927424371,-0.5434864779826392,-0.5952168015422008,1.8326922703825725,0.5957853332243739,-1.1204325099674706,-1.2037847904087398,0.164060719087537,0.6257666661525756,0.0,1.0,7
-0.15666053889134865,-0.4972753498797788,1.8535402476301093,-0.8141744210386755,-0.5161897846670188,0.565625174810892,0.09862517069483252,-0.919379451086662,0.7167896878936081,-0.8256101416076306,0.458318740220996,0.0,1.0,7
-0.4595666803102463,-0.257116474381493,2.8753908787875333,-0.09233990622257862,-0.4108204288334425,0.3352493392524047,0.7910982542181223,0.034770658856200745,-0.08861251268479507,-0.5616979120889191,-0.5463688153684757,0.0,1.0,5
0.14624560252754895,-0.43723563100520724,1.3766766197566451,2.4115235670457578,-0.06837002237431992,0.3352493392524047,0.43598385241130705,1.1524893590749556,-1.1418307749796304,0.5599290633656034,-0.4347368675382226,0.0,1.0,6
-0.4595666803102463,-0.37719591213063575,0.6273194902412005,0.44903597988949423,-0.27910873404147235,1.659910393713707,1.412548457380049,0.36872319733619324,-0.5222906206885499,-0.36376373994988587,-0.9649886301974224,0.0,1.0,5
0.37342520859172185,1.6641545296047942,-1.8932453999471122,-0.27279853492660283,0.7219001463775018,-0.29828420853343557,-1.2330538360807248,1.1252279273623134,0.7167896878936081,-0.03387345305149659,-0.8812646672316334,1.0,0.0,5
-0.23238707424607272,-0.6773945065034932,0.08233248695724127,1.7573610379936702,-0.015685344457531777,0.7960010103693794,0.96865545512153,1.1933815066439382,1.2124218113264724,-0.7596320842279527,-0.6300927783342647,0.0,1.0,6
1.2064170974936899,-0.257116474381493,0.4229493640097159,-0.6111584637466483,0.08968401137604433,-0.6438479618711667,-0.7536493936415242,0.31760801287497453,1.0265597650391496,1.2197096371623812,1.0443864809815224,1.0,0.0,6
-0.38384014495552155,-0.31715619325606453,0.8998129918831804,2.095720966813716,-0.06837002237431992,-0.010314414085326379,1.1817240962056192,1.4285113551655595,-0.5222906206885499,0.2300387764672141,-1.216160519094791,0.0,1.0,5
0.37342520859172185,0.0430821199913643,0.9679363672936755,1.5317877521136398,0.8272695022110776,1.7750983114929506,1.2172355363863006,1.1456740011467856,-2.257003052703575,-0.42974179732956375,-1.2998844820605802,0.0,1.0,5
-0.9896524277933161,0.4333402926760789,-2.029492150768102,-0.9495183925666938,-0.4898474457086247,-0.4710660852023011,-0.913450874454591,-0.4423043961152495,0.8406977187518241,-1.1555004285060195,-1.0487125931632115,0.0,1.0,5
0.6006048146558948,-0.5573150687543503,-1.2801350212526574,2.749883495865803,-0.5425321236254129,1.0839708048174885,1.856441459638568,1.7386101408970134,-1.6374628984124946,-0.49571985470924124,-0.7138167413000552,0.0,1.0,5
-0.7624728217291432,0.01306226055407853,-0.3264077655057283,1.148313166117588,-0.015685344457531777,0.45043725703164833,1.2882584167476636,0.12337031192229804,0.5309276416062852,0.164060719087537,0.03969892539204922,0.0,1.0,5
-0.08093400353662458,0.2832409954896504,0.49107273942021085,1.3738864519976184,-0.5952168015422008,-0.29828420853343557,1.5901056582834567,0.5663685772529358,-1.0798767595505236,-0.09985151043117445,-0.4626448524026866,0.0,1.0,6
-0.23238707424607272,-0.37719591213063575,0.08233248695724127,-0.8592890782146816,-0.46350510675023066,-0.8166298385400321,-0.29200067129266427,-1.3964545060581122,-0.9559687286923076,-0.9575662563669859,0.9606625180157319,0.0,1.0,6
-0.5352932156649703,-1.2177519763746365,0.014209111546746275,-0.5209291493946361,-0.5161897846670188,-0.7014419207607885,-0.45180215210573116,-0.7149187132417871,1.0885137804682563,1.351665751921737,0.7932145920841537,0.0,1.0,7
-0.15666053889134865,-0.43723563100520724,2.8753908787875333,-0.8367317496266786,3.066368313674572,0.220061421473161,0.11638089078517329,-0.39459689061809694,-1.1418307749796304,-0.49571985470924124,-1.132436556129002,0.0,1.0,6
-0.6867462863744191,-1.0376328197509221,0.014209111546746275,-0.9044037353906876,-0.4371627677918366,0.5080312159212702,0.06311373051415099,-1.9212370665266771,0.5309276416062852,-0.891588198987308,2.132797999536783,0.0,1.0,8
-1.0653789631480408,-0.6773945065034932,-0.05391426386374872,-0.3404705206906119,-0.33179341195826045,0.2776553803627828,0.7733425341277815,-1.5395770225495322,-0.21252054354301114,-1.0895223711263415,1.2955583698788895,0.0,1.0,7
-0.5352932156649703,-1.2777916952492079,-0.3264077655057283,-0.5434864779826392,-0.5688744625838068,0.1048735036939173,-0.6826265132801611,-1.0556866096499498,-0.08861251268479507,1.4836218666810927,0.6536746510170396,0.0,1.0,6
0.22197213788227302,2.0544127022895093,-1.6888752737156272,-0.5660438065706422,0.03699933345925637,-1.4501633863258725,-1.8722597593329924,0.6208914406782207,0.9646057496100402,0.09808266170785913,0.29087081428941786,1.0,0.0,4
-0.913925892438592,-0.19707675550692147,-0.3264077655057283,-0.6111584637466483,-0.38447808987504845,-0.6438479618711667,0.09862517069483252,-1.6963302548972923,0.592881657035392,-0.8256101416076306,1.7979021476736254,0.0,1.0,7
-0.7624728217291432,0.763558746486222,-0.7351480179686981,-0.9044037353906876,-0.33179341195826045,-0.9894117152088977,-0.29200067129266427,-0.3571124220131805,-0.5222906206885499,-0.49571985470924124,-1.132436556129002,0.0,1.0,5
-1.2168320338574896,-0.4972753498797788,-0.9395181442001829,-0.8141744210386755,-0.5952168015422008,-0.7014419207607885,0.364960972049944,-0.9398255248711721,0.592881657035392,-1.2214784858856973,-0.2951969264711085,0.0,1.0,6
-0.08093400353662458,1.4840353729810796,-2.0976155261785965,-0.5660438065706422,0.5375037736687432,-0.5862540029815447,-0.5228250324670942,1.0093668425835358,2.0178240119048754,0.3619948912265698,-0.6300927783342647,1.0,0.0,5
-1.2168320338574896,-1.0976725386254935,-0.3264077655057283,-0.8141744210386755,-0.33179341195826045,1.314346640375976,0.9508997350311892,-0.919379451086662,0.3450655953189598,-1.0895223711263415,-0.37892088943689756,0.0,1.0,6
-0.913925892438592,-0.13703703663234995,-0.12203763927424371,0.5167079656535033,3.0927106526329657,0.9111889281486231,0.7910982542181223,0.23582371773700947,-0.2744745589721178,-0.29778568257020804,-0.9649886301974224,0.0,1.0,5
-0.6867462863744191,-0.13703703663234995,0.014209111546746275,-0.7916170924506725,-0.5161897846670188,-1.0470056740985194,-0.6826265132801611,-1.5566154173699385,0.4689736261771759,-0.49571985470924124,1.4630062958104693,0.0,1.0,6
-0.913925892438592,-0.13703703663234995,0.014209111546746275,-0.047225249046572514,-0.4108204288334425,0.565625174810892,1.270502696657323,-0.7319571080621934,-0.026658497255685663,0.03210460432818127,0.37459477725520696,0.0,1.0,6
-1.5954647106311113,-0.7974739442526363,-0.25828439009523335,-0.8141744210386755,-0.25276639508307824,1.0263768459278668,0.5957853332243739,-0.9602715986556445,1.7080539347593366,-0.29778568257020804,-0.1277490005395289,0.0,1.0,5
-0.4595666803102463,-1.2777916952492079,-0.12203763927424371,-0.024667920458569362,0.03699933345925637,0.9687828870382449,0.2939380916885809,0.034770658856200745,1.7700079501884434,-0.5616979120889191,-0.21147296350531794,0.0,1.0,6
-0.913925892438592,0.6434793087370793,0.6954428656516954,-0.8818464068026846,-0.14739703924950215,1.7750983114929506,1.4658156176510713,-0.4423043961152495,-1.2657388058378465,-0.891588198987308,-1.2998844820605802,0.0,1.0,5
-0.23238707424607272,-0.13703703663234995,-1.0076415196106776,0.5843799514175123,-0.38447808987504845,2.2358499826099254,1.856441459638568,0.4777689241868007,-0.5842446361176594,-0.891588198987308,-1.3836084450263693,0.0,1.0,5
0.14624560252754895,0.10312183886593582,0.014209111546746275,-0.7013877780986604,-0.5425321236254129,-0.1830962907541919,0.08086945060449176,-0.8648565876613771,-0.4603366052594433,-0.29778568257020804,0.542042703186785,0.0,1.0,6
0.4491517439464459,1.5440750918556512,-0.3945311409162233,-0.6788304495106573,0.6165307905439255,0.04727954480429546,0.2939380916885809,0.5868146510374082,-0.08861251268479507,-0.09985151043117445,-0.5463688153684757,1.0,0.0,5
1.5093232389125861,-1.2177519763746365,0.3548259885992209,-0.8818464068026846,-0.5952168015422008,0.3352493392524047,-0.540580752557435,-1.069317325506252,-1.0798767595505236,0.09808266170785913,0.8769385550499428,0.0,1.0,6
-1.3682851045669377,0.4633601521133647,-0.3264077655057283,-0.6788304495106573,0.932638858044654,-0.41347212631267927,-1.0554966351773172,0.07225512746107933,3.442766366774359,0.6918851781249591,1.4630062958104693,1.0,0.0,7
0.6763313500106188,-1.3378314141237795,0.4229493640097159,-0.9269610639786906,-0.5952168015422008,0.3352493392524047,-0.5050693123767535,-1.444162011555227,-2.6287271452782233,0.09808266170785913,1.2118344069131004,0.0,1.0,6
-0.0052074681818998474,1.2438764974827943,-1.5526285228946373,-0.7916170924506725,1.3541162813789587,-0.8166298385400321,0.6490524934953962,-0.23784365827033685,-0.9559687286923076,0.2300387764672141,-1.132436556129002,0.0,1.0,4
-1.2925585692122137,0.1931814171777931,0.4229493640097159,-0.7465024352746664,-0.5425321236254129,-0.7590358796504103,-0.29200067129266427,-1.0488712517217795,0.40701961074806925,-0.9575662563669859,-0.044025037573739836,0.0,1.0,6
-0.23238707424607272,0.883638184235365,-0.5307778917372133,-0.8592890782146816,-0.2000817171662901,-0.9894117152088977,0.18740377114653634,-0.4423043961152495,-0.33642857440122725,-0.1658295678108523,-0.9649886301974224,0.0,1.0,5
0.6006048146558948,0.4633601521133647,0.28670261318872586,-0.0021105918705664113,-0.5161897846670188,0.220061421473161,-0.238733511021642,-0.851225871805037,-0.5842446361176594,0.2300387764672141,1.4630062958104693,0.0,1.0,7
-0.838199357083868,-0.257116474381493,0.014209111546746275,-0.6337157923346513,-0.38447808987504845,0.6232191337005138,0.48925101268232934,-1.6963302548972923,0.5309276416062852,-0.6276759694685969,1.7979021476736254,0.0,1.0,7
3.023853946007073,0.9436779031099366,2.8753908787875333,0.03172540101143822,1.1433775697118065,-1.4501633863258725,-1.7302139986102663,1.7386101408970134,-0.026658497255685663,0.5599290633656034,0.542042703186785,1.0,0.0,5
-0.0052074681818998474,1.8742935456657945,-1.9613687753576068,-0.7239451066866635,0.5638461126271372,-1.3349754685466286,-1.81899259906197,0.46754588729456453,0.7167896878936081,-0.9575662563669859,-0.8812646672316334,1.0,0.0,5
-1.2925585692122137,-0.7974739442526363,-0.46265451632671833,-0.8592890782146816,-0.4371627677918366,-0.7014419207607885,-0.7003822333705019,-1.512315590836852,0.5309276416062852,0.164060719087537,0.6257666661525756,0.0,1.0,6
0.22197213788227302,1.5440750918556512,-1.9613687753576068,-0.7239451066866635,1.0116658749198362,-0.29828420853343557,-0.2742449512023235,0.17107781741945063,0.7787437033227175,0.03210460432818127,-0.37892088943689756,1.0,0.0,5
-0.9896524277933161,-0.37719591213063575,-1.2120116458421626,0.8099532372975426,-0.647901479458989,-0.010314414085326379,0.48925101268232934,0.3142003339108706,0.3450655953189598,-0.6276759694685969,-0.8812646672316334,0.0,1.0,6
-0.4595666803102463,-0.5573150687543503,0.6954428656516954,1.4190011091736248,-0.2000817171662901,2.6966016537269,2.0695101007226575,0.7163064516725258,0.09724953360253041,-0.09985151043117445,-0.8812646672316334,0.0,1.0,6
-0.6110197510196944,0.5233998709879362,0.014209111546746275,-0.8141744210386755,-0.2264240561246842,-1.1621935918777633,-0.842427994093228,-0.851225871805037,-0.8940147132631981,-0.8256101416076306,0.7094906291183647,0.0,1.0,5
0.6006048146558948,0.2832409954896504,-0.12203763927424371,-0.7013877780986604,0.458476756793561,0.1048735036939173,-0.540580752557435,0.9105441526251645,1.0265597650391496,0.49395100598592556,-1.2998844820605802,1.0,0.0,5
-0.6110197510196944,-0.5573150687543503,0.3548259885992209,-0.11489723481058156,-0.46350510675023066,0.6232191337005138,0.5780296131340331,-0.8171490821642245,-0.2744745589721178,-0.891588198987308,0.458318740220996,0.0,1.0,7
-0.5352932156649703,-1.0376328197509221,1.512923370577635,0.7873959087095397,0.6692154684607136,1.9478801881618162,0.8621211345794854,0.4777689241868007,-2.0711410064162497,-0.9575662563669859,-1.4673324079921584,0.0,1.0,6
4.6141111884562855,-0.0169575988832069,1.3766766197566451,-0.4081425064546209,0.9853235359614421,-0.7590358796504103,-1.0910080753579987,2.3519923544317134,-1.0798767595505236,1.813512153579482,-0.8812646672316334,1.0,0.0,6
-0.3081136096007975,-0.31715619325606453,-0.6670246425582032,-0.3630278492786149,-0.5688744625838068,0.565625174810892,0.13413661087551404,-1.450977369483397,-0.8320606978340915,-0.42974179732956375,1.4630062958104693,0.0,1.0,6
-0.4595666803102463,-0.13703703663234995,0.6273194902412005,0.49415063706550033,-0.2264240561246842,1.4295345581552197,1.1284569359345968,0.29716193909046434,-0.15056652811390175,-0.49571985470924124,-0.9649886301974224,0.0,1.0,5
-0.7624728217291432,-0.6773945065034932,-0.5989012671477081,-0.8592890782146816,-1.0166942248765056,-0.7014419207607885,0.24067093141755863,-0.926194809014832,-1.0798767595505236,-1.6833248875434417,0.03969892539204922,0.0,1.0,5
1.5093232389125861,0.5233998709879362,1.1723064935251601,-0.5886011351586452,0.7745848242942895,-0.41347212631267927,0.027602290333469462,1.0570743480806883,0.035295518173421,0.6918851781249591,-0.8812646672316334,1.0,0.0,5
1.282143632848414,2.444670874974223,-1.2120116458421626,-0.5660438065706422,0.7745848242942895,-1.219787550767385,-1.4993896374358362,1.2751658017819034,0.7167896878936081,0.6918851781249591,-0.044025037573739836,1.0,0.0,5
-0.5352932156649703,-0.31715619325606453,1.44479999516714,-0.7465024352746664,-0.4371627677918366,0.6232191337005138,1.3770370171993676,-0.783072292523412,0.22115756446074375,0.3619948912265698,-0.1277490005395289,0.0,1.0,7
-0.7624728217291432,0.10312183886593582,0.8998129918831804,1.2159851518815974,0.08968401137604433,-0.4710660852023011,1.2349912564766414,0.8900980788406921,0.5309276416062852,0.164060719087537,-0.6300927783342647,0.0,1.0,6
-0.0052074681818998474,-1.2177519763746365,0.014209111546746275,-0.8818464068026846,-0.9113248690429295,1.0263768459278668,0.027602290333469462,-0.7898876504515822,-1.1418307749796304,0.8898193502639927,-0.4626448524026866,0.0,1.0,6
-0.6110197510196944,-0.0169575988832069,-0.803271393379193,2.2310649383417336,0.08968401137604433,0.3928432981420265,0.8443654144891446,1.2956118755663757,-0.5842446361176594,-0.5616979120889191,-1.2998844820605802,0.0,1.0,4
0.37342520859172185,-0.43723563100520724,1.9897869984510992,1.5769024092896458,-0.27910873404147235,1.9478801881618162,1.1462126560249377,1.2615350859255632,-0.9559687286923076,-0.49571985470924124,-1.3836084450263693,0.0,1.0,5
-1.5197381752763865,-0.04697745832049266,-0.803271393379193,-0.7465024352746664,-0.6215591405005949,-0.7590358796504103,-0.7181379534608426,-1.525946306693192,0.7167896878936081,-0.36376373994988587,1.4630062958104693,0.0,1.0,6
-0.38384014495552155,-0.4972753498797788,0.49107273942021085,0.3136920083614761,3.013683635757784,1.9478801881618162,1.5190827779220937,0.3823539131924955,-0.21252054354301114,-1.0235443137466638,-0.9649886301974224,0.0,1.0,6
-0.6867462863744191,-0.5573150687543503,-0.6670246425582032,-0.385585177866618,-0.2264240561246842,0.6232191337005138,0.8266096943988038,-0.6603958498164645,-0.39838258983033387,-0.23180762519053016,-0.044025037573739836,0.0,1.0,6
-0.15666053889134865,-1.1577122575000651,0.4229493640097159,-0.6337157923346513,-0.25276639508307824,0.16246746258353914,-0.3275121114733458,-0.5786115546784993,-0.5842446361176594,-0.9575662563669859,-0.1277490005395289,0.0,1.0,8
-0.838199357083868,-1.0376328197509221,-0.25828439009523335,-0.5660438065706422,-0.7532708352925652,-0.4710660852023011,-0.29200067129266427,-1.2874087792074669,-0.39838258983033387,-1.0895223711263415,0.458318740220996,0.0,1.0,7
0.6763313500106188,-0.8575136631272077,0.28670261318872586,1.058083851765576,-0.33179341195826045,1.8902862292721943,0.8443654144891446,0.8526136102357758,-0.7701066824049821,-0.49571985470924124,-0.4626448524026866,0.0,1.0,6
-0.3081136096007975,0.2832409954896504,0.15045586236773625,0.5392652942415064,-0.9640095469597175,0.45043725703164833,0.32944953186926246,-0.8103337242360544,-0.2744745589721178,-0.6276759694685969,1.2118344069131004,0.0,1.0,7
-0.08093400353662458,-0.6773945065034932,-0.5307778917372133,0.0881187224814458,-0.46350510675023066,1.717504352603329,1.4480598975607306,0.10292423813782568,-0.21252054354301114,1.6155779814404485,-0.4626448524026866,0.0,1.0,4
-0.0052074681818998474,0.3432807143642219,2.0579103738615943,1.3062144662336095,-0.4108204288334425,2.293443941499547,1.3237698569283451,1.0570743480806883,-0.8940147132631981,-0.29778568257020804,-1.634780333923738,0.0,1.0,4
-0.3081136096007975,-1.1577122575000651,0.08233248695724127,-0.06978257763457546,0.06334167241765026,0.04727954480429546,0.06311373051415099,0.3755385552643633,1.2743758267555818,-0.9575662563669859,-1.2998844820605802,0.0,1.0,7
0.5248782793011707,-0.7374342253780647,-0.5307778917372133,-0.09233990622257862,-0.33179341195826045,0.5080312159212702,0.7910982542181223,-0.6126883443193119,-1.451600852125169,-1.6833248875434417,0.7932145920841537,0.0,1.0,6
0.4491517439464459,-0.7374342253780647,0.4229493640097159,1.1934278232935944,0.06334167241765026,-0.12550233186457005,-0.2742449512023235,0.7503832413133383,-0.646198651546766,-0.42974179732956375,-0.4626448524026866,0.0,1.0,6
0.6006048146558948,-0.4972753498797788,-0.25828439009523335,-0.047225249046572514,-0.17373937820789603,0.220061421473161,0.6312967734050554,-0.0436059573176982,-0.5842446361176594,-0.23180762519053016,-0.4626448524026866,0.0,1.0,6
-0.23238707424607272,-0.257116474381493,0.08233248695724127,-0.20512654916259376,-0.5688744625838068,-0.24069024964381375,0.7200753738567592,-0.6808419236009368,0.15920354903163708,1.6815560388201263,1.4630062958104693,0.0,1.0,8
-1.0653789631480408,-0.37719591213063575,-0.12203763927424371,-0.7916170924506725,-0.8059555132093533,0.04727954480429546,-0.007909149847212065,-1.6963302548972923,0.592881657035392,0.4279729486062477,1.6304542217420472,0.0,1.0,7
-0.3081136096007975,2.8349290476589375,-2.1657389015890915,-0.8592890782146816,5.542548175763613,-0.8166298385400321,-1.517145357526177,0.07225512746107933,0.592881657035392,-0.1658295678108523,-0.6300927783342647,1.0,0.0,3
0.2976986732369971,-0.13703703663234995,0.21857923777823088,-0.7690597638626695,0.932638858044654,-0.35587816742305745,0.4182281323209663,-0.040198278353594255,-0.21252054354301114,-0.6276759694685969,-0.6300927783342647,0.0,1.0,5
-0.6867462863744191,-0.257116474381493,-0.803271393379193,-0.2953558635146058,-0.46350510675023066,0.220061421473161,0.3116938117789217,-0.9943483882964569,-1.3896468366960626,-1.0235443137466638,0.12342288835783828,0.0,1.0,5
-0.4595666803102463,0.9436779031099366,-1.8932453999471122,-0.6562731209226543,0.3004227230431969,-1.3925694274362506,-1.7834811588812884,0.3414617656235508,1.0265597650391496,0.6918851781249591,-0.9649886301974224,1.0,0.0,6
-0.0052074681818998474,1.6341346701675084,-1.4845051474841422,-0.8141744210386755,0.3004227230431969,-0.29828420853343557,0.7023196537664185,0.1676701384553845,-0.15056652811390175,-0.36376373994988587,-0.7138167413000552,0.0,1.0,4
-1.1411054985027649,-0.7374342253780647,-0.25828439009523335,-0.8367317496266786,-0.7796131742509592,-0.24069024964381375,-0.238733511021642,-1.7099609707535945,0.7787437033227175,-1.0235443137466638,1.6304542217420472,0.0,1.0,7
-0.6867462863744191,2.11445242116408,1.58104674598813,1.7799183665816731,-0.015685344457531777,1.6023164348240853,2.4423802226198132,1.2138275804284107,0.40701961074806925,-0.29778568257020804,-1.5510563709579488,0.0,1.0,5
1.5850497742673118,-0.13703703663234995,1.7172934968091194,-0.6788304495106573,0.458476756793561,-0.1830962907541919,-0.8779394342739095,0.8185368205949632,0.3450655953189598,1.6815560388201263,0.12342288835783828,1.0,0.0,5
-0.5352932156649703,-0.13703703663234995,1.104183118114665,0.6746092657695245,-0.8059555132093533,-0.7014419207607885,-0.4695578721960719,-1.0420558937936095,-0.026658497255685663,1.6815560388201263,1.7979021476736254,0.0,1.0,4
0.4491517439464459,-0.7974739442526363,1.1723064935251601,-0.825453085332677,-0.12105470029110807,-1.3925694274362506,-1.1797866758097024,-1.157916978572387,-0.4603366052594433,-1.6833248875434417,0.7094906291183647,0.0,1.0,5
0.6763313500106188,-0.07699731775777843,-0.6670246425582032,0.04300406530543969,-0.25276639508307824,-0.35587816742305745,0.6490524934953962,0.2630851494496519,-0.026658497255685663,-0.42974179732956375,-0.21147296350531794,0.0,1.0,5
-0.6867462863744191,-0.6173547876289218,0.21857923777823088,-0.6111584637466483,-0.46350510675023066,0.7384070514797575,-0.09668775029891588,-1.3419316426327896,0.7167896878936081,-0.6276759694685969,1.0443864809815224,0.0,1.0,6
-0.4595666803102463,-0.5573150687543503,0.6273194902412005,0.5392652942415064,-0.35813575091665456,-0.06790837297494821,0.6490524934953962,0.034770658856200745,-0.4603366052594433,0.4279729486062477,-0.2951969264711085,0.0,1.0,7
-0.838199357083868,-1.1577122575000651,0.21857923777823088,2.434080895633761,-0.38447808987504845,1.4295345581552197,0.7733425341277815,0.6549682303190331,0.09724953360253041,-1.0895223711263415,0.03969892539204922,0.0,1.0,5
-1.2168320338574896,2.11445242116408,-1.756998649126122,0.40392132271348813,-0.38447808987504845,-1.219787550767385,-0.540580752557435,-0.060644352138104436,1.3363298421846885,-0.6276759694685969,-0.2951969264711085,0.0,1.0,5
-0.6867462863744191,-0.5573150687543503,-0.3264077655057283,0.35880666553748203,-0.06837002237431992,0.565625174810892,0.7733425341277815,-0.2446590161985069,-0.15056652811390175,-0.36376373994988587,-0.21147296350531794,0.0,1.0,5
-0.23238707424607272,-0.257116474381493,1.1723064935251601,0.5843799514175123,0.010656994500862296,-0.29828420853343557,0.7378310939471,0.5799992931092381,1.2743758267555818,0.6259071207452813,0.37459477725520696,0.0,1.0,7
-0.23238707424607272,0.5834395898625077,0.6954428656516954,0.7873959087095397,-0.2264240561246842,-1.1621935918777633,0.5780296131340331,0.9889207687990256,0.592881657035392,-0.49571985470924124,-0.8812646672316334,0.0,1.0,6
-0.0052074681818998474,0.5834395898625077,-0.25828439009523335,-0.3630278492786149,-0.2264240561246842,-0.4710660852023011,-0.04342059002789359,-0.8921180193740196,-0.08861251268479507,-1.0895223711263415,0.6257666661525756,0.0,1.0,7
0.22197213788227302,0.22320127661507888,-0.1901610146847387,-0.024667920458569362,-0.9376672080013234,0.45043725703164833,-0.02566486993755283,-1.444162011555227,-0.8940147132631981,-0.36376373994988587,2.049074036570994,0.0,1.0,7
-0.4595666803102463,-0.6173547876289218,-0.25828439009523335,-0.7239451066866635,-0.7532708352925652,0.5080312159212702,0.3116938117789217,-0.9125640931584919,0.7167896878936081,-0.49571985470924124,0.7094906291183647,0.0,1.0,5
-1.1411054985027649,-0.5873349281916361,0.08233248695724127,-0.8818464068026846,-0.2000817171662901,-0.12550233186457005,0.6312967734050554,-0.6126883443193119,-0.5842446361176594,-0.7596320842279527,-1.0487125931632115,0.0,1.0,5
-0.6867462863744191,1.5440750918556512,-1.4845051474841422,-0.7690597638626695,-0.2264240561246842,-1.0470056740985194,-1.5704125177971993,-0.49001190161236424,2.0178240119048754,-0.1658295678108523,1.2955583698788895,1.0,0.0,5
2.5694947338787273,2.924988625970795,0.3548259885992209,-0.5434864779826392,0.7745848242942895,-0.24069024964381375,-0.7891608338222057,1.2274582962847507,-0.39838258983033387,-0.09985151043117445,-0.5463688153684757,1.0,0.0,5
-0.5352932156649703,-0.7974739442526363,0.5591961148307059,0.5167079656535033,-0.4108204288334425,1.0839708048174885,0.0098465702431287,-0.619503702247482,-0.08861251268479507,-0.6936540268482748,0.37459477725520696,0.0,1.0,6
-0.3081136096007975,-0.5573150687543503,-0.05391426386374872,1.8701476809336854,-0.17373937820789603,2.2358499826099254,1.5545942181027752,0.9207671895174007,-0.026658497255685663,-0.36376373994988587,-0.7138167413000552,0.0,1.0,6
-0.6110197510196944,-0.37719591213063575,0.8316896164726855,0.47159330847749714,-0.2264240561246842,1.0839708048174885,1.1462126560249377,0.2664928284137558,-0.4603366052594433,-0.36376373994988587,-1.132436556129002,0.0,1.0,5
-0.08093400353662458,0.10312183886593582,-0.5307778917372133,-0.7239451066866635,-0.8322978521677473,0.1048735036939173,-0.22097779093130124,-1.4305312956989247,0.7167896878936081,0.3619948912265698,1.8816261106394159,0.0,1.0,6
-1.5954647106311113,1.4540155135437938,-2.1657389015890915,-0.7465024352746664,-0.33179341195826045,-0.9318177563192758,-0.5050693123767535,-0.6331344181038221,2.079778027333985,2.671226899515293,1.965350073605205,1.0,0.0,7
-0.4595666803102463,-1.2177519763746365,0.8316896164726855,-0.7690597638626695,-0.38447808987504845,0.9687828870382449,0.4537395725016478,-0.5104579753968744,0.592881657035392,-0.1658295678108523,-0.2951969264711085,0.0,1.0,6
-0.9896524277933161,0.8235984653607935,-0.12203763927424371,-0.7916170924506725,-0.5161897846670188,-0.6438479618711667,-0.6471150730994796,-1.3385239636687234,1.5221918884720138,-0.7596320842279527,1.1281104439473115,0.0,1.0,7
-0.0052074681818998474,2.9550084854080807,-2.1657389015890915,-0.6788304495106573,2.8819719409658138,-1.5077573452154942,-1.8367483191523108,0.5391071455402556,1.0265597650391496,-0.09985151043117445,-0.4626448524026866,1.0,0.0,5
-0.6867462863744191,-0.8575136631272077,-0.3945311409162233,-0.06978257763457546,-0.4371627677918366,4.482014379305177,0.9508997350311892,-0.5854269126066695,-0.9559687286923076,1.4176438093014148,0.12342288835783828,0.0,1.0,7
-0.38384014495552155,-0.8575136631272077,-0.5307778917372133,0.33624933694947906,-0.33179341195826045,-0.12550233186457005,-0.25648923111198274,-0.3468893851209443,-0.646198651546766,-1.3534346006450526,-0.2951969264711085,0.0,1.0,6
0.37342520859172185,-0.5573150687543503,1.1723064935251601,-0.5660438065706422,-0.25276639508307824,0.04727954480429546,0.96865545512153,-0.6740265656728046,-0.9559687286923076,0.2300387764672141,0.03969892539204922,0.0,1.0,6
2.0394089863956575,0.9436779031099366,1.240429868935655,1.9829343238737005,3.9093231603431815,1.0263768459278668,-0.5760921927381165,2.699575608768046,-0.39838258983033387,1.4176438093014148,-1.4673324079921584,1.0,0.0,5
-0.3081136096007975,-0.37719591213063575,0.15045586236773625,0.5618226228295093,-0.5688744625838068,0.220061421473161,1.1107012158442562,0.8253521785231333,0.6548356724645014,-0.6936540268482748,-1.216160519094791,0.0,1.0,5
-0.6110197510196944,0.0430821199913643,-0.7351480179686981,-0.6562731209226543,-0.14739703924950215,0.9111889281486231,1.0041668953022116,-0.4423043961152495,-0.39838258983033387,-0.23180762519053016,-0.8812646672316334,0.0,1.0,5
-1.0653789631480408,-0.37719591213063575,-0.3264077655057283,-0.5434864779826392,-0.06837002237431992,-0.010314414085326379,0.7378310939471,-1.0556866096499498,1.8939159810466595,-0.7596320842279527,1.5467302587762581,0.0,1.0,5
-0.23238707424607272,-0.37719591213063575,-0.05391426386374872,0.49415063706550033,-0.4371627677918366,0.9687828870382449,0.9508997350311892,0.034770658856200745,0.40701961074806925,0.2300387764672141,0.03969892539204922,0.0,1.0,7
-0.15666053889134865,0.22320127661507888,1.1723064935251601,-0.5660438065706422,1.0643505528366244,0.16246746258353914,-0.5228250324670942,0.5799992931092381,1.0265597650391496,1.5495999240607705,0.7094906291183647,1.0,0.0,6
-0.0052074681818998474,0.9436779031099366,-0.9395181442001829,-0.6562731209226543,0.37944973991837877,-1.0470056740985194,-1.4816339173454955,1.0604820270447546,1.8319619656175528,1.2197096371623812,-0.7975407042658443,1.0,0.0,6
0.07051906717282422,0.883638184235365,-1.4845051474841422,-0.5434864779826392,0.3004227230431969,-1.5077573452154942,-1.7834811588812884,0.3823539131924955,0.4689736261771759,-0.42974179732956375,-0.044025037573739836,1.0,0.0,5
0.37342520859172185,2.084432561726794,1.1723064935251601,-0.7239451066866635,1.5385126540877172,-0.5862540029815447,-0.04342059002789359,0.7844600309541507,-0.08861251268479507,1.1537315797827035,-1.0487125931632115,1.0,0.0,5
-0.38384014495552155,0.5834395898625077,-0.05391426386374872,-0.7013877780986604,-0.7005861573757771,0.6232191337005138,-0.1854663507506197,-1.532761664621362,0.40701961074806925,0.5599290633656034,1.7141781847078363,0.0,1.0,7
1.5093232389125861,-0.13703703663234995,0.6954428656516954,-0.8367317496266786,-0.27910873404147235,-0.9318177563192758,1.270502696657323,0.13700102777863815,-0.8940147132631981,-0.36376373994988587,-0.7975407042658443,0.0,1.0,5
-1.3682851045669377,-0.43723563100520724,-0.6670246425582032,-0.09233990622257862,-0.9113248690429295,-0.06790837297494821,-0.1321991904795974,-1.9110140296344031,0.6548356724645014,0.03210460432818127,2.7188657402973093,0.0,1.0,6
-0.38384014495552155,-0.0169575988832069,-0.3945311409162233,-0.7013877780986604,-0.4898474457086247,1.6023164348240853,0.4182281323209663,-1.7712991921070873,-1.3896468366960626,-0.42974179732956375,1.3792823328446786,0.0,1.0,7
0.2976986732369971,0.5233998709879362,-0.05391426386374872,-0.6562731209226543,0.326765062001591,-0.9894117152088977,-0.7181379534608426,0.4436921345459882,0.22115756446074375,0.03210460432818127,-0.5463688153684757,1.0,0.0,6
-0.15666053889134865,-1.0976725386254935,-0.46265451632671833,2.095720966813716,-0.33179341195826045,-0.1830962907541919,0.6135410533147146,1.1933815066439382,-1.9472329755580335,-0.49571985470924124,-1.132436556129002,0.0,1.0,6
-0.5352932156649703,-0.6173547876289218,-0.1901610146847387,0.7197239229455304,-0.35813575091665456,0.1048735036939173,0.7378310939471,0.01091690610762445,-0.5842446361176594,1.0877535224030255,-0.37892088943689756,0.0,1.0,6
-0.38384014495552155,3.0750879231572235,-2.029492150768102,-0.7013877780986604,0.19505336720962063,-0.06790837297494821,-1.35734387671311,0.07566280642518328,0.4689736261771759,0.164060719087537,0.16528486984073354,1.0,0.0,6
0.8277844207200683,0.5233998709879362,-0.12203763927424371,-0.3630278492786149,0.5901884515855313,-1.3349754685466286,-1.4283667570744731,1.1524893590749556,0.8406977187518241,0.49395100598592556,-0.044025037573739836,1.0,0.0,5
-1.3682851045669377,-0.6773945065034932,0.28670261318872586,-0.7916170924506725,-0.7005861573757771,2.5238197770580344,0.11638089078517329,-1.6145459597593272,0.09724953360253041,3.001117186413682,1.2955583698788895,0.0,1.0,7
1.357870168203138,-0.257116474381493,1.1723064935251601,0.49415063706550033,-0.46350510675023066,0.1048735036939173,-0.540580752557435,-0.23784365827033685,-1.7613709292707107,-1.4194126580247306,0.7932145920841537,0.0,1.0,6
-0.0052074681818998474,-0.43723563100520724,-0.3264077655057283,-0.5886011351586452,-0.2264240561246842,-0.010314414085326379,0.6135410533147146,-0.3059972375519618,-0.7701066824049821,-0.1658295678108523,-1.132436556129002,0.0,1.0,6
0.07051906717282422,-0.7374342253780647,1.240429868935655,1.960376995285697,-0.2000817171662901,1.4871285170448414,1.3237698569283451,1.6704565616153506,0.09724953360253041,0.8238412928843148,-1.2998844820605802,0.0,1.0,6
-0.5352932156649703,-1.0976725386254935,0.08233248695724127,-0.9044037353906876,-0.7796131742509592,-0.41347212631267927,-0.7003822333705019,-1.2601473474948244,0.4689736261771759,-0.9575662563669859,0.7094906291183647,0.0,1.0,7
-1.5197381752763865,-1.0976725386254935,0.15045586236773625,-0.9495183925666938,-0.7269284963341711,-0.24069024964381375,-0.6648707931898203,-1.004571425188693,0.15920354903163708,-0.1658295678108523,-0.37892088943689756,0.0,1.0,6
-0.15666053889134865,-1.1577122575000651,-0.12203763927424371,1.8701476809336854,-0.2000817171662901,0.9111889281486231,0.09862517069483252,0.8662443260921159,-0.15056652811390175,-1.1555004285060195,-0.8812646672316334,0.0,1.0,7
0.6763313500106188,-0.7374342253780647,-0.25828439009523335,0.6069372800055155,-0.35813575091665456,1.5447224759344633,1.0929454957539153,0.30738497598270054,-0.646198651546766,0.09808266170785913,-0.4626448524026866,0.0,1.0,5
-0.0052074681818998474,0.5233998709879362,-0.5307778917372133,0.38136399412548516,0.03699933345925637,0.565625174810892,0.8621211345794854,0.17107781741945063,-0.15056652811390175,-0.8256101416076306,-0.5463688153684757,0.0,1.0,5
-0.0052074681818998474,1.7542141079166516,-1.6888752737156272,-0.5434864779826392,0.5375037736687432,-0.8166298385400321,-0.5050693123767535,1.0161822005117058,1.7700079501884434,0.03210460432818127,-0.7138167413000552,1.0,0.0,5
0.2976986732369971,-0.3471760526933503,0.014209111546746275,2.1633929525777247,0.16871102825122655,0.1048735036939173,1.5368384980124343,1.1933815066439382,-1.3896468366960626,-0.5616979120889191,-1.132436556129002,0.0,1.0,5
-0.0052074681818998474,1.003717621984508,-0.5307778917372133,1.125755837529585,0.958981197003048,0.2776553803627828,1.4658156176510713,1.2274582962847507,1.1504677958973657,-0.42974179732956375,-1.2998844820605802,0.0,1.0,5
-0.4595666803102463,-0.7974739442526363,0.49107273942021085,-0.6111584637466483,-0.4108204288334425,0.04727954480429546,-0.22097779093130124,-0.779664613559308,-0.026658497255685663,0.296016833846892,0.29087081428941786,0.0,1.0,7
0.07051906717282422,-0.7374342253780647,-0.3945311409162233,-0.7916170924506725,-0.4371627677918366,0.1048735036939173,1.0219226153925522,-0.8716719455895093,0.28311157988985314,-0.36376373994988587,0.542042703186785,0.0,1.0,6
0.14624560252754895,1.964353123977652,-1.3482583966631525,-0.7690597638626695,3.408818720133694,-1.4501633863258725,-1.6591911182489032,0.5118457138276131,1.0265597650391496,0.03210460432818127,-0.8812646672316334,1.0,0.0,5
-1.2168320338574896,-0.2871363338187788,-0.803271393379193,-0.6337157923346513,-0.2000817171662901,-0.7014419207607885,0.3472052519596032,-0.2446590161985069,-0.08861251268479507,0.9557974076436706,-0.4626448524026866,0.0,1.0,5
0.2976986732369971,-0.43723563100520724,0.6954428656516954,-0.5434864779826392,-0.33179341195826045,-0.06790837297494821,-0.07893203020857512,-1.1238401889315746,0.5309276416062852,-0.1658295678108523,1.7979021476736254,0.0,1.0,6
-0.38384014495552155,-0.9775931008763507,-0.8713947687896879,-0.06978257763457546,-0.27910873404147235,1.5447224759344633,0.8266096943988038,0.034770658856200745,0.592881657035392,0.8238412928843148,-0.044025037573739836,0.0,1.0,6
3.932572370263766,0.4633601521133647,1.1723064935251601,-0.09233990622257862,0.43213441783516693,-0.6438479618711667,-1.2685652762614064,1.1252279273623134,-1.2657388058378465,0.49395100598592556,-0.8812646672316334,1.0,0.0,5
2.418041663169279,0.5834395898625077,0.6954428656516954,-0.7916170924506725,2.328782822839538,0.220061421473161,-1.1797866758097024,1.3024272334945457,0.9646057496100402,2.1434024404778707,-0.5463688153684757,1.0,0.0,3
0.5248782793011707,1.2138566380455085,-1.756998649126122,-0.22768387775059673,0.8009271632526835,-0.1830962907541919,-0.9489623146352726,0.6822296620317133,0.8406977187518241,0.8898193502639927,0.12342288835783828,1.0,0.0,6
-0.0052074681818998474,-0.31715619325606453,0.5591961148307059,1.9378196666976941,-0.3054510729998664,2.06306810594106,2.0695101007226575,1.0911511377215009,-0.8940147132631981,0.3619948912265698,-0.7975407042658443,0.0,1.0,6
-0.38384014495552155,-0.7374342253780647,0.49107273942021085,1.170870494705591,-0.4898474457086247,1.717504352603329,0.6135410533147146,0.9378055843378069,-0.33642857440122725,0.03210460432818127,-0.4626448524026866,0.0,1.0,7
1.357870168203138,0.10312183886593582,1.3766766197566451,-0.6562731209226543,1.433143298254141,-1.4501633863258725,-1.8545040392426515,0.4027999869770057,0.5309276416062852,0.5599290633656034,0.6257666661525756,1.0,0.0,6
0.4491517439464459,-0.31715619325606453,0.28670261318872586,0.44903597988949423,-0.38447808987504845,0.45043725703164833,0.8266096943988038,-0.13561328934789943,0.22115756446074375,-1.0895223711263415,0.542042703186785,0.0,1.0,8
-0.3081136096007975,-0.8575136631272077,-0.25828439009523335,1.7122463808176638,-0.2264240561246842,1.3719405992655977,0.38271669214028475,0.3619078394080232,-0.21252054354301114,-1.0895223711263415,0.12342288835783828,0.0,1.0,6
-0.838199357083868,-0.6173547876289218,-0.3264077655057283,1.0806411803535791,0.14236868929283247,0.16246746258353914,0.6668082135857369,0.7163064516725258,0.5309276416062852,-0.42974179732956375,-0.8812646672316334,0.0,1.0,6
4.235478511682664,1.6341346701675084,2.330403875503574,0.1783480368334578,0.6955578074191077,-1.3349754685466286,-1.286320996351747,2.6246066715582135,-0.9559687286923076,1.2856876945420592,-0.4626448524026866,1.0,0.0,7
-0.3081136096007975,-1.2777916952492079,0.49107273942021085,-0.8141744210386755,-0.5952168015422008,-0.6438479618711667,-0.22097779093130124,-1.1204325099674706,0.035295518173421,0.4279729486062477,0.6257666661525756,0.0,1.0,7
-0.3081136096007975,-0.9775931008763507,-0.25828439009523335,-0.8818464068026846,-0.7796131742509592,0.1048735036939173,-0.04342059002789359,-1.229478236818078,-0.4603366052594433,-0.5616979120889191,0.37459477725520696,0.0,1.0,7
0.7520578853653429,-0.6773945065034932,0.5591961148307059,-0.8592890782146816,-0.7796131742509592,0.3352493392524047,0.11638089078517329,-0.851225871805037,-0.646198651546766,-1.0235443137466638,0.12342288835783828,0.0,1.0,6
-0.3081136096007975,-0.7374342253780647,0.3548259885992209,2.2987369241057425,-0.14739703924950215,2.1782560237203037,1.1284569359345968,1.6534181667949444,1.0885137804682563,2.077424383098193,-1.0487125931632115,0.0,1.0,6
-0.0052074681818998474,-0.6773945065034932,0.014209111546746275,0.7873959087095397,0.03699933345925637,0.9687828870382449,1.270502696657323,0.3755385552643633,-0.21252054354301114,-0.891588198987308,-0.5463688153684757,0.0,1.0,6
0.9035109560747924,1.7542141079166516,0.28670261318872586,-0.6788304495106573,0.8536118411694718,-0.874223797429654,-1.0554966351773172,1.0059591636194318,0.5309276416062852,0.2300387764672141,-0.1277490005395289,1.0,0.0,4
0.4491517439464459,-0.37719591213063575,0.15045586236773625,-0.7690597638626695,-0.7532708352925652,0.1048735036939173,0.06311373051415099,-1.4986848749805497,-1.3896468366960626,-1.0235443137466638,1.2955583698788895,0.0,1.0,7
0.6763313500106188,-0.7374342253780647,0.7635662410621905,-0.7916170924506725,-0.33179341195826045,-0.12550233186457005,0.2584266515078994,-0.23784365827033685,-0.026658497255685663,-0.5616979120889191,0.37459477725520696,0.0,1.0,6
0.4491517439464459,-0.4972753498797788,0.8316896164726855,-0.8367317496266786,-0.5161897846670188,0.7384070514797575,0.3116938117789217,-0.03338292042546203,-0.2744745589721178,0.757863235504637,-0.4626448524026866,0.0,1.0,5
-1.0653789631480408,-0.31715619325606453,0.08233248695724127,-0.2953558635146058,-0.7269284963341711,-0.010314414085326379,-0.4695578721960719,-1.5532077384058345,0.15920354903163708,-0.7596320842279527,1.4630062958104693,0.0,1.0,6
1.9636824510409334,0.5834395898625077,1.03605974270417,-0.5660438065706422,0.16871102825122655,-1.219787550767385,-1.5349010776165177,1.2274582962847507,0.09724953360253041,0.757863235504637,0.2071468513236288,1.0,0.0,6
0.9035109560747924,1.3639559352319366,0.8316896164726855,1.2836571376456063,-0.14739703924950215,0.9111889281486231,1.4303041774703897,1.2274582962847507,-0.4603366052594433,-0.1658295678108523,-0.1277490005395289,0.0,1.0,5
-1.2925585692122137,-0.9175533820017792,-0.3264077655057283,-0.9269610639786906,-0.4371627677918366,1.256752681486354,-0.20322207084096047,-1.444162011555227,1.7080539347593366,-0.9575662563669859,0.542042703186785,0.0,1.0,5
-0.38384014495552155,-0.0169575988832069,-0.12203763927424371,2.388966238457755,-0.06837002237431992,1.1991587225967322,1.4480598975607306,1.2615350859255632,-0.21252054354301114,-0.29778568257020804,-1.0487125931632115,0.0,1.0,5
-0.7624728217291432,-1.3378314141237795,-0.3945311409162233,0.15579070824545485,-0.33179341195826045,1.4871285170448414,0.7733425341277815,0.2051546070602631,1.8319619656175528,-1.0895223711263415,-0.044025037573739836,0.0,1.0,6
-0.6110197510196944,-0.257116474381493,0.28670261318872586,-0.6788304495106573,-0.12105470029110807,-0.7014419207607885,0.4714952925919886,-0.6024653074270757,0.9646057496100402,-0.03387345305149659,-0.044025037573739836,0.0,1.0,6
0.22197213788227302,-0.22709661494420724,0.4229493640097159,-0.8141744210386755,-0.25276639508307824,-0.010314414085326379,-0.34526783156368657,-0.9943483882964569,-0.026658497255685663,-0.09985151043117445,0.7932145920841537,0.0,1.0,7
-0.15666053889134865,-0.19707675550692147,0.49107273942021085,0.5618226228295093,-0.04202768341592585,0.6808130925901357,1.8386857395482274,0.6890450199598456,0.9026517341809336,0.03210460432818127,-0.21147296350531794,0.0,1.0,5
-0.5352932156649703,-0.6773945065034932,-0.803271393379193,0.5618226228295093,-0.17373937820789603,0.7960010103693794,1.1462126560249377,0.18470853327579076,-0.2744745589721178,-0.36376373994988587,-0.8533566798554503,0.0,1.0,5
-0.6867462863744191,-0.4972753498797788,-0.46265451632671833,0.04300406530543969,-0.27910873404147235,-1.1045996329881413,0.32944953186926246,-0.8444105138768669,-1.5755088829833852,0.9557974076436706,0.37459477725520696,0.0,1.0,6
-0.38384014495552155,-0.6173547876289218,0.9679363672936755,-0.6337157923346513,-0.6215591405005949,-0.6438479618711667,-0.06117631011823436,-1.3794161112376682,-0.7701066824049821,0.5599290633656034,1.1281104439473115,0.0,1.0,6
2.1151355217503816,-0.6773945065034932,-0.3264077655057283,2.0506063096377094,-0.6215591405005949,0.8535949692590012,0.9153882948505077,1.4659958237704758,-3.124359268711085,-0.6936540268482748,-0.7138167413000552,0.0,1.0,6
-0.4595666803102463,1.7842339673539374,-0.05391426386374872,0.24602002259746686,0.6955578074191077,-1.3349754685466286,-1.1620309557193618,0.9139518315892305,0.7787437033227175,0.9557974076436706,-0.21147296350531794,1.0,0.0,5
0.14624560252754895,-0.257116474381493,0.014209111546746275,-0.7465024352746664,-0.7005861573757771,-0.41347212631267927,0.24067093141755863,-0.5445347650376869,-0.33642857440122725,0.8238412928843148,0.29087081428941786,0.0,1.0,5
-0.3081136096007975,-1.0376328197509221,0.21857923777823088,-0.7239451066866635,-0.4371627677918366,-0.06790837297494821,-0.540580752557435,-1.6656611442205458,-1.9472329755580335,0.2300387764672141,1.2118344069131004,0.0,1.0,7
-0.38384014495552155,-0.37719591213063575,-0.25828439009523335,-0.5886011351586452,-1.17474825862687,0.3352493392524047,-0.25648923111198274,-1.3146702109201471,0.22115756446074375,-0.9575662563669859,0.9606625180157319,1.0,0.0,7
-0.38384014495552155,-0.31715619325606453,1.1723064935251601,-0.06978257763457546,-0.5952168015422008,0.2776553803627828,0.7378310939471,0.0006938692153882753,-0.5842446361176594,-0.5616979120889191,-0.5463688153684757,0.0,1.0,6
-0.7624728217291432,0.10312183886593582,-0.6670246425582032,0.054282729599441165,-0.4898474457086247,0.7960010103693794,0.5425181729533516,-0.9057487352303218,-0.026658497255685663,-0.891588198987308,0.542042703186785,0.0,1.0,6
-1.8226443166952842,-0.707414365940779,0.4229493640097159,-0.8592890782146816,0.458476756793561,0.9687828870382449,0.27618237159824016,-1.082948041362592,0.5309276416062852,-0.891588198987308,-0.21147296350531794,0.0,1.0,6
1.2064170974936899,0.6434793087370793,0.7635662410621905,-0.8141744210386755,0.5111614347103491,-1.0470056740985194,-1.6591911182489032,0.3448694445876169,-0.08861251268479507,1.4176438093014148,-0.2951969264711085,1.0,0.0,6
-0.23238707424607272,-0.07699731775777843,-0.3945311409162233,-0.0021105918705664113,-0.7796131742509592,0.9111889281486231,0.50700673277267,-0.7149187132417871,0.15920354903163708,-0.6936540268482748,0.542042703186785,0.0,1.0,7
-0.6867462863744191,-1.4579108518729225,-0.5307778917372133,0.2234626940094639,-0.46350510675023066,-0.29828420853343557,-0.1321991904795974,0.20856228602436705,2.2656400736213076,-0.29778568257020804,-0.044025037573739836,0.0,1.0,7
-0.6110197510196944,-0.19707675550692147,-0.3264077655057283,0.5392652942415064,-0.2000817171662901,1.0263768459278668,0.96865545512153,-0.43208135922301333,0.28311157988985314,-0.5616979120889191,0.458318740220996,0.0,1.0,6
-0.913925892438592,-1.0976725386254935,-0.12203763927424371,0.38136399412548516,-0.35813575091665456,0.7384070514797575,0.6845639336760777,0.2051546070602631,2.51345613533774,-0.49571985470924124,0.03969892539204922,0.0,1.0,5
-0.6110197510196944,-0.6173547876289218,-0.1901610146847387,-0.9044037353906876,-0.4898474457086247,-0.7014419207607885,0.13413661087551404,-1.3283009267764494,0.4689736261771759,-0.7596320842279527,0.7932145920841537,0.0,1.0,5
0.7520578853653429,-0.07699731775777843,0.49107273942021085,-0.5660438065706422,0.458476756793561,-0.06790837297494821,-1.1797866758097024,0.2664928284137558,0.592881657035392,2.275358555237226,1.5467302587762581,1.0,0.0,7
-0.6867462863744191,0.16316155774050736,-0.25828439009523335,0.29113467977347296,-0.5952168015422008,0.8535949692590012,0.6668082135857369,-0.8171490821642245,0.40701961074806925,-0.49571985470924124,0.8769385550499428,0.0,1.0,7
1.2064170974936899,1.6041148107302228,-0.12203763927424371,-0.4983718208066331,0.8272695022110776,-0.7590358796504103,-1.215298115990384,1.0570743480806883,0.22115756446074375,-0.1658295678108523,-1.0487125931632115,1.0,0.0,4
-0.38384014495552155,-0.43723563100520724,-0.46265451632671833,0.6746092657695245,-0.09471236133271399,1.3719405992655977,1.5545942181027752,0.5459225034684256,-0.026658497255685663,-0.6936540268482748,-1.0487125931632115,0.0,1.0,5
-0.23238707424607272,1.1838367786082227,-1.8932453999471122,-0.453257163630627,0.5375037736687432,-1.3349754685466286,-1.5526567977068586,1.4319190341296635,2.885180227912388,2.47329272737626,-0.9649886301974224,1.0,0.0,6
0.4491517439464459,-0.37719591213063575,-0.05391426386374872,-0.6562731209226543,-0.27910873404147235,-0.12550233186457005,1.6611285386448198,-0.05382899420993438,0.035295518173421,0.6918851781249591,-0.6300927783342647,0.0,1.0,5
0.8277844207200683,-0.4972753498797788,0.6273194902412005,0.9452972088255608,-0.38447808987504845,0.6232191337005138,0.8443654144891446,-0.03338292042546203,-0.7701066824049821,-1.0235443137466638,1.2118344069131004,0.0,1.0,7
0.37342520859172185,1.5440750918556512,-1.756998649126122,-0.6788304495106573,0.5901884515855313,-0.6438479618711667,-1.304076716442088,0.8423905733435395,1.0265597650391496,0.5599290633656034,-0.37892088943689756,1.0,0.0,6
-0.4595666803102463,1.4239956541065082,-0.12203763927424371,0.02044673671743654,0.010656994500862296,-0.010314414085326379,0.1518923309658548,0.13700102777863815,0.09724953360253041,-1.0235443137466638,-1.2998844820605802,0.0,1.0,5
-0.08093400353662458,-0.9775931008763507,0.28670261318872586,-0.8141744210386755,-0.35813575091665456,0.04727954480429546,-0.4873135922864127,-1.600915243902987,0.22115756446074375,-1.0895223711263415,1.7979021476736254,0.0,1.0,7
-0.0052074681818998474,-0.19707675550692147,0.6273194902412005,0.8099532372975426,-0.09471236133271399,-0.874223797429654,-0.45180215210573116,1.0570743480806883,0.40701961074806925,0.6918851781249591,-0.5463688153684757,0.0,1.0,6
-1.2925585692122137,-0.37719591213063575,-0.7351480179686981,-0.7690597638626695,-0.647901479458989,-0.41347212631267927,-0.5228250324670942,-1.440754332591161,1.2124218113264724,-0.7596320842279527,1.6304542217420472,0.0,1.0,5
-0.7624728217291432,-0.13703703663234995,-0.5307778917372133,-0.20512654916259376,-0.14739703924950215,0.220061421473161,0.6135410533147146,-0.49001190161236424,0.8406977187518241,-0.09985151043117445,0.37459477725520696,0.0,1.0,5
-0.6867462863744191,-0.5272952093170645,0.3548259885992209,-0.8818464068026846,-0.4371627677918366,0.3928432981420265,-0.007909149847212065,-1.362377716417262,-1.3896468366960626,-0.9575662563669859,0.29087081428941786,0.0,1.0,6
-0.0052074681818998474,-0.43723563100520724,2.8753908787875333,1.689689052229661,-0.5161897846670188,0.9687828870382449,0.7378310939471,1.2274582962847507,-1.1418307749796304,-0.6276759694685969,-1.5510563709579488,0.0,1.0,5
-0.7624728217291432,0.6434793087370793,2.8072675033770382,0.49415063706550033,1.1170352307534124,0.9687828870382449,1.5545942181027752,0.4505074924741583,-0.08861251268479507,-0.6936540268482748,-1.132436556129002,0.0,1.0,5
-1.2168320338574896,1.9043134051030803,-2.1657389015890915,-0.6337157923346513,0.8009271632526835,-1.5653513041051161,-1.8367483191523108,-0.2446590161985069,3.0090882587706043,0.6259071207452813,1.8816261106394159,1.0,0.0,7
0.7520578853653429,-0.19707675550692147,0.5591961148307059,-0.6337157923346513,0.03699933345925637,-1.3925694274362506,-1.8545040392426515,0.2937542601263982,0.5309276416062852,0.9557974076436706,0.542042703186785,1.0,0.0,7
0.6006048146558948,-0.37719591213063575,0.014209111546746275,0.5843799514175123,-0.3054510729998664,1.7750983114929506,1.5901056582834567,0.31760801287497453,-0.7701066824049821,0.09808266170785913,-0.37892088943689756,0.0,1.0,6
0.9035109560747924,4.15580286289951,-1.1438882704316677,0.2234626940094639,0.43213441783516693,-1.1045996329881413,-1.0732523552676578,1.5341494030521008,0.9026517341809336,-0.29778568257020804,-0.5463688153684757,1.0,0.0,5
0.14624560252754895,-0.31715619325606453,1.104183118114665,1.7573610379936702,-0.5161897846670188,1.8038952909377617,1.19947981629596,1.2206429383565807,-1.2657388058378465,-1.2874565432653748,-1.4673324079921584,0.0,1.0,5
0.22197213788227302,1.5440750918556512,0.014209111546746275,-0.5209291493946361,1.2224045865869884,-0.9894117152088977,-0.29200067129266427,1.6636412036872184,1.398283857613798,0.5599290633656034,-0.8812646672316334,1.0,0.0,5
-1.1411054985027649,-0.5573150687543503,-0.3264077655057283,1.4641157663496307,-0.4371627677918366,-0.35587816742305745,0.09862517069483252,-0.1322056103837955,0.6548356724645014,-1.4853907154044084,0.2071468513236288,0.0,1.0,6
0.9035109560747924,1.964353123977652,-0.8713947687896879,-0.6337157923346513,0.958981197003048,-1.1045996329881413,-0.7003822333705019,0.9752900529427233,-0.15056652811390175,0.3619948912265698,-1.132436556129002,1.0,0.0,4
1.2064170974936899,-0.43723563100520724,-0.46265451632671833,-0.0021105918705664113,-0.8586401911261414,1.256752681486354,-0.2742449512023235,-0.6808419236009368,-2.1950490372744658,-0.29778568257020804,0.7094906291183647,0.0,1.0,5
0.22197213788227302,-0.37719591213063575,0.08233248695724127,0.6069372800055155,-0.2264240561246842,0.6808130925901357,1.1639683761152784,0.9889207687990256,0.9026517341809336,0.3619948912265698,-0.37892088943689756,0.0,1.0,6
2.0394089863956575,3.975683706275795,0.9679363672936755,-0.8141744210386755,-0.27910873404147235,0.220061421473161,1.252746976566982,0.7163064516725258,-1.2657388058378465,-0.29778568257020804,-0.2951969264711085,0.0,1.0,4
-0.23238707424607272,-0.8575136631272077,0.3548259885992209,0.26857735118547,-0.7796131742509592,-0.35587816742305745,-0.30975639138300504,-0.851225871805037,0.9646057496100402,-0.29778568257020804,1.3792823328446786,0.0,1.0,7
-0.7624728217291432,-0.6173547876289218,-0.25828439009523335,1.6220170664656517,-0.2000817171662901,1.3719405992655977,0.32944953186926246,0.23923139670107557,-0.21252054354301114,-1.0895223711263415,0.12342288835783828,0.0,1.0,6
0.22197213788227302,-0.8575136631272077,1.03605974270417,2.682211510101794,-0.12105470029110807,1.1991587225967322,1.3060141368380045,1.6840872774716908,-0.8320606978340915,0.5599290633656034,-1.0487125931632115,0.0,1.0,5
0.14624560252754895,1.6641545296047942,-1.825122024536617,-0.7013877780986604,0.3004227230431969,-0.35587816742305745,-1.286320996351747,0.5459225034684256,1.2124218113264724,0.2300387764672141,0.7932145920841537,1.0,0.0,6
1.0549640267842404,0.883638184235365,1.30855324434615,-0.6788304495106573,9.62561071431469,-0.8166298385400321,-0.9312065945449318,1.1593047170031259,-1.2037847904087398,4.188722219247882,-1.2998844820605802,1.0,0.0,5
-0.0052074681818998474,-0.6173547876289218,0.15045586236773625,-0.8818464068026846,-0.3054510729998664,-1.5653513041051161,-0.8956951543642503,-1.089763399290762,0.035295518173421,-0.1658295678108523,0.7094906291183647,0.0,1.0,5
-0.15666053889134865,0.763558746486222,-1.6888752737156272,-0.8818464068026846,-0.5688744625838068,-0.7590358796504103,0.6490524934953962,-1.1919937682131996,-1.2657388058378465,-1.2874565432653748,-0.044025037573739836,0.0,1.0,5
0.07051906717282422,-0.257116474381493,0.6954428656516954,0.5279866299475048,-0.8322978521677473,1.1991587225967322,1.0751897756635747,-0.5786115546784993,-1.1418307749796304,-1.4194126580247306,0.7094906291183647,0.0,1.0,6
0.07051906717282422,-0.07699731775777843,0.5591961148307059,0.4151999870074896,-0.4898474457086247,0.1048735036939173,0.4182281323209663,-0.851225871805037,-1.2037847904087398,-1.5513687727840861,1.1281104439473115,0.0,1.0,7
0.2976986732369971,-0.8575136631272077,-0.3945311409162233,-0.047225249046572514,-0.6215591405005949,-0.24069024964381375,-0.6826265132801611,-1.2737780633511646,-1.5135548675542785,-0.29778568257020804,1.4630062958104693,0.0,1.0,7
-0.4595666803102463,-0.257116474381493,-0.5307778917372133,-0.8592890782146816,-0.5952168015422008,-0.7590358796504103,0.11638089078517329,-0.40822760647443707,-0.5842446361176594,-1.1555004285060195,-1.132436556129002,0.0,1.0,5
-0.15666053889134865,-0.4972753498797788,-0.3945311409162233,1.3062144662336095,-0.46350510675023066,0.3928432981420265,1.2349912564766414,1.1490816801108896,1.5221918884720138,0.296016833846892,-0.21147296350531794,0.0,1.0,7
1.433596703557862,-0.7374342253780647,-0.5307778917372133,-0.6562731209226543,0.5638461126271372,-1.6805392218843598,-1.5349010776165177,1.5341494030521008,1.1504677958973657,2.2093804978575484,-0.21147296350531794,1.0,0.0,6
-1.0653789631480408,-1.2777916952492079,-0.6670246425582032,1.7348037094056667,0.03699933345925637,-0.35587816742305745,1.2172355363863006,0.3755385552643633,0.592881657035392,-0.7596320842279527,0.9606625180157319,0.0,1.0,6
0.07051906717282422,1.4239956541065082,-0.12203763927424371,-0.5886011351586452,0.458476756793561,-0.874223797429654,-1.0554966351773172,0.7844600309541507,1.4602378730429044,0.3619948912265698,-0.2951969264711085,1.0,0.0,5
-0.6110197510196944,-0.4972753498797788,-0.46265451632671833,1.2836571376456063,-0.27910873404147235,2.06306810594106,1.1462126560249377,0.5322917876120855,-0.33642857440122725,0.09808266170785913,-0.5463688153684757,0.0,1.0,6
4.00829890561849,1.3039162163573657,1.1723064935251601,-0.5886011351586452,0.19505336720962063,-1.4501633863258725,-1.5526567977068586,1.840840509819451,-0.8940147132631981,2.2093804978575484,0.29087081428941786,1.0,0.0,5
0.37342520859172185,-1.0976725386254935,0.28670261318872586,0.20090536542146095,-0.06837002237431992,-0.29828420853343557,0.5957853332243739,0.43687677661781815,0.15920354903163708,0.03210460432818127,-0.2951969264711085,0.0,1.0,6
-0.5352932156649703,0.0430821199913643,-0.25828439009523335,1.667131723641658,-0.14739703924950215,3.2149472837334967,1.7499071390965235,0.5799992931092381,-0.39838258983033387,-0.1658295678108523,-0.5463688153684757,0.0,1.0,6
0.2976986732369971,0.2832409954896504,0.014209111546746275,-0.3179131921026088,-0.5688744625838068,-0.4710660852023011,-0.3807792717443681,-1.0420558937936095,-0.8940147132631981,0.4279729486062477,1.6304542217420472,0.0,1.0,7
-0.0052074681818998474,-0.5573150687543503,-0.8713947687896879,0.6746092657695245,-0.33179341195826045,1.1991587225967322,1.0219226153925522,0.648152872390863,-0.39838258983033387,-0.6276759694685969,-1.132436556129002,0.0,1.0,5
-0.38384014495552155,-0.6173547876289218,-0.3945311409162233,1.7122463808176638,-0.09471236133271399,0.7960010103693794,1.19947981629596,1.2001968645721084,1.2124218113264724,-0.7596320842279527,-0.7138167413000552,0.0,1.0,5
0.5248782793011707,0.3432807143642219,-0.12203763927424371,-0.7239451066866635,2.644890890340267,-1.6229452629947378,-1.2330538360807248,0.9446209422659769,0.5309276416062852,2.47329272737626,-0.8812646672316334,1.0,0.0,6
-0.08093400353662458,0.5834395898625077,-0.5989012671477081,0.1783480368334578,-0.5688744625838068,-0.35587816742305745,-0.25648923111198274,-1.3214855688483171,-0.4603366052594433,0.2300387764672141,2.216521962502572,0.0,1.0,7
-0.38384014495552155,0.4633601521133647,0.9679363672936755,1.058083851765576,-0.06837002237431992,2.1206620648306815,2.1227772609936797,1.3569500969198685,0.035295518173421,-0.23180762519053016,-1.2998844820605802,0.0,1.0,5
-0.5352932156649703,-0.30214626353742163,0.7635662410621905,0.8776252230615519,0.6955578074191077,1.1415647637071105,1.0041668953022116,0.6822296620317133,-2.318957068132682,-0.23180762519053016,-1.2998844820605802,0.0,1.0,5
-0.3081136096007975,-0.6773945065034932,1.104183118114665,-0.7916170924506725,-0.5425321236254129,0.2776553803627828,0.8976325747601669,-0.9807176724401546,-0.2744745589721178,-0.5616979120889191,0.6257666661525756,0.0,1.0,6
-0.7624728217291432,-0.19707675550692147,-0.5989012671477081,-0.385585177866618,-0.12105470029110807,0.220061421473161,-0.02566486993755283,-0.07086738903034061,-0.39838258983033387,-0.36376373994988587,-1.802228259855316,0.0,1.0,5
1.887955915686208,1.123797059733651,1.9216636230406043,-0.6788304495106573,-0.46350510675023066,-1.4501633863258725,-1.6947025584295847,0.46073052936639447,0.4689736261771759,2.1434024404778707,1.5467302587762581,1.0,0.0,6
-0.4595666803102463,-0.13703703663234995,-0.5307778917372133,-0.8367317496266786,0.08968401137604433,0.7096100720349466,1.5901056582834567,0.21196996498843315,2.2656400736213076,-0.1658295678108523,-1.132436556129002,0.0,1.0,5
-0.9896524277933161,-0.6173547876289218,-0.12203763927424371,-0.6788304495106573,-0.6215591405005949,-0.12550233186457005,-0.39853499183470886,-0.7660338977030058,1.0265597650391496,1.0217754650233477,0.29087081428941786,0.0,1.0,7
0.37342520859172185,1.123797059733651,-1.756998649126122,-0.7465024352746664,0.458476756793561,-1.219787550767385,-1.3395881566227694,0.5629608982888319,0.7787437033227175,-0.36376373994988587,-0.6300927783342647,1.0,0.0,6
-0.913925892438592,0.31326085492693617,-2.1657389015890915,-0.8141744210386755,-0.38447808987504845,-1.3349754685466286,-1.0554966351773172,-1.0727250044703558,0.9026517341809336,-1.0235443137466638,0.542042703186785,0.0,1.0,4
0.6763313500106188,3.1651475014690815,-2.1657389015890915,-0.6337157923346513,0.7219001463775018,-1.1621935918777633,-1.4816339173454955,0.7026757358161857,0.15920354903163708,-0.23180762519053016,-0.6300927783342647,1.0,0.0,5
-0.6867462863744191,-0.8575136631272077,-0.12203763927424371,0.20090536542146095,-0.5952168015422008,0.2776553803627828,0.6668082135857369,0.6549682303190331,1.5221918884720138,-0.891588198987308,-1.718504296889527,0.0,1.0,6
0.22197213788227302,-0.4972753498797788,0.4229493640097159,0.15579070824545485,-0.9376672080013234,-0.41347212631267927,0.18740377114653634,-0.3809661747617568,-0.5842446361176594,0.5599290633656034,0.458318740220996,0.0,1.0,6
-0.5352932156649703,-0.37719591213063575,0.21857923777823088,2.343851581281749,-0.38447808987504845,1.4295345581552197,1.4303041774703897,1.1252279273623134,0.035295518173421,-0.23180762519053016,-0.7975407042658443,0.0,1.0,6
-0.3081136096007975,-0.07699731775777843,0.8316896164726855,0.44903597988949423,-0.17373937820789603,-0.06790837297494821,0.7200753738567592,0.3414617656235508,-0.5222906206885499,-0.7596320842279527,-0.8812646672316334,0.0,1.0,5
-0.4595666803102463,-0.9175533820017792,-0.25828439009523335,1.5317877521136398,-0.38447808987504845,1.3719405992655977,0.4004724122306255,0.14381638570680821,-0.2744745589721178,-1.0895223711263415,0.2071468513236288,0.0,1.0,6
6.355821501614944,1.814253826791223,1.1723064935251601,-0.18256922057459063,1.0116658749198362,-1.1621935918777633,-1.6236796780682217,2.94833617314597,-1.8852789601289268,1.351665751921737,0.458318740220996,1.0,0.0,5
1.0549640267842404,-0.4972753498797788,0.6273194902412005,-0.6337157923346513,-0.2000817171662901,-0.06790837297494821,-0.06117631011823436,-0.13561328934789943,-1.6374628984124946,-0.6276759694685969,-0.4626448524026866,0.0,1.0,5
2.0394089863956575,1.3639559352319366,-0.46265451632671833,-0.6788304495106573,1.2487469255453825,-1.0470056740985194,-0.45180215210573116,0.6140760827500505,-1.1418307749796304,2.407314669996582,-0.37892088943689756,1.0,0.0,5
-0.838199357083868,-0.37719591213063575,0.21857923777823088,1.7573610379936702,-0.2264240561246842,1.8902862292721943,2.0339986605419758,1.0229975584398758,-0.8940147132631981,-0.891588198987308,-1.3836084450263693,0.0,1.0,5
-0.15666053889134865,-0.13703703663234995,-0.05391426386374872,0.3136920083614761,-0.674243818417383,0.45043725703164833,0.0098465702431287,-0.7319571080621934,0.9646057496100402,0.296016833846892,1.3792823328446786,0.0,1.0,7
-0.38384014495552155,2.444670874974223,-1.3482583966631525,-0.6788304495106573,0.7745848242942895,-1.0470056740985194,-0.611603632918798,0.4436921345459882,0.9646057496100402,-0.09985151043117445,-0.37892088943689756,1.0,0.0,5
-1.4440116399216625,-0.19707675550692147,0.4229493640097159,1.2385424804696004,-0.674243818417383,1.314346640375976,0.4537395725016478,-0.4388967171511456,0.7167896878936081,-0.49571985470924124,0.9606625180157319,0.0,1.0,6
0.7520578853653429,0.9436779031099366,0.21857923777823088,-0.4758144922186301,0.5375037736687432,-0.5286600440919229,0.22291521132721787,1.0570743480806883,0.035295518173421,0.5599290633656034,-0.9649886301974224,1.0,0.0,5
-0.23238707424607272,-0.19707675550692147,0.08233248695724127,1.7348037094056667,-0.4898474457086247,0.16246746258353914,0.027602290333469462,0.30738497598270054,-1.1418307749796304,0.757863235504637,-0.1277490005395289,0.0,1.0,6
3.2510335520712466,0.6434793087370793,1.240429868935655,-0.453257163630627,0.5638461126271372,-0.6438479618711667,-1.1975423959000433,1.9771476683827007,0.22115756446074375,3.792853874969816,0.37459477725520696,1.0,0.0,6
-1.0653789631480408,0.2832409954896504,1.03605974270417,0.5618226228295093,-0.7796131742509592,-1.0470056740985194,-0.4695578721960719,-1.2942241371356369,0.9646057496100402,-0.5616979120889191,2.8863136662288875,0.0,1.0,6
0.22197213788227302,0.883638184235365,-0.8713947687896879,-0.7013877780986604,0.5111614347103491,-1.1621935918777633,-1.2508095561710655,0.40961534490517576,1.0265597650391496,0.03210460432818127,-0.7138167413000552,1.0,0.0,5
-0.38384014495552155,-0.19707675550692147,-1.5526285228946373,-0.8141744210386755,-0.46350510675023066,1.314346640375976,0.4714952925919886,-0.8307797980205268,-0.646198651546766,-0.6276759694685969,-0.37892088943689756,0.0,1.0,5
-0.4595666803102463,-0.43723563100520724,-0.46265451632671833,-0.8592890782146816,-0.6215591405005949,0.3352493392524047,-0.06117631011823436,-1.8121913396760698,-0.39838258983033387,-1.0895223711263415,1.5467302587762581,0.0,1.0,6
-0.38384014495552155,0.763558746486222,-0.1901610146847387,-0.05850391334057399,-0.5952168015422008,-0.06790837297494821,0.3472052519596032,-1.3419316426327896,0.40701961074806925,-0.49571985470924124,2.049074036570994,0.0,1.0,7
-1.2168320338574896,-0.4972753498797788,-2.1657389015890915,1.170870494705591,-0.4898474457086247,-0.9894117152088977,-0.06117631011823436,-0.4593427909356557,1.3363298421846885,-0.49571985470924124,1.5467302587762581,0.0,1.0,6
-0.6110197510196944,-0.7374342253780647,1.649170121398625,2.1408356239897217,-0.04202768341592585,-0.1830962907541919,0.7910982542181223,1.1933815066439382,-1.5135548675542785,-0.891588198987308,-1.216160519094791,0.0,1.0,5
-1.0653789631480408,1.5440750918556512,-2.1657389015890915,-0.8367317496266786,-0.33179341195826045,2.408631859278791,1.4658156176510713,-0.8444105138768669,2.079778027333985,-0.6936540268482748,0.29087081428941786,0.0,1.0,5
-0.6110197510196944,-1.1577122575000651,0.8316896164726855,-0.8592890782146816,-0.35813575091665456,2.1206620648306815,0.6312967734050554,-1.2942241371356369,-0.5222906206885499,1.2856876945420592,0.542042703186785,0.0,1.0,7
-0.0052074681818998474,-0.5573150687543503,0.014209111546746275,-0.7916170924506725,-0.06837002237431992,-0.35587816742305745,-0.16771063066027894,-1.007979104152797,-0.33642857440122725,-0.36376373994988587,0.458318740220996,0.0,1.0,6
1.7365028449767599,1.3639559352319366,-0.3264077655057283,-0.6111584637466483,0.6692154684607136,-0.41347212631267927,0.5247624528630108,1.1320432852904834,0.28311157988985314,0.09808266170785913,-0.9649886301974224,1.0,0.0,5
2.7209478045881768,3.2852269392182243,-0.12203763927424371,-0.5434864779826392,1.9863324163804161,-1.3349754685466286,-0.9667180347256134,1.1456740011467856,-1.451600852125169,4.25470027662756,-0.2951969264711085,1.0,0.0,5
3.553939693490144,2.11445242116408,1.44479999516714,-0.3630278492786149,1.88096306054684,-1.3349754685466286,-1.6591911182489032,1.6023029823337258,-0.33642857440122725,2.0114463257185147,1.3792823328446786,1.0,0.0,7
1.433596703557862,1.0637573408590797,0.08233248695724127,-0.8367317496266786,0.35310740095998505,-1.219787550767385,-1.4993896374358362,1.1252279273623134,0.09724953360253041,0.4279729486062477,-1.0487125931632115,1.0,0.0,5
-0.38384014495552155,-0.257116474381493,2.8753908787875333,-0.0021105918705664113,-0.4898474457086247,0.2776553803627828,0.7555868140374408,0.0006938692153882753,-0.08861251268479507,-0.49571985470924124,-0.5463688153684757,0.0,1.0,5
0.7520578853653429,-0.6173547876289218,-0.12203763927424371,-0.6111584637466483,-0.17373937820789603,-0.41347212631267927,-0.14995491056993818,-0.17991311588094808,-1.5135548675542785,-0.23180762519053016,-0.4626448524026866,0.0,1.0,5
0.22197213788227302,0.4633601521133647,-0.05391426386374872,-0.7690597638626695,0.6165307905439255,-0.874223797429654,-1.286320996351747,1.1252279273623134,0.5309276416062852,0.6918851781249591,-1.2998844820605802,1.0,0.0,5
-0.38384014495552155,-0.5573150687543503,-0.05391426386374872,-0.825453085332677,0.11602635033443841,0.018482565359484542,1.8386857395482274,-0.21058222655769443,-0.39838258983033387,-0.03387345305149659,-0.8812646672316334,0.0,1.0,5
-1.2168320338574896,0.2832409954896504,-0.5307778917372133,-0.06978257763457546,-0.5952168015422008,-0.1830962907541919,-0.6648707931898203,-1.3283009267764494,0.3450655953189598,-1.1555004285060195,1.7979021476736254,0.0,1.0,5
0.22197213788227302,-0.9175533820017792,1.1723064935251601,-0.7239451066866635,-0.04202768341592585,-0.6438479618711667,-0.07893203020857512,0.034770658856200745,0.6548356724645014,-0.6276759694685969,-0.5463688153684757,0.0,1.0,5
-1.5954647106311113,-1.2177519763746365,-0.46265451632671833,-0.9720757211546968,-0.46350510675023066,-0.874223797429654,-0.45180215210573116,-0.8853026614458495,-0.026658497255685663,-0.6936540268482748,-1.132436556129002,0.0,1.0,6
0.8277844207200683,3.015048204282652,-2.0976155261785965,-0.6337157923346513,0.35310740095998505,-1.4501633863258725,-1.7834811588812884,0.7503832413133383,0.592881657035392,0.296016833846892,0.37459477725520696,1.0,0.0,4
-0.38384014495552155,0.9436779031099366,0.4229493640097159,0.5618226228295093,-0.27910873404147235,-0.24069024964381375,1.0751897756635747,0.7231218096006581,0.592881657035392,0.03210460432818127,-0.7975407042658443,0.0,1.0,5
0.4491517439464459,1.6041148107302228,-0.1901610146847387,-0.7690597638626695,1.512170315129323,-1.219787550767385,-1.517145357526177,0.9889207687990256,0.22115756446074375,6.7618664570553175,-1.216160519094791,1.0,0.0,5
-0.08093400353662458,3.0450680637199383,1.1723064935251601,0.8325105658855456,-0.7532708352925652,0.565625174810892,1.2349912564766414,0.5799992931092381,-0.026658497255685663,-1.1555004285060195,0.12342288835783828,0.0,1.0,5
-0.5352932156649703,0.5233998709879362,-0.9395181442001829,1.8363116880516808,-0.647901479458989,-0.29828420853343557,0.2939380916885809,0.3925769500847695,0.035295518173421,-0.1658295678108523,0.12342288835783828,0.0,1.0,5
-0.6867462863744191,-0.6173547876289218,-0.6670246425582032,1.5543450807016428,-0.17373937820789603,2.005474147051438,1.1462126560249377,0.7128987727084218,-1.0179227441214143,0.296016833846892,-1.0487125931632115,0.0,1.0,6
-0.08093400353662458,-1.0376328197509221,0.5591961148307059,2.152114288283723,-0.25276639508307824,0.9687828870382449,0.7378310939471,1.6874949564357569,0.7167896878936081,1.6155779814404485,-1.216160519094791,0.0,1.0,6
0.4491517439464459,-0.257116474381493,0.3548259885992209,-0.8367317496266786,-0.14739703924950215,-0.8166298385400321,-0.3275121114733458,-0.13561328934789943,0.592881657035392,0.5599290633656034,-0.4626448524026866,0.0,1.0,5
-0.3081136096007975,-0.7374342253780647,-0.3945311409162233,-0.8592890782146816,-0.4108204288334425,-0.06790837297494821,1.19947981629596,-1.1783630523568593,-1.1418307749796304,-1.2214784858856973,0.542042703186785,0.0,1.0,5
-0.9896524277933161,-0.5573150687543503,-0.8713947687896879,1.667131723641658,-0.25276639508307824,1.1415647637071105,0.8443654144891446,0.9548439791582132,0.7787437033227175,-1.0235443137466638,-0.8812646672316334,0.0,1.0,5
-0.38384014495552155,-0.8575136631272077,0.6273194902412005,0.9227398802375578,-0.33179341195826045,1.1415647637071105,0.9153882948505077,0.30738497598270054,-0.5222906206885499,0.296016833846892,-0.6300927783342647,0.0,1.0,6
-0.0052074681818998474,-1.2177519763746365,0.21857923777823088,-0.8592890782146816,-0.5425321236254129,-0.874223797429654,-0.7358936735511834,-0.23784365827033685,1.4602378730429044,-0.9575662563669859,-0.5463688153684757,0.0,1.0,5
-0.6110197510196944,-0.43723563100520724,-0.8713947687896879,-0.7013877780986604,0.7482424853358958,-0.5286600440919229,1.4480598975607306,0.22560068084477328,1.64609991933023,0.6918851781249591,-0.8812646672316334,0.0,1.0,4
0.9035109560747924,0.16316155774050736,1.44479999516714,-0.7239451066866635,9.388529663689143,-1.219787550767385,-1.5704125177971993,1.1593047170031259,-1.0179227441214143,3.462963588071427,-1.216160519094791,1.0,0.0,6
-0.838199357083868,-0.0169575988832069,-0.1901610146847387,-0.6337157923346513,-0.5425321236254129,-0.29828420853343557,-0.25648923111198274,-1.744037760394407,-1.0179227441214143,-0.6276759694685969,1.0443864809815224,0.0,1.0,6
-0.6867462863744191,-0.0169575988832069,-0.8713947687896879,0.1783480368334578,-0.4108204288334425,-0.4710660852023011,0.5425181729533516,-0.0674597100662745,-0.4603366052594433,0.6259071207452813,-0.5463688153684757,0.0,1.0,5
-0.0052074681818998474,-0.8575136631272077,0.28670261318872586,-0.5660438065706422,-0.7532708352925652,-0.4710660852023011,0.7555868140374408,-0.23784365827033685,1.5841459039011205,-0.29778568257020804,0.03969892539204922,0.0,1.0,6
2.6452212692334514,0.5233998709879362,0.49107273942021085,-0.6337157923346513,1.3014316034621707,-1.277381509657007,-1.4638781972551547,1.397842244488851,-2.0711410064162497,-0.23180762519053016,-0.7975407042658443,1.0,0.0,5
0.14624560252754895,-0.13703703663234995,-0.3264077655057283,-0.8141744210386755,-0.2000817171662901,0.45043725703164833,1.0396783354828931,-0.3911892116540308,-1.2037847904087398,-0.09985151043117445,-1.0487125931632115,0.0,1.0,5
-0.7624728217291432,-0.37719591213063575,-0.6670246425582032,0.5167079656535033,-0.4108204288334425,-0.24069024964381375,0.7555868140374408,0.40961534490517576,1.3363298421846885,0.6918851781249591,-0.6300927783342647,0.0,1.0,7
0.4491517439464459,-0.8575136631272077,-0.25828439009523335,1.170870494705591,-0.06837002237431992,2.754195612616522,1.270502696657323,0.8526136102357758,-0.5222906206885499,-0.49571985470924124,-0.4626448524026866,0.0,1.0,6
-1.5197381752763865,-0.8575136631272077,-0.3264077655057283,-0.4081425064546209,-0.25276639508307824,-0.8166298385400321,-0.3807792717443681,-0.7319571080621934,1.3363298421846885,-0.03387345305149659,-0.37892088943689756,0.0,1.0,7
0.2976986732369971,-0.19707675550692147,-0.5989012671477081,1.7348037094056667,-0.06837002237431992,-0.5862540029815447,0.43598385241130705,1.316057949350886,-0.39838258983033387,-0.23180762519053016,-0.7138167413000552,0.0,1.0,4
0.22197213788227302,-0.9775931008763507,-0.05391426386374872,1.5092304235256366,-0.14739703924950215,-0.35587816742305745,-0.36302355165402733,0.8526136102357758,-0.21252054354301114,-0.6276759694685969,-0.8812646672316334,0.0,1.0,7
-0.0052074681818998474,0.8235984653607935,-1.6888752737156272,0.11067605106944875,0.8536118411694718,-1.1621935918777633,-1.7124582785199254,0.7980907468104531,0.9026517341809336,0.9557974076436706,0.542042703186785,1.0,0.0,7
2.1908620571051056,-0.37719591213063575,0.9679363672936755,-0.7239451066866635,-0.17373937820789603,-1.4501633863258725,-1.8012368789716293,0.9889207687990256,-1.1418307749796304,1.6815560388201263,-0.2951969264711085,1.0,0.0,6
1.5093232389125861,-0.0169575988832069,-0.3264077655057283,-0.8592890782146816,-0.8059555132093533,-0.7590358796504103,-0.7358936735511834,-0.8171490821642245,-0.8940147132631981,-0.9575662563669859,0.2071468513236288,0.0,1.0,5
0.7520578853653429,0.0430821199913643,0.08233248695724127,-0.5886011351586452,0.5111614347103491,-1.1045996329881413,-1.1975423959000433,0.5084380348635471,0.28311157988985314,1.813512153579482,0.37459477725520696,1.0,0.0,6
-0.6867462863744191,-0.8575136631272077,-0.3945311409162233,-0.7690597638626695,-0.7796131742509592,0.3352493392524047,0.4714952925919886,-0.619503702247482,1.8939159810466595,0.164060719087537,0.2071468513236288,0.0,1.0,6
0.7520578853653429,3.94566384683851,-1.5526285228946373,-0.6111584637466483,0.2213957061680147,-1.3349754685466286,-1.375099596803451,0.801498425774557,0.592881657035392,0.09808266170785913,-1.2998844820605802,1.0,0.0,6
0.07051906717282422,-1.187732116937351,0.08233248695724127,-0.8818464068026846,-0.38447808987504845,-0.9318177563192758,-0.8956951543642503,-1.4918695170523795,-0.7701066824049821,-1.0895223711263415,1.0443864809815224,0.0,1.0,7
2.0394089863956575,0.0430821199913643,0.4229493640097159,-0.7916170924506725,0.03699933345925637,0.04727954480429546,-1.1975423959000433,0.7708293150978106,0.22115756446074375,1.8794902109591591,0.03969892539204922,1.0,0.0,7
1.5850497742673118,-0.8575136631272077,0.08233248695724127,-0.7465024352746664,-0.17373937820789603,-0.12550233186457005,1.1284569359345968,0.30738497598270054,-0.39838258983033387,-0.6936540268482748,-1.2998844820605802,0.0,1.0,4
0.5248782793011707,-0.07699731775777843,-0.3945311409162233,-0.8592890782146816,-0.33179341195826045,-0.41347212631267927,-0.20322207084096047,-0.4423043961152495,-0.21252054354301114,0.03210460432818127,-0.044025037573739836,0.0,1.0,6
-0.0052074681818998474,-0.7374342253780647,-0.25828439009523335,0.49415063706550033,0.08968401137604433,0.6232191337005138,0.3116938117789217,-0.34007402719277424,-0.8940147132631981,0.3619948912265698,0.6257666661525756,0.0,1.0,6
-0.5352932156649703,-0.9175533820017792,-0.3264077655057283,-0.024667920458569362,-0.5161897846670188,-0.9894117152088977,-0.238733511021642,-0.9875330303682869,-0.33642857440122725,-0.8256101416076306,1.0443864809815224,0.0,1.0,6
1.357870168203138,0.763558746486222,-0.05391426386374872,-0.5209291493946361,0.7219001463775018,-0.35587816742305745,0.18740377114653634,1.3296886652071882,0.5309276416062852,0.49395100598592556,-0.9649886301974224,1.0,0.0,5
-0.5352932156649703,1.6341346701675084,-2.1657389015890915,-0.7013877780986604,0.2213957061680147,-1.219787550767385,-1.7124582785199254,0.9207671895174007,1.4602378730429044,0.757863235504637,-1.132436556129002,1.0,0.0,5
-0.38384014495552155,0.763558746486222,0.15045586236773625,0.8776252230615519,-0.35813575091665456,0.04727954480429546,1.0219226153925522,0.648152872390863,-0.026658497255685663,0.4279729486062477,-1.132436556129002,0.0,1.0,5
-0.08093400353662458,-0.7974739442526363,-0.3264077655057283,0.8099532372975426,-0.015685344457531777,-0.24069024964381375,-0.06117631011823436,0.3755385552643633,-1.6994169138416013,-0.09985151043117445,-0.8812646672316334,0.0,1.0,5
1.2064170974936899,-0.43723563100520724,0.49107273942021085,-0.6788304495106573,1.1433775697118065,-0.5862540029815447,-1.5526567977068586,0.32783104976721067,-0.4603366052594433,1.0217754650233477,0.542042703186785,1.0,0.0,6
-0.23238707424607272,-1.2777916952492079,-0.25828439009523335,1.8701476809336854,-0.17373937820789603,0.9687828870382449,0.3116938117789217,0.6992680568521196,0.7167896878936081,-0.7596320842279527,-0.37892088943689756,0.0,1.0,6
-0.3081136096007975,-0.37719591213063575,0.28670261318872586,-0.7690597638626695,-0.4371627677918366,-0.29828420853343557,-0.4873135922864127,-0.7149187132417871,0.035295518173421,0.8238412928843148,-0.21147296350531794,0.0,1.0,6
-0.3081136096007975,2.8049091882216524,-1.825122024536617,-0.6788304495106573,0.35310740095998505,-1.3925694274362506,-1.7834811588812884,0.3823539131924955,1.7700079501884434,0.8238412928843148,0.2071468513236288,1.0,0.0,6
-0.6110197510196944,-0.07699731775777843,0.8316896164726855,0.8776252230615519,-0.04202768341592585,1.256752681486354,0.8798768546698261,0.1301856698504681,-0.7701066824049821,-0.36376373994988587,-0.7975407042658443,0.0,1.0,5
3.3267600874259706,0.5834395898625077,2.1941571246825844,-0.6562731209226543,0.06334167241765026,-1.4501633863258725,-1.7657254387909478,1.1933815066439382,-0.08861251268479507,0.8898193502639927,-0.2951969264711085,1.0,0.0,6
-0.23238707424607272,-0.37719591213063575,0.5591961148307059,0.7197239229455304,-0.5425321236254129,-0.874223797429654,-0.34526783156368657,-0.03338292042546203,-0.33642857440122725,-1.3534346006450526,-0.2951969264711085,0.0,1.0,5
-0.04307073585926188,-1.0376328197509221,-0.5307778917372133,1.035526523177573,1.6438820099212932,1.4871285170448414,1.1284569359345968,0.43687677661781815,-0.4603366052594433,-0.6276759694685969,-0.2951969264711085,0.0,1.0,6
-0.9896524277933161,-0.9775931008763507,-0.1901610146847387,-0.09233990622257862,-0.647901479458989,2.1782560237203037,0.4004724122306255,-0.9909407093323909,-0.08861251268479507,-1.0235443137466638,0.6257666661525756,0.0,1.0,6
2.0394089863956575,0.9436779031099366,-0.5307778917372133,-0.6111584637466483,1.2224045865869884,-1.3925694274362506,-1.7834811588812884,1.1252279273623134,0.7167896878936081,-0.09985151043117445,-0.4626448524026866,1.0,0.0,4
-0.5352932156649703,0.2832409954896504,3.3522545066609983,-0.8592890782146816,4.22543122784391,-0.9318177563192758,-0.7181379534608426,-0.3059972375519618,-0.8940147132631981,-0.03387345305149659,-0.8812646672316334,0.0,1.0,5
1.6607763096220358,0.3432807143642219,1.03605974270417,-0.5660438065706422,0.8009271632526835,-1.3925694274362506,-1.6769468383392439,1.0979664956496709,-0.4603366052594433,-0.23180762519053016,-0.044025037573739836,1.0,0.0,5
-0.6867462863744191,-0.43723563100520724,0.9679363672936755,1.5205090878196381,-0.5161897846670188,1.7750983114929506,1.7321514190061829,0.8866903998765882,0.15920354903163708,-0.03387345305149659,-0.8812646672316334,0.0,1.0,6
-0.838199357083868,-0.07699731775777843,-0.12203763927424371,-0.453257163630627,-0.5425321236254129,-0.010314414085326379,0.16964805105619557,-1.7985606238197296,0.5309276416062852,-0.891588198987308,2.132797999536783,0.0,1.0,7
-0.4595666803102463,-1.0976725386254935,0.5591961148307059,-0.7916170924506725,-0.33179341195826045,1.0263768459278668,0.50700673277267,-1.1238401889315746,1.9558699964757689,-0.09985151043117445,1.5467302587762581,0.0,1.0,7
-0.5352932156649703,-0.37719591213063575,0.21857923777823088,1.0806411803535791,0.27408038408480284,1.7750983114929506,1.1639683761152784,0.9207671895174007,-0.4603366052594433,0.2300387764672141,-1.2998844820605802,0.0,1.0,4
0.2976986732369971,-0.43723563100520724,0.08233248695724127,-0.6788304495106573,0.06334167241765026,-0.6438479618711667,1.0751897756635747,-0.03338292042546203,-0.026658497255685663,0.164060719087537,-0.5463688153684757,0.0,1.0,5
-0.38384014495552155,-1.0376328197509221,1.240429868935655,-0.6562731209226543,-0.35813575091665456,-0.1830962907541919,0.13413661087551404,-0.7489955028825995,-0.4603366052594433,-0.5616979120889191,-0.21147296350531794,0.0,1.0,6
0.5248782793011707,2.264551718350509,-1.0076415196106776,-0.5434864779826392,1.0380082138782303,-0.5862540029815447,-1.35734387671311,1.1252279273623134,1.0885137804682563,-0.03387345305149659,-0.8812646672316334,1.0,0.0,5
0.07051906717282422,1.0637573408590797,0.014209111546746275,-0.6562731209226543,0.35310740095998505,1.1991587225967322,-0.7891608338222057,-0.10835185763525704,0.7167896878936081,1.8794902109591591,1.965350073605205,1.0,0.0,6
0.14624560252754895,-0.7974739442526363,-0.3264077655057283,0.5167079656535033,-0.674243818417383,0.6232191337005138,0.5247624528630108,-0.4423043961152495,-0.4603366052594433,-1.0235443137466638,1.0443864809815224,0.0,1.0,7
-0.6110197510196944,0.22320127661507888,-0.5307778917372133,0.49415063706550033,-0.25276639508307824,0.6232191337005138,0.6490524934953962,0.5254764296839533,-0.7081526669758754,0.4279729486062477,-1.132436556129002,0.0,1.0,5
0.14624560252754895,-0.8575136631272077,0.3548259885992209,2.6934901743957957,-0.2264240561246842,0.7384070514797575,1.341525577018686,1.7045333512562009,-1.2037847904087398,-0.7596320842279527,-1.132436556129002,0.0,1.0,6
1.5093232389125861,1.3039162163573657,-0.9395181442001829,-0.7690597638626695,0.5638461126271372,-1.1621935918777633,-1.6591911182489032,0.4300614186896481,-0.4603366052594433,-0.29778568257020804,-0.5463688153684757,1.0,0.0,5
-0.7624728217291432,-0.07699731775777843,0.6273194902412005,2.6596541815137913,-0.5161897846670188,1.6023164348240853,1.0396783354828931,1.472811181698646,0.15920354903163708,0.2300387764672141,-0.9649886301974224,0.0,1.0,6
-0.6110197510196944,-0.19707675550692147,1.44479999516714,0.8550678944735489,0.010656994500862296,0.3352493392524047,1.8919528998192496,0.6549682303190331,-0.33642857440122725,-0.6276759694685969,-1.216160519094791,0.0,1.0,5
0.5248782793011707,0.9436779031099366,0.08233248695724127,-0.6788304495106573,0.7219001463775018,-0.874223797429654,0.50700673277267,0.7844600309541507,-0.15056652811390175,0.09808266170785913,-0.8812646672316334,1.0,0.0,5
-0.23238707424607272,-0.9175533820017792,0.21857923777823088,0.42647865130149126,-0.3054510729998664,1.1991587225967322,0.18740377114653634,-0.40822760647443707,-0.7701066824049821,-0.6276759694685969,0.12342288835783828,0.0,1.0,7
-1.0653789631480408,-0.04697745832049266,-1.2120116458421626,0.1783480368334578,-0.27910873404147235,1.0839708048174885,1.4658156176510713,-0.27192044791114933,0.4689736261771759,1.1537315797827035,-0.21147296350531794,0.0,1.0,5
-0.4595666803102463,0.4933800115506504,-0.46265451632671833,-0.5998797994526467,-0.5952168015422008,-0.41347212631267927,-0.4873135922864127,-1.2533319895666544,-1.0798767595505236,-0.8256101416076306,0.7094906291183647,0.0,1.0,6
-0.3081136096007975,0.8235984653607935,-0.46265451632671833,-0.6788304495106573,0.5111614347103491,-0.06790837297494821,-0.9489623146352726,0.273308186341888,0.7167896878936081,0.4279729486062477,-0.1277490005395289,1.0,0.0,5
3.3267600874259706,-0.6773945065034932,1.7172934968091194,-0.7239451066866635,0.458476756793561,-1.5653513041051161,-1.890015479423333,1.2274582962847507,-0.5222906206885499,1.0877535224030255,-0.5463688153684757,1.0,0.0,6
0.2976986732369971,1.1838367786082227,-0.5989012671477081,-0.6788304495106573,-0.7269284963341711,-0.9894117152088977,0.6490524934953962,-0.476381185756062,-1.1418307749796304,-1.3534346006450526,-0.1277490005395289,0.0,1.0,5
3.8568458349090418,-0.43723563100520724,1.1723064935251601,-0.430699835042624,0.5901884515855313,-0.12550233186457005,-1.215298115990384,1.636379771974538,-0.15056652811390175,1.747534096199804,-0.2951969264711085,1.0,0.0,6
0.4491517439464459,-0.31715619325606453,-0.6670246425582032,1.01296919458957,-0.015685344457531777,0.7960010103693794,1.7499071390965235,0.9037287946969944,-0.8940147132631981,0.49395100598592556,-1.0487125931632115,0.0,1.0,6
-0.08093400353662458,-0.7974739442526363,0.21857923777823088,-0.5660438065706422,-0.4371627677918366,0.6232191337005138,1.270502696657323,-1.0965787572188943,0.592881657035392,0.164060719087537,1.6304542217420472,0.0,1.0,6
-0.3081136096007975,-0.31715619325606453,1.240429868935655,1.8701476809336854,-0.09471236133271399,1.0263768459278668,1.412548457380049,0.9889207687990256,-0.8320606978340915,-0.5616979120889191,-0.9649886301974224,0.0,1.0,5
-0.913925892438592,-1.0376328197509221,-0.1901610146847387,1.058083851765576,-0.33179341195826045,0.16246746258353914,-0.29200067129266427,0.2937542601263982,-0.646198651546766,-1.1555004285060195,-1.132436556129002,0.0,1.0,6
1.2064170974936899,0.2832409954896504,0.21857923777823088,-0.7239451066866635,1.0380082138782303,-0.4710660852023011,-0.611603632918798,-1.4782388011960395,-1.6994169138416013,0.03210460432818127,1.7141781847078363,0.0,1.0,6
-0.6110197510196944,-0.43723563100520724,1.1723064935251601,0.5167079656535033,-0.27910873404147235,1.314346640375976,1.6256170984641383,0.3755385552643633,0.09724953360253041,-0.6936540268482748,-1.132436556129002,0.0,1.0,6
-0.9896524277933161,-0.7974739442526363,-0.5307778917372133,1.5994597378776487,-0.33179341195826045,1.314346640375976,0.8976325747601669,0.8185368205949632,0.15920354903163708,-0.9575662563669859,-0.8812646672316334,0.0,1.0,5
-0.3081136096007975,-0.7974739442526363,-0.05391426386374872,-0.4758144922186301,-0.27910873404147235,0.565625174810892,0.11638089078517329,-1.089763399290762,-0.9559687286923076,0.757863235504637,0.29087081428941786,0.0,1.0,7
-0.7624728217291432,0.0430821199913643,-0.803271393379193,2.952899453157831,0.326765062001591,0.16246746258353914,0.7733425341277815,1.5614108347647433,-0.4603366052594433,-0.23180762519053016,-1.4673324079921584,0.0,1.0,6
-0.838199357083868,-0.43723563100520724,0.014209111546746275,-0.8818464068026846,-0.5952168015422008,-0.35587816742305745,-0.07893203020857512,-1.600915243902987,0.8406977187518241,-0.891588198987308,1.6304542217420472,0.0,1.0,6
0.4491517439464459,-0.7974739442526363,1.1723064935251601,-0.8592890782146816,-0.5425321236254129,-0.5862540029815447,-0.2742449512023235,-1.532761664621362,-1.0798767595505236,-1.6833248875434417,1.2955583698788895,0.0,1.0,7
-0.6110197510196944,-0.37719591213063575,-0.6670246425582032,1.7573610379936702,-0.46350510675023066,1.1991587225967322,0.6312967734050554,0.2903465811622943,0.035295518173421,-0.6936540268482748,0.12342288835783828,0.0,1.0,6
1.7365028449767599,0.16316155774050736,1.3766766197566451,-0.6788304495106573,0.8272695022110776,-1.0470056740985194,-1.1265195155386802,0.5561455403606618,0.40701961074806925,0.296016833846892,0.458318740220996,1.0,0.0,6
-0.3081136096007975,-0.6173547876289218,0.08233248695724127,-0.4081425064546209,-0.2000817171662901,2.1782560237203037,0.8266096943988038,-0.4286736802589094,-0.7701066824049821,1.0217754650233477,-0.2951969264711085,0.0,1.0,6
-0.4595666803102463,-0.5573150687543503,-0.5307778917372133,-0.7465024352746664,-0.2264240561246842,-0.24069024964381375,0.16964805105619557,-0.10153649970708697,0.9026517341809336,0.4279729486062477,-0.37892088943689756,0.0,1.0,6
0.07051906717282422,-0.37719591213063575,0.21857923777823088,-0.7690597638626695,-0.06837002237431992,0.04727954480429546,0.5957853332243739,-0.926194809014832,-0.2744745589721178,-0.42974179732956375,0.12342288835783828,0.0,1.0,5
-0.23238707424607272,-0.5573150687543503,-0.5307778917372133,-0.3179131921026088,0.010656994500862296,-0.9894117152088977,-0.5228250324670942,-0.10153649970708697,-1.451600852125169,-0.36376373994988587,-0.8812646672316334,0.0,1.0,4
0.8277844207200683,3.0450680637199383,-1.2120116458421626,-0.5660438065706422,0.958981197003048,-0.9894117152088977,-1.0732523552676578,0.9343979053737408,0.8406977187518241,0.03210460432818127,-0.37892088943689756,1.0,0.0,5
5.144196935939355,0.40332043323879313,2.1260337492720893,-0.27279853492660283,0.8536118411694718,-1.3925694274362506,-1.1975423959000433,2.3519923544317134,-1.3276928212669559,1.813512153579482,0.2071468513236288,1.0,0.0,6
-0.4595666803102463,0.9436779031099366,-0.3945311409162233,1.4190011091736248,-0.7269284963341711,0.1048735036939173,-0.07893203020857512,-0.5036426174687044,0.28311157988985314,1.6155779814404485,1.965350073605205,0.0,1.0,8
0.22197213788227302,-0.257116474381493,-0.7351480179686981,0.34752800124348054,-0.8059555132093533,0.16246746258353914,0.50700673277267,-0.701287997385447,-1.8852789601289268,-1.2214784858856973,0.458318740220996,0.0,1.0,5
-1.5197381752763865,0.8235984653607935,-1.8932453999471122,-0.7690597638626695,-0.06837002237431992,-0.6438479618711667,-0.14995491056993818,-0.6126883443193119,1.9558699964757689,0.5599290633656034,1.3792823328446786,1.0,0.0,7
-0.15666053889134865,-0.7374342253780647,0.014209111546746275,-0.7690597638626695,-0.3054510729998664,0.565625174810892,0.09862517069483252,-1.0556866096499498,-1.5135548675542785,-0.6276759694685969,-0.044025037573739836,0.0,1.0,6
-0.3081136096007975,3.4353262364046526,-0.1901610146847387,-0.047225249046572514,0.35310740095998505,-0.874223797429654,-1.3395881566227694,0.4334690976537521,1.8939159810466595,0.03210460432818127,0.458318740220996,1.0,0.0,5
0.07051906717282422,-1.0376328197509221,-0.5307778917372133,0.6971665943575275,1.6965666878380814,0.1048735036939173,0.8443654144891446,0.19833924913209303,-0.33642857440122725,-1.0235443137466638,-0.1277490005395289,0.0,1.0,8
0.7520578853653429,-0.6773945065034932,0.5591961148307059,0.5618226228295093,-0.2000817171662901,-1.0470056740985194,-0.6826265132801611,0.7163064516725258,-1.0179227441214143,2.0114463257185147,-0.7138167413000552,0.0,1.0,6
-0.15666053889134865,-0.6173547876289218,0.014209111546746275,-0.8367317496266786,-0.5161897846670188,0.5080312159212702,0.1518923309658548,-0.851225871805037,-0.33642857440122725,-0.7596320842279527,0.542042703186785,0.0,1.0,8
-0.913925892438592,-0.43723563100520724,-0.8713947687896879,-0.7465024352746664,-0.9640095469597175,-0.35587816742305745,-0.07893203020857512,-1.600915243902987,0.592881657035392,-0.42974179732956375,1.7141781847078363,0.0,1.0,7
-0.6110197510196944,2.714849609909795,-2.1657389015890915,-0.6337157923346513,0.2213957061680147,-0.12550233186457005,-1.1087637954483394,-0.2446590161985069,1.64609991933023,-0.09985151043117445,0.8769385550499428,1.0,0.0,5
0.2976986732369971,-0.257116474381493,-0.6670246425582032,1.170870494705591,-0.2000817171662901,1.5447224759344633,1.3592812971090267,0.7163064516725258,-0.8940147132631981,-0.891588198987308,-1.0487125931632115,0.0,1.0,6
-0.3081136096007975,-0.7374342253780647,1.1723064935251601,-0.9269610639786906,-0.12105470029110807,-0.24069024964381375,0.24067093141755863,-1.1919937682131996,0.15920354903163708,-1.2214784858856973,0.7094906291183647,0.0,1.0,6
-0.6867462863744191,-0.43723563100520724,0.4229493640097159,-0.9269610639786906,-0.14739703924950215,-1.3349754685466286,0.4537395725016478,-0.6467651339601244,1.398283857613798,-0.23180762519053016,-0.044025037573739836,0.0,1.0,7
0.7520578853653429,2.1444722806013656,-0.5989012671477081,-0.6788304495106573,1.1170352307534124,-0.9318177563192758,-0.5938479128284573,0.9548439791582132,-0.21252054354301114,1.0877535224030255,-0.9649886301974224,1.0,0.0,5
-0.6110197510196944,-1.0376328197509221,0.15045586236773625,-0.7916170924506725,0.958981197003048,0.7384070514797575,0.38271669214028475,-0.23784365827033685,0.15920354903163708,-0.29778568257020804,-0.7975407042658443,0.0,1.0,6
-0.6867462863744191,-0.6173547876289218,-0.1901610146847387,1.960376995285697,-0.5688744625838068,1.314346640375976,0.3472052519596032,0.39939230801293957,-0.33642857440122725,-1.0235443137466638,0.03969892539204922,0.0,1.0,6
-0.15666053889134865,-0.9775931008763507,-0.3945311409162233,-0.8141744210386755,-0.33179341195826045,0.9111889281486231,-0.45180215210573116,-0.6603958498164645,1.0265597650391496,-0.36376373994988587,0.12342288835783828,0.0,1.0,7
-0.08093400353662458,-0.37719591213063575,1.1723064935251601,0.33624933694947906,-0.4108204288334425,-0.12550233186457005,-0.06117631011823436,-0.6467651339601244,1.1504677958973657,0.296016833846892,1.3792823328446786,0.0,1.0,8
-0.838199357083868,0.16316155774050736,0.28670261318872586,-0.06978257763457546,-0.5688744625838068,0.3352493392524047,0.027602290333469462,-1.1919937682131996,0.5309276416062852,0.5599290633656034,1.7141781847078363,0.0,1.0,6
-0.3081136096007975,-0.5573150687543503,-0.5307778917372133,-0.10361857051658009,-0.09471236133271399,0.6232191337005138,1.714395698915842,0.3414617656235508,0.9026517341809336,0.8898193502639927,-0.8812646672316334,0.0,1.0,6
0.07051906717282422,0.3432807143642219,-0.12203763927424371,-0.7465024352746664,0.6165307905439255,0.16246746258353914,-0.6293593530091388,0.8185368205949632,1.1504677958973657,0.757863235504637,-0.8812646672316334,1.0,0.0,6
-1.0653789631480408,0.4633601521133647,-0.12203763927424371,-0.6337157923346513,-0.5688744625838068,-0.24069024964381375,0.2584266515078994,-1.8735295610295246,0.592881657035392,-0.42974179732956375,1.965350073605205,0.0,1.0,6
-1.2168320338574896,1.9043134051030803,-2.1657389015890915,-0.5660438065706422,0.24773804512640876,-1.3349754685466286,-1.7657254387909478,-0.6603958498164645,1.8319619656175528,0.296016833846892,1.965350073605205,1.0,0.0,5
0.14624560252754895,1.0637573408590797,-1.2801350212526574,-0.5886011351586452,0.5638461126271372,0.220061421473161,-0.9489623146352726,0.2664928284137558,1.2743758267555818,0.3619948912265698,0.2071468513236288,1.0,0.0,6
2.796674339942901,0.2832409954896504,1.03605974270417,-0.7239451066866635,1.617539670962899,-1.3925694274362506,-1.7834811588812884,1.2615350859255632,0.4689736261771759,1.4176438093014148,-0.6300927783342647,1.0,0.0,6
-0.6110197510196944,-0.31715619325606453,-0.7351480179686981,1.0468051874715747,-0.4108204288334425,0.3352493392524047,0.08086945060449176,-0.39459689061809694,-1.451600852125169,-1.2874565432653748,0.3187787991538819,0.0,1.0,6
0.14624560252754895,0.2832409954896504,1.104183118114665,-0.6788304495106573,0.6692154684607136,-0.9318177563192758,-0.842427994093228,0.9207671895174007,0.7167896878936081,0.09808266170785913,-1.132436556129002,1.0,0.0,5
-0.15666053889134865,-0.37719591213063575,-0.25828439009523335,-0.8141744210386755,-0.46350510675023066,-1.0470056740985194,-0.5583364726477758,-0.9432332038352382,-0.2744745589721178,0.757863235504637,0.458318740220996,0.0,1.0,5
-0.23238707424607272,-0.9175533820017792,0.21857923777823088,-0.7465024352746664,-0.5425321236254129,0.16246746258353914,-0.238733511021642,-0.4593427909356557,-0.08861251268479507,0.03210460432818127,0.2071468513236288,0.0,1.0,7
-0.08093400353662458,2.0243928428522233,-1.6888752737156272,-0.7013877780986604,0.4848190957519551,-0.8166298385400321,-1.1265195155386802,0.801498425774557,0.9646057496100402,-0.09985151043117445,-0.8812646672316334,1.0,0.0,5
-0.9896524277933161,-0.0169575988832069,-0.05391426386374872,-0.6788304495106573,-0.7005861573757771,0.45043725703164833,0.48925101268232934,-1.9007909927421671,1.0885137804682563,-0.8256101416076306,1.965350073605205,0.0,1.0,7
-0.23238707424607272,-0.4972753498797788,-0.3264077655057283,-0.18256922057459063,-0.674243818417383,-0.5862540029815447,-0.611603632918798,-1.229478236818078,-0.646198651546766,-0.9575662563669859,0.7932145920841537,0.0,1.0,6
0.9035109560747924,-0.7374342253780647,-0.25828439009523335,3.110800753273852,-0.7532708352925652,1.4295345581552197,0.27618237159824016,1.1933815066439382,-1.6374628984124946,-1.2214784858856973,0.8769385550499428,0.0,1.0,5
-0.6110197510196944,-0.43723563100520724,-0.12203763927424371,-0.7690597638626695,-0.4371627677918366,-0.6438479618711667,-0.5050693123767535,-1.229478236818078,0.592881657035392,0.757863235504637,0.7932145920841537,0.0,1.0,6
-0.5352932156649703,-0.43723563100520724,-0.8713947687896879,0.35880666553748203,-0.3054510729998664,3.9060747904089586,1.0751897756635747,-0.2923665216956595,-0.39838258983033387,-1.2874565432653748,-0.37892088943689756,0.0,1.0,6
-0.08093400353662458,-0.9775931008763507,0.014209111546746275,1.6220170664656517,-0.2264240561246842,0.3352493392524047,0.18740377114653634,0.7503832413133383,-1.8852789601289268,0.03210460432818127,-0.9649886301974224,0.0,1.0,6
0.2976986732369971,-0.9175533820017792,0.6273194902412005,-0.8818464068026846,-0.4371627677918366,0.45043725703164833,0.50700673277267,-1.2942241371356369,-1.8852789601289268,-0.7596320842279527,0.7094906291183647,0.0,1.0,5
0.4491517439464459,-0.257116474381493,2.8753908787875333,-0.7239451066866635,-0.6215591405005949,0.16246746258353914,0.7378310939471,-1.1919937682131996,0.40701961074806925,-0.09985151043117445,1.8816261106394159,0.0,1.0,6
1.7365028449767599,0.16316155774050736,1.3766766197566451,-0.6788304495106573,0.6692154684607136,-1.3925694274362506,-1.5704125177971993,1.1933815066439382,-0.2744745589721178,-0.1658295678108523,-0.8812646672316334,1.0,0.0,5
-0.6867462863744191,-0.4972753498797788,1.1723064935251601,-0.7916170924506725,-0.12105470029110807,0.220061421473161,0.3472052519596032,-0.7149187132417871,-1.451600852125169,0.49395100598592556,-0.6300927783342647,0.0,1.0,6
0.9035109560747924,-0.8575136631272077,0.4229493640097159,1.5317877521136398,-0.04202768341592585,1.1991587225967322,0.9864111752118707,2.0112244580235132,0.7167896878936081,1.8794902109591591,-1.3836084450263693,0.0,1.0,6
-0.08093400353662458,-0.19707675550692147,1.240429868935655,2.1408356239897217,0.06334167241765026,-1.3925694274362506,0.5957853332243739,1.2956118755663757,-1.7613709292707107,-0.6276759694685969,-1.216160519094791,0.0,1.0,5
-0.15666053889134865,0.9436779031099366,-1.2120116458421626,-0.7239451066866635,0.5638461126271372,-1.1621935918777633,-1.6236796780682217,0.6345221565345608,1.8939159810466595,0.49395100598592556,-0.1277490005395289,1.0,0.0,5
0.37342520859172185,-0.37719591213063575,1.7854168722196142,1.5994597378776487,-0.27910873404147235,1.717504352603329,1.1107012158442562,1.2956118755663757,-0.8940147132631981,-0.49571985470924124,-1.3836084450263693,0.0,1.0,5
0.4491517439464459,0.883638184235365,1.1723064935251601,0.44903597988949423,-0.35813575091665456,-0.06790837297494821,0.6135410533147146,0.23923139670107557,-0.08861251268479507,-1.3534346006450526,-0.4626448524026866,0.0,1.0,5
-0.5352932156649703,-0.31715619325606453,0.014209111546746275,-0.453257163630627,-0.5425321236254129,0.45043725703164833,-0.3807792717443681,-1.3283009267764494,-0.39838258983033387,0.3619948912265698,1.2118344069131004,0.0,1.0,6
-0.23238707424607272,0.3432807143642219,-0.12203763927424371,1.2610998090576033,-0.6215591405005949,-0.35587816742305745,-0.4873135922864127,-0.6297267391397181,-0.4603366052594433,-0.5616979120889191,1.8816261106394159,0.0,1.0,6
-0.23238707424607272,-0.8575136631272077,0.6273194902412005,-0.8818464068026846,0.08968401137604433,0.3352493392524047,-0.1854663507506197,-0.45252743300748566,-1.451600852125169,-0.9575662563669859,-1.132436556129002,0.0,1.0,5
-0.3081136096007975,-0.257116474381493,0.21857923777823088,-0.4983718208066331,-0.4898474457086247,-1.1621935918777633,0.8798768546698261,-1.1238401889315746,-0.8320606978340915,-0.03387345305149659,1.2118344069131004,0.0,1.0,6
0.7520578853653429,-0.9775931008763507,1.1723064935251601,-0.8818464068026846,-0.6215591405005949,-0.12550233186457005,-0.5938479128284573,-0.7489955028825995,-1.3896468366960626,0.9557974076436706,-0.1277490005395289,0.0,1.0,7
-0.6867462863744191,-0.13703703663234995,0.014209111546746275,-0.7916170924506725,-0.7005861573757771,-0.35587816742305745,-0.238733511021642,-1.7951529448556256,-0.08861251268479507,-0.7596320842279527,2.049074036570994,0.0,1.0,5
-1.0653789631480408,-0.4072157715679215,-0.12203763927424371,0.0881187224814458,-0.35813575091665456,0.6232191337005138,0.6135410533147146,-0.6467651339601244,0.6548356724645014,-0.7596320842279527,0.2071468513236288,0.0,1.0,7
0.07051906717282422,-0.5573150687543503,0.28670261318872586,1.825033023757679,-0.17373937820789603,0.2776553803627828,1.5190827779220937,1.397842244488851,-1.1418307749796304,-0.49571985470924124,-1.3836084450263693,0.0,1.0,7
-0.0052074681818998474,0.9436779031099366,-2.1657389015890915,-0.9495183925666938,-0.5952168015422008,0.9111889281486231,-0.007909149847212065,-0.4423043961152495,-0.21252054354301114,-1.2874565432653748,-1.132436556129002,0.0,1.0,4
-0.7624728217291432,-0.257116474381493,0.014209111546746275,-0.8592890782146816,-0.12105470029110807,0.1048735036939173,1.252746976566982,-0.626319060175652,0.3450655953189598,-0.6276759694685969,-0.37892088943689756,0.0,1.0,5
0.2976986732369971,0.3432807143642219,-0.3264077655057283,-0.8592890782146816,-0.09471236133271399,-0.41347212631267927,1.3947927372897082,-0.9739023145119846,-0.026658497255685663,-1.0235443137466638,0.8769385550499428,0.0,1.0,5
-0.4595666803102463,0.0430821199913643,0.15045586236773625,-0.024667920458569362,-0.647901479458989,-1.219787550767385,0.18740377114653634,-0.6706188867087006,0.592881657035392,1.813512153579482,1.2118344069131004,0.0,1.0,5
-1.0653789631480408,0.4333402926760789,-1.2801350212526574,-0.8141744210386755,-0.4371627677918366,-1.1045996329881413,-0.8956951543642503,-0.783072292523412,0.40701961074806925,-0.09985151043117445,-0.044025037573739836,0.0,1.0,5
-0.08093400353662458,2.354611296662366,-1.0757648950211727,-0.7013877780986604,1.1433775697118065,-0.874223797429654,-0.6648707931898203,0.7163064516725258,0.28311157988985314,0.6918851781249591,-1.0487125931632115,1.0,0.0,5
0.07051906717282422,-0.37719591213063575,0.6954428656516954,2.1182782954017187,-0.4371627677918366,1.0839708048174885,1.0396783354828931,1.6704565616153506,0.3450655953189598,1.8794902109591591,-1.2998844820605802,0.0,1.0,7
0.07051906717282422,-0.7374342253780647,0.6273194902412005,2.343851581281749,-0.17373937820789603,1.4295345581552197,1.3592812971090267,1.8749172994602634,0.592881657035392,0.3619948912265698,-1.3836084450263693,0.0,1.0,6
0.7520578853653429,1.003717621984508,-0.5307778917372133,-0.6788304495106573,0.5901884515855313,-0.8166298385400321,-0.5050693123767535,1.0707050639369906,0.7167896878936081,0.6918851781249591,-0.8812646672316334,1.0,0.0,6
0.14624560252754895,0.16316155774050736,-0.3945311409162233,1.035526523177573,-0.17373937820789603,0.16246746258353914,0.3472052519596032,0.5391071455402556,-0.5842446361176594,-0.49571985470924124,-0.1277490005395289,0.0,1.0,5
-0.0052074681818998474,-0.07699731775777843,-0.6670246425582032,-0.11489723481058156,-0.674243818417383,-1.1621935918777633,-0.7358936735511834,-1.2737780633511646,-1.5755088829833852,-0.09985151043117445,1.3792823328446786,0.0,1.0,7
-1.3682851045669377,0.9436779031099366,-1.2801350212526574,-0.0021105918705664113,-0.7532708352925652,-1.0470056740985194,-0.1321991904795974,-1.2635550264589284,1.5841459039011205,2.275358555237226,2.467693851399941,0.0,1.0,7
-0.0052074681818998474,-0.9775931008763507,-0.05391426386374872,-0.8818464068026846,-0.3054510729998664,-0.5862540029815447,-0.7358936735511834,-0.6808419236009368,0.592881657035392,-0.891588198987308,0.2071468513236288,0.0,1.0,7
0.9792374914295164,-0.8575136631272077,0.5591961148307059,-0.8818464068026846,-0.27910873404147235,0.04727954480429546,-0.14995491056993818,-0.8716719455895093,-1.3896468366960626,-1.2214784858856973,-0.044025037573739836,0.0,1.0,4
0.14624560252754895,1.7842339673539374,1.03605974270417,2.061884973931711,2.934656618882602,0.6808130925901357,1.252746976566982,1.3296886652071882,-2.0091869909871427,-0.29778568257020804,-1.0487125931632115,0.0,1.0,5
-0.6110197510196944,-1.0376328197509221,-0.12203763927424371,-0.4983718208066331,-0.5952168015422008,0.16246746258353914,0.18740377114653634,-1.014794462080967,-1.2037847904087398,-0.29778568257020804,-0.1277490005395289,0.0,1.0,6
-0.3081136096007975,-0.07699731775777843,-0.12203763927424371,-0.6562731209226543,-0.25276639508307824,0.2776553803627828,0.5780296131340331,-2.0098367195927747,0.09724953360253041,0.164060719087537,2.3839698884341516,0.0,1.0,6
-1.0653789631480408,-0.37719591213063575,-0.25828439009523335,-0.18256922057459063,-0.33179341195826045,1.256752681486354,0.7733425341277815,-0.851225871805037,0.7787437033227175,-0.6276759694685969,0.12342288835783828,0.0,1.0,7
0.7520578853653429,3.4353262364046526,-0.3264077655057283,-0.6562731209226543,0.8272695022110776,-1.3349754685466286,-1.6236796780682217,0.5799992931092381,0.22115756446074375,-0.42974179732956375,-0.4626448524026866,1.0,0.0,4
-0.7624728217291432,-0.7374342253780647,-0.12203763927424371,1.667131723641658,-0.06837002237431992,4.482014379305177,0.6668082135857369,0.9480286212300809,-0.7701066824049821,-0.42974179732956375,-0.8812646672316334,0.0,1.0,6
0.22197213788227302,-0.31715619325606453,-0.05391426386374872,0.8889038873555531,-0.04202768341592585,-0.5862540029815447,0.6490524934953962,0.7844600309541507,-0.8940147132631981,0.03210460432818127,-1.0487125931632115,0.0,1.0,5
-0.0052074681818998474,0.763558746486222,-1.0757648950211727,0.20090536542146095,-0.2264240561246842,-0.9318177563192758,0.18740377114653634,-0.07427506799440672,-0.8320606978340915,-0.29778568257020804,-0.6300927783342647,0.0,1.0,5
-0.6110197510196944,-0.13703703663234995,-0.05391426386374872,-0.7013877780986604,-0.5161897846670188,0.220061421473161,0.2051594912368771,-1.532761664621362,-1.0179227441214143,-0.5616979120889191,1.0443864809815224,0.0,1.0,6
-0.913925892438592,-0.8575136631272077,-0.5307778917372133,-0.7239451066866635,-0.7005861573757771,-0.010314414085326379,-0.16771063066027894,-1.226070557854012,0.5309276416062852,-0.42974179732956375,0.7932145920841537,0.0,1.0,6
0.14624560252754895,-0.31715619325606453,-0.46265451632671833,-0.27279853492660283,-0.33179341195826045,-0.010314414085326379,-0.007909149847212065,-0.851225871805037,-0.7081526669758754,-0.891588198987308,0.37459477725520696,0.0,1.0,6
-0.913925892438592,-0.6173547876289218,0.08233248695724127,-0.5660438065706422,-0.8059555132093533,0.04727954480429546,-0.5228250324670942,-1.4850541591242095,-0.5842446361176594,-0.23180762519053016,0.6257666661525756,0.0,1.0,7
1.5850497742673118,0.8235984653607935,-0.1901610146847387,-0.6562731209226543,1.8546207215884458,-1.3925694274362506,-1.747969718700607,0.7844600309541507,-0.026658497255685663,1.2197096371623812,0.542042703186785,1.0,0.0,5
0.37342520859172185,0.5233998709879362,-0.46265451632671833,-0.5434864779826392,0.43213441783516693,-0.06790837297494821,-0.913450874454591,0.5629608982888319,0.9026517341809336,0.296016833846892,-0.044025037573739836,1.0,0.0,6
-0.5352932156649703,0.22320127661507888,0.15045586236773625,-0.3630278492786149,-0.5425321236254129,0.220061421473161,1.5190827779220937,-0.27192044791114933,-0.5222906206885499,1.4836218666810927,-0.4626448524026866,0.0,1.0,5
1.1306905621389645,1.9943729834149375,-1.4845051474841422,-0.7690597638626695,0.8799541801278657,-1.5077573452154942,-1.8367483191523108,1.0059591636194318,0.5309276416062852,0.757863235504637,-0.8394026857487381,1.0,0.0,5
4.53838465310156,0.7035190276116507,1.3766766197566451,-0.6337157923346513,0.37944973991837877,-1.0470056740985194,-1.4106110369841325,2.0793780373051383,-0.7701066824049821,0.164060719087537,-1.2998844820605802,1.0,0.0,6
0.6763313500106188,-0.8575136631272077,1.1723064935251601,1.5317877521136398,-0.2264240561246842,0.9111889281486231,1.7321514190061829,0.7844600309541507,-0.8320606978340915,-0.49571985470924124,-0.4626448524026866,0.0,1.0,7
0.22197213788227302,0.22320127661507888,1.7172934968091194,-0.6111584637466483,1.3014316034621707,-1.4501633863258725,-1.81899259906197,0.5288841086480194,0.8406977187518241,0.09808266170785913,0.7094906291183647,1.0,0.0,6
-0.9896524277933161,-0.0169575988832069,-0.6670246425582032,-0.5886011351586452,-0.7005861573757771,-0.6438479618711667,0.364960972049944,-1.7372224024662748,1.1504677958973657,1.6155779814404485,2.8025897032630986,0.0,1.0,7
-0.4595666803102463,-0.0169575988832069,0.5591961148307059,0.6971665943575275,-0.27910873404147235,2.1782560237203037,0.9864111752118707,0.15063174363497828,-0.4603366052594433,-0.23180762519053016,-0.8533566798554503,0.0,1.0,6
0.6763313500106188,-0.8575136631272077,-0.25828439009523335,-0.9269610639786906,-0.8849825300845354,1.0839708048174885,-0.4873135922864127,-1.3214855688483171,-1.8852789601289268,-1.1555004285060195,0.458318740220996,0.0,1.0,6
-0.38384014495552155,-0.9175533820017792,0.49107273942021085,-0.9044037353906876,-0.647901479458989,-0.9318177563192758,-0.7714051137318649,-1.832637413460542,0.5309276416062852,-1.0235443137466638,2.049074036570994,0.0,1.0,7
-0.913925892438592,-0.31715619325606453,0.6273194902412005,1.3062144662336095,-0.2264240561246842,1.4295345581552197,0.6135410533147146,-0.27192044791114933,-0.8320606978340915,0.3619948912265698,0.3466867923907429,0.0,1.0,7
-0.38384014495552155,-1.397871132998351,-0.3945311409162233,2.2085076097537306,-0.09471236133271399,0.7960010103693794,-0.34526783156368657,0.7708293150978106,-0.15056652811390175,-1.2214784858856973,-0.6300927783342647,0.0,1.0,6
-1.4440116399216625,0.3432807143642219,-0.46265451632671833,-0.25024120633859975,-0.674243818417383,0.8535949692590012,0.27618237159824016,-1.2874087792074669,0.5309276416062852,0.296016833846892,1.002524499498627,0.0,1.0,7
-0.38384014495552155,1.6641545296047942,-0.7351480179686981,-0.7013877780986604,0.5901884515855313,-1.277381509657007,-0.9312065945449318,0.8526136102357758,1.8319619656175528,0.296016833846892,-1.0487125931632115,1.0,0.0,6
1.1306905621389645,0.4633601521133647,0.8998129918831804,-0.5886011351586452,0.4057920788767728,0.1048735036939173,-0.9844737548159541,0.5697762562170019,0.6548356724645014,1.5495999240607705,1.2118344069131004,1.0,0.0,6
-0.38384014495552155,-1.0376328197509221,0.6954428656516954,1.2159851518815974,-0.4898474457086247,3.157353324843875,1.19947981629596,0.6072607248219184,-1.1418307749796304,-0.6276759694685969,-1.3836084450263693,0.0,1.0,6
1.282143632848414,-0.0169575988832069,0.15045586236773625,-0.7690597638626695,-0.015685344457531777,-0.9894117152088977,1.0929454957539153,0.034770658856200745,-0.5222906206885499,-0.42974179732956375,-0.7138167413000552,0.0,1.0,5
0.07051906717282422,4.365941878960511,-1.5526285228946373,-0.7465024352746664,3.198080008466542,-1.1621935918777633,-0.45180215210573116,0.5799992931092381,0.4689736261771759,0.2300387764672141,-1.2998844820605802,1.0,0.0,5
-0.15666053889134865,-1.1577122575000651,0.15045586236773625,-0.8141744210386755,-0.46350510675023066,-0.5286600440919229,1.1107012158442562,-0.6126883443193119,0.592881657035392,0.5599290633656034,0.2071468513236288,0.0,1.0,5
-0.23238707424607272,-0.37719591213063575,-0.12203763927424371,0.7422812515335337,-0.8059555132093533,0.3928432981420265,-0.02566486993755283,-1.0590942886140158,-1.451600852125169,-1.0235443137466638,1.4630062958104693,0.0,1.0,8
-0.6110197510196944,0.16316155774050736,-0.803271393379193,0.1332333796574517,1.5911973320045054,1.7750983114929506,1.2172355363863006,0.0313629798920968,0.09724953360253041,-0.6936540268482748,-0.8812646672316334,0.0,1.0,5
-0.6867462863744191,-0.07699731775777843,0.6954428656516954,2.749883495865803,-0.5161897846670188,1.5447224759344633,0.9864111752118707,1.479626539626778,0.22115756446074375,0.2300387764672141,-0.9649886301974224,0.0,1.0,6
0.2976986732369971,-0.37719591213063575,-1.0076415196106776,-0.7690597638626695,-0.27910873404147235,-0.12550233186457005,0.04535801042381023,-0.551350122965857,-0.8940147132631981,-0.6936540268482748,-0.4626448524026866,0.0,1.0,5
0.4491517439464459,0.4633601521133647,-0.5989012671477081,0.8550678944735489,-0.06837002237431992,0.6808130925901357,1.785418579277205,0.8866903998765882,-1.2657388058378465,0.296016833846892,-1.132436556129002,0.0,1.0,6
-0.38384014495552155,1.7842339673539374,-0.12203763927424371,-0.8592890782146816,-0.7005861573757771,-0.7014419207607885,-0.6826265132801611,-1.8053759817478996,-0.39838258983033387,0.4279729486062477,1.965350073605205,0.0,1.0,4
-0.9896524277933161,1.8442736862285087,-0.5989012671477081,-0.0021105918705664113,-0.5688744625838068,-0.5862540029815447,0.24067093141755863,-1.4782388011960395,1.4602378730429044,-0.36376373994988587,1.8816261106394159,0.0,1.0,6
-0.7624728217291432,-0.37719591213063575,0.08233248695724127,-0.7465024352746664,-0.7269284963341711,-0.35587816742305745,-0.06117631011823436,-1.532761664621362,0.09724953360253041,-0.23180762519053016,1.2955583698788895,0.0,1.0,6
0.14624560252754895,-0.4972753498797788,-0.05391426386374872,0.5843799514175123,-0.25276639508307824,1.256752681486354,1.1107012158442562,0.5799992931092381,-0.5842446361176594,-0.5616979120889191,-1.3836084450263693,0.0,1.0,6
-0.838199357083868,-0.6773945065034932,-0.3264077655057283,1.0806411803535791,-0.04202768341592585,2.5238197770580344,0.3472052519596032,0.28693890219822815,-0.39838258983033387,-0.891588198987308,-0.2951969264711085,0.0,1.0,6
-0.38384014495552155,-0.6173547876289218,-0.1901610146847387,0.40392132271348813,-0.4898474457086247,1.3719405992655977,0.22291521132721787,-0.4423043961152495,0.6548356724645014,-0.49571985470924124,0.8769385550499428,0.0,1.0,7
-0.08093400353662458,-1.2777916952492079,0.4229493640097159,-0.7239451066866635,-0.27910873404147235,-0.9318177563192758,-0.007909149847212065,-0.6808419236009368,0.592881657035392,2.407314669996582,0.9606625180157319,0.0,1.0,6
-0.6110197510196944,-0.8575136631272077,-0.6670246425582032,0.5392652942415064,-0.647901479458989,1.314346640375976,1.0219226153925522,-0.1560593631323718,0.09724953360253041,0.296016833846892,0.37459477725520696,0.0,1.0,6
0.14624560252754895,1.9043134051030803,-2.1657389015890915,-0.7239451066866635,0.4848190957519551,-0.9894117152088977,-1.3218324365324285,1.1252279273623134,1.7700079501884434,0.164060719087537,-0.9649886301974224,1.0,0.0,5
0.4491517439464459,-0.257116474381493,0.5591961148307059,-0.7239451066866635,-0.7532708352925652,-0.41347212631267927,0.13413661087551404,-1.0556866096499498,-0.5222906206885499,-0.9575662563669859,0.29087081428941786,0.0,1.0,7
-0.4595666803102463,-0.6173547876289218,-0.3264077655057283,2.434080895633761,-0.5688744625838068,0.9111889281486231,1.3060141368380045,1.2615350859255632,0.09724953360253041,-0.1658295678108523,-1.132436556129002,0.0,1.0,5
-0.3081136096007975,-0.8575136631272077,0.4229493640097159,-0.06978257763457546,-0.4371627677918366,-0.1830962907541919,-0.20322207084096047,-0.1696900789887119,0.9026517341809336,0.296016833846892,0.12342288835783828,0.0,1.0,6
0.14624560252754895,-0.8575136631272077,0.21857923777823088,0.24602002259746686,-0.8322978521677473,-1.1621935918777633,-1.3218324365324285,-0.701287997385447,-2.6906811607073298,-0.09985151043117445,0.29087081428941786,0.0,1.0,5
-0.6867462863744191,-0.7374342253780647,1.7172934968091194,-0.8141744210386755,3.988350177218364,-0.9318177563192758,-0.3275121114733458,-0.4423043961152495,-0.39838258983033387,-0.6936540268482748,-0.4626448524026866,0.0,1.0,6
-1.3682851045669377,1.4239956541065082,-1.620751898305132,-0.7013877780986604,0.06334167241765026,-0.5862540029815447,-1.4816339173454955,0.11655495399412798,1.7080539347593366,0.6918851781249591,-0.2951969264711085,1.0,0.0,6
0.07051906717282422,1.9043134051030803,-2.1657389015890915,-0.6788304495106573,0.7219001463775018,-1.3925694274362506,-1.6236796780682217,1.2956118755663757,2.3895481044795237,2.8031830142746483,-0.5463688153684757,1.0,0.0,6
-0.08093400353662458,0.0430821199913643,-0.3264077655057283,-0.430699835042624,-0.5952168015422008,-0.12550233186457005,0.3472052519596032,-1.6349920335437995,0.22115756446074375,-1.0235443137466638,2.132797999536783,0.0,1.0,7
-0.3081136096007975,1.9043134051030803,-1.6888752737156272,-0.7690597638626695,0.35310740095998505,-0.8166298385400321,-0.9489623146352726,0.4164307028333458,0.40701961074806925,0.4279729486062477,-1.0487125931632115,1.0,0.0,5
-0.6867462863744191,-0.9775931008763507,-0.6670246425582032,-0.7916170924506725,-0.35813575091665456,0.8535949692590012,0.7200753738567592,-0.7217340711699194,-0.21252054354301114,-0.36376373994988587,-0.2951969264711085,0.0,1.0,5
-1.2168320338574896,-0.9175533820017792,0.49107273942021085,-0.8818464068026846,-0.35813575091665456,-0.7590358796504103,-0.842427994093228,-0.919379451086662,0.035295518173421,-0.03387345305149659,-0.21147296350531794,0.0,1.0,6
-0.7624728217291432,0.10312183886593582,0.4229493640097159,-0.4081425064546209,-0.674243818417383,-0.5862540029815447,-0.45180215210573116,-1.682699539040952,-1.0179227441214143,-1.3534346006450526,1.2118344069131004,0.0,1.0,7
-0.913925892438592,-0.7974739442526363,0.4229493640097159,-0.9495183925666938,-0.9640095469597175,-0.4710660852023011,-0.29200067129266427,-1.7338147235021708,0.22115756446074375,-1.4194126580247306,1.0443864809815224,0.0,1.0,6
-0.08093400353662458,-0.0169575988832069,3.692871383713473,-0.8141744210386755,3.0927106526329657,0.3352493392524047,-0.2742449512023235,-0.551350122965857,-1.8852789601289268,-0.23180762519053016,-1.0487125931632115,0.0,1.0,5
-0.08093400353662458,0.5233998709879362,0.6954428656516954,0.11067605106944875,0.35310740095998505,-0.06790837297494821,0.2584266515078994,0.9548439791582132,1.2124218113264724,1.2197096371623812,-0.044025037573739836,1.0,0.0,5
-0.6110197510196944,-1.3378314141237795,-0.12203763927424371,-0.8818464068026846,-0.674243818417383,0.3928432981420265,-0.36302355165402733,-1.5804691701185147,-1.3276928212669559,0.164060719087537,0.9606625180157319,0.0,1.0,6
1.1306905621389645,2.8649489070962235,-2.029492150768102,-0.8592890782146816,0.35310740095998505,0.3352493392524047,-1.1797866758097024,0.23923139670107557,-0.15056652811390175,0.296016833846892,-0.6300927783342647,1.0,0.0,5
-1.2168320338574896,-0.5873349281916361,0.014209111546746275,-0.8818464068026846,-0.25276639508307824,-0.35587816742305745,0.6668082135857369,-0.6126883443193119,-0.646198651546766,-0.7596320842279527,-1.0487125931632115,0.0,1.0,6
-0.5352932156649703,-0.37719591213063575,0.4229493640097159,0.6294946085935185,-0.674243818417383,1.3719405992655977,1.803174299367546,-1.007979104152797,-1.2037847904087398,-0.7596320842279527,2.132797999536783,0.0,1.0,6
-0.6110197510196944,0.4633601521133647,-0.8713947687896879,0.9678545374135641,-0.35813575091665456,-0.12550233186457005,0.5425181729533516,-0.05723667317400049,0.035295518173421,-0.03387345305149659,0.3578499846620494,0.0,1.0,5
-1.0653789631480408,-1.0376328197509221,0.28670261318872586,-0.8367317496266786,-0.5425321236254129,-1.1045996329881413,-0.7891608338222057,-0.8444105138768669,1.2743758267555818,0.9557974076436706,-0.1277490005395289,0.0,1.0,7
-0.23238707424607272,1.574094951292937,-1.3482583966631525,1.2836571376456063,0.43213441783516693,0.565625174810892,-0.5583364726477758,1.636379771974538,1.398283857613798,-0.09985151043117445,-0.9649886301974224,1.0,0.0,6
-0.3081136096007975,-0.6173547876289218,0.21857923777823088,0.3136920083614761,-0.2264240561246842,0.7960010103693794,1.0219226153925522,-0.03338292042546203,0.40701961074806925,0.09808266170785913,-0.044025037573739836,0.0,1.0,7
-1.4440116399216625,-0.7974739442526363,-0.1901610146847387,-0.9720757211546968,-0.7532708352925652,-1.1045996329881413,-0.8601837141835688,-0.8001106873438183,0.4689736261771759,-0.891588198987308,-0.6300927783342647,0.0,1.0,5
-1.0653789631480408,-0.31715619325606453,0.4229493640097159,1.2836571376456063,-0.4898474457086247,1.0839708048174885,0.38271669214028475,-0.28555116376748946,-0.7081526669758754,0.3619948912265698,0.542042703186785,0.0,1.0,6
-0.15666053889134865,-0.7374342253780647,-0.12203763927424371,-0.7239451066866635,0.2213957061680147,-0.8166298385400321,-1.6769468383392439,0.7571985992415083,2.3895481044795237,1.8794902109591591,-0.4626448524026866,1.0,0.0,6
-0.0052074681818998474,-1.1577122575000651,0.49107273942021085,-0.7239451066866635,-0.35813575091665456,-0.5286600440919229,0.7910982542181223,0.10292423813782568,1.8319619656175528,-0.42974179732956375,-0.4626448524026866,0.0,1.0,5
-0.6110197510196944,-0.37719591213063575,0.7635662410621905,0.47159330847749714,-0.3054510729998664,1.717504352603329,1.8919528998192496,0.23923139670107557,-0.8320606978340915,-0.5616979120889191,-0.9649886301974224,0.0,1.0,6
-0.6867462863744191,-0.8575136631272077,-0.3945311409162233,1.7348037094056667,-0.27910873404147235,1.717504352603329,0.50700673277267,0.25967747048558576,0.22115756446074375,-1.2214784858856973,0.2071468513236288,0.0,1.0,6
0.07051906717282422,-0.6173547876289218,0.15045586236773625,0.5618226228295093,-0.2264240561246842,-0.06790837297494821,0.6668082135857369,0.5799992931092381,-0.7701066824049821,0.03210460432818127,-1.2998844820605802,0.0,1.0,5
0.9035109560747924,1.3039162163573657,-1.8932453999471122,-0.6788304495106573,0.6692154684607136,-1.1621935918777633,-1.6414353981585623,1.0570743480806883,-0.026658497255685663,-0.6276759694685969,-0.7975407042658443,1.0,0.0,5
-0.3081136096007975,0.16316155774050736,1.30855324434615,1.5317877521136398,-0.33179341195826045,1.8326922703825725,0.8621211345794854,1.0570743480806883,-0.21252054354301114,-0.6276759694685969,-1.4673324079921584,0.0,1.0,5
-0.838199357083868,-1.4278909924356369,-0.05391426386374872,-0.8367317496266786,-0.5161897846670188,1.4295345581552197,0.5425181729533516,-1.1238401889315746,1.1504677958973657,-0.8256101416076306,0.458318740220996,0.0,1.0,7
-0.6110197510196944,-0.0169575988832069,0.8316896164726855,0.7197239229455304,-0.35813575091665456,1.3719405992655977,1.5368384980124343,0.3448694445876169,-0.2744745589721178,-0.36376373994988587,-0.8812646672316334,0.0,1.0,5
0.8277844207200683,2.504710593848795,-0.1901610146847387,-0.18256922057459063,0.4848190957519551,-1.0470056740985194,-1.747969718700607,0.6822296620317133,1.398283857613798,0.9557974076436706,0.7932145920841537,1.0,0.0,6
0.5248782793011707,-1.2177519763746365,2.8753908787875333,-0.8592890782146816,-0.7532708352925652,-0.010314414085326379,0.8976325747601669,-1.1919937682131996,-0.8940147132631981,1.8794902109591591,1.4630062958104693,0.0,1.0,6
0.2976986732369971,-0.4972753498797788,1.03605974270417,-0.7690597638626695,0.3004227230431969,-1.4501633863258725,-1.0554966351773172,-0.03338292042546203,-0.7701066824049821,-0.5616979120889191,-0.7975407042658443,0.0,1.0,5
-0.08093400353662458,-0.9775931008763507,0.49107273942021085,2.3100155883997444,-0.25276639508307824,0.8535949692590012,0.7733425341277815,1.6909026353998609,0.7167896878936081,1.5495999240607705,-1.216160519094791,0.0,1.0,6
1.5093232389125861,2.2045119994759372,-0.5989012671477081,0.26857735118547,-0.38447808987504845,-0.874223797429654,-0.3807792717443681,0.10292423813782568,-2.0711410064162497,-1.2874565432653748,-0.37892088943689756,0.0,1.0,6
-0.3081136096007975,-0.7374342253780647,-0.05391426386374872,0.42647865130149126,-0.5161897846670188,0.16246746258353914,0.11638089078517329,-0.9330101669430021,-1.2657388058378465,-0.9575662563669859,1.1281104439473115,0.0,1.0,8
0.07051906717282422,-0.37719591213063575,0.3548259885992209,-0.8592890782146816,-0.46350510675023066,-0.24069024964381375,-0.2742449512023235,-0.8580412297332071,-1.3276928212669559,0.5599290633656034,0.2071468513236288,0.0,1.0,5
-0.7624728217291432,-0.13703703663234995,-1.3482583966631525,-0.047225249046572514,-0.06837002237431992,-1.3925694274362506,-0.30975639138300504,-0.08790578385074685,-0.39838258983033387,-0.23180762519053016,-1.0487125931632115,0.0,1.0,5
2.418041663169279,1.0637573408590797,0.8998129918831804,-0.6788304495106573,0.6165307905439255,-1.3925694274362506,-1.8012368789716293,1.1047818535778031,-0.026658497255685663,1.4836218666810927,0.7094906291183647,1.0,0.0,6
-0.4595666803102463,-0.6173547876289218,-0.12203763927424371,1.802475695169676,-0.12105470029110807,-0.7014419207607885,0.50700673277267,1.2785734807459694,0.9026517341809336,-0.29778568257020804,-0.9649886301974224,0.0,1.0,6
-1.6711912459858353,4.185822722336796,-0.5307778917372133,-0.7690597638626695,-0.17373937820789603,0.1048735036939173,-0.3275121114733458,-0.37415081683362456,3.1949503050579295,0.5599290633656034,0.7932145920841537,1.0,0.0,5
3.4024866227806947,0.6434793087370793,2.1260337492720893,-0.6337157923346513,0.43213441783516693,-1.3349754685466286,-1.6236796780682217,1.7863176463941282,-0.08861251268479507,1.0217754650233477,0.29087081428941786,1.0,0.0,6
-0.0052074681818998474,-1.0976725386254935,0.21857923777823088,-0.8592890782146816,-0.674243818417383,-0.1830962907541919,-0.540580752557435,-0.5786115546784993,0.6548356724645014,-1.2874565432653748,-0.5463688153684757,0.0,1.0,5
-0.5352932156649703,0.7035190276116507,-1.2120116458421626,-0.5886011351586452,1.512170315129323,-1.219787550767385,-1.375099596803451,0.9616593370863832,2.699318181625065,0.757863235504637,-0.6300927783342647,1.0,0.0,5
-0.23238707424607272,-0.257116474381493,0.28670261318872586,-0.9269610639786906,-0.5161897846670188,0.565625174810892,0.7378310939471,-1.6418073914719695,-0.8940147132631981,-1.1555004285060195,1.2955583698788895,0.0,1.0,6
0.5248782793011707,1.003717621984508,0.15045586236773625,-0.5434864779826392,-0.2000817171662901,-0.9894117152088977,0.364960972049944,-0.3911892116540308,-0.8320606978340915,-0.1658295678108523,-0.4626448524026866,0.0,1.0,5
-0.3081136096007975,-1.0976725386254935,-0.9395181442001829,-0.7239451066866635,-0.27910873404147235,0.04727954480429546,-0.007909149847212065,-0.7626262187389019,0.28311157988985314,0.09808266170785913,0.2071468513236288,0.0,1.0,6
-0.6867462863744191,4.065743284587653,-2.1657389015890915,-0.6788304495106573,0.6955578074191077,-0.7590358796504103,-1.6059239579778808,-0.0436059573176982,2.2656400736213076,0.09808266170785913,0.542042703186785,1.0,0.0,4
-0.3081136096007975,-0.7374342253780647,-0.12203763927424371,1.2610998090576033,0.35310740095998505,2.1206620648306815,1.412548457380049,0.6958603778880157,-2.0711410064162497,-0.7596320842279527,-1.2998844820605802,0.0,1.0,6
-0.6867462863744191,-0.0169575988832069,0.28670261318872586,-0.024667920458569362,-0.5688744625838068,0.04727954480429546,1.252746976566982,0.034770658856200745,-0.4603366052594433,-0.29778568257020804,-0.7138167413000552,0.0,1.0,5
-1.8226443166952842,-0.4972753498797788,-0.5989012671477081,1.2610998090576033,-0.5952168015422008,-0.41347212631267927,-0.06117631011823436,-0.5990576284630096,1.4602378730429044,-1.6833248875434417,0.7932145920841537,0.0,1.0,7
0.5248782793011707,1.9043134051030803,-2.1657389015890915,-0.8141744210386755,1.0380082138782303,-1.3925694274362506,-1.8012368789716293,0.4062076659410718,1.2743758267555818,0.296016833846892,-0.8812646672316334,1.0,0.0,5
0.4491517439464459,0.5233998709879362,2.6028973771455535,-0.7013877780986604,10.73198895056724,-0.4710660852023011,-0.842427994093228,0.9889207687990256,-0.5842446361176594,4.914480850424338,-0.9649886301974224,1.0,0.0,5
-0.7624728217291432,-0.8575136631272077,-0.46265451632671833,2.2536222669297366,-0.04202768341592585,-1.277381509657007,0.09862517069483252,1.0809281008292269,-0.21252054354301114,-0.03387345305149659,-0.7975407042658443,0.0,1.0,6
-1.5954647106311113,-1.0676526791882077,-0.6670246425582032,0.15579070824545485,-0.25276639508307824,0.6808130925901357,0.5602738930436924,-0.37415081683362456,-0.2744745589721178,0.09808266170785913,-0.5463688153684757,0.0,1.0,6
-0.08093400353662458,-0.8575136631272077,0.21857923777823088,-0.4081425064546209,-0.5952168015422008,-0.5286600440919229,-0.1321991904795974,-0.8682642666254432,-0.7081526669758754,0.03210460432818127,0.458318740220996,0.0,1.0,6
-0.15666053889134865,-0.37719591213063575,0.08233248695724127,2.1633929525777247,-0.35813575091665456,0.9687828870382449,0.9508997350311892,1.6704565616153506,0.7167896878936081,0.8898193502639927,-1.4673324079921584,0.0,1.0,6
1.5850497742673118,1.6041148107302228,-0.3945311409162233,-0.3630278492786149,0.8799541801278657,-0.29828420853343557,-0.4873135922864127,1.7897253253582321,0.09724953360253041,0.5599290633656034,-0.7138167413000552,1.0,0.0,5
0.07051906717282422,0.10312183886593582,1.512923370577635,1.8701476809336854,-0.06837002237431992,1.8902862292721943,1.3947927372897082,1.4114729603451532,-1.0179227441214143,-0.29778568257020804,-1.634780333923738,0.0,1.0,4
-0.6867462863744191,-0.8575136631272077,-0.5307778917372133,-0.7465024352746664,-0.12105470029110807,0.3352493392524047,0.364960972049944,-0.258289732054847,3.566674397632575,0.8238412928843148,0.2071468513236288,0.0,1.0,6
-0.3081136096007975,-0.7374342253780647,0.21857923777823088,0.11067605106944875,-0.35813575091665456,-0.5286600440919229,-0.007909149847212065,-0.23784365827033685,0.4689736261771759,-0.03387345305149659,0.12342288835783828,0.0,1.0,7
1.5093232389125861,-0.6773945065034932,-0.12203763927424371,-0.8818464068026846,-0.674243818417383,0.565625174810892,-0.2742449512023235,-0.5445347650376869,-1.7613709292707107,-1.5513687727840861,-0.1277490005395289,0.0,1.0,6
2.1908620571051056,0.22320127661507888,1.240429868935655,-0.5886011351586452,1.2487469255453825,-1.3925694274362506,-1.8012368789716293,0.658375909283137,-0.026658497255685663,0.757863235504637,0.8769385550499428,1.0,0.0,7
0.4491517439464459,1.3039162163573657,-0.8713947687896879,-0.7239451066866635,1.2487469255453825,-1.0470056740985194,-1.1975423959000433,0.648152872390863,-0.21252054354301114,2.6052488421356155,-0.8812646672316334,1.0,0.0,5
-0.3081136096007975,-0.31715619325606453,0.014209111546746275,-0.7239451066866635,-0.647901479458989,-0.7014419207607885,0.27618237159824016,-1.2090321630336058,-1.0798767595505236,0.5599290633656034,0.542042703186785,0.0,1.0,6
0.4491517439464459,1.2138566380455085,-1.3482583966631525,-0.5660438065706422,0.3004227230431969,-1.1045996329881413,-1.4106110369841325,0.5118457138276131,0.7167896878936081,0.49395100598592556,0.8769385550499428,1.0,0.0,6
-0.3081136096007975,0.6434793087370793,-0.12203763927424371,1.5317877521136398,0.9853235359614421,-0.41347212631267927,-0.30975639138300504,0.8526136102357758,-0.8320606978340915,-0.6276759694685969,-0.7975407042658443,0.0,1.0,5
-0.15666053889134865,1.3639559352319366,-1.4845051474841422,0.7422812515335337,0.9853235359614421,-0.41347212631267927,1.3060141368380045,0.9207671895174007,1.0885137804682563,-0.42974179732956375,-1.132436556129002,0.0,1.0,4
-0.4595666803102463,-1.0976725386254935,0.28670261318872586,-0.8818464068026846,-0.674243818417383,-0.1830962907541919,-0.3807792717443681,-1.9280524244548094,0.035295518173421,-1.2874565432653748,2.216521962502572,0.0,1.0,8
-0.838199357083868,-0.37719591213063575,-0.46265451632671833,2.87394880309982,-0.33179341195826045,1.0263768459278668,0.8266096943988038,1.636379771974538,0.7167896878936081,-0.36376373994988587,-0.8812646672316334,0.0,1.0,5
0.9035109560747924,-0.19707675550692147,-0.1901610146847387,-0.430699835042624,3.619557431800847,-0.9318177563192758,-1.5704125177971993,0.2937542601263982,-0.026658497255685663,1.6155779814404485,1.2118344069131004,1.0,0.0,6
0.2976986732369971,-0.19707675550692147,-0.1901610146847387,1.2385424804696004,-0.4371627677918366,-0.5286600440919229,0.5425181729533516,0.7163064516725258,-1.1418307749796304,-1.2214784858856973,-0.9649886301974224,0.0,1.0,5
0.22197213788227302,-0.4972753498797788,-0.3945311409162233,3.0092927746278386,0.7219001463775018,0.16246746258353914,0.43598385241130705,2.2497619855092763,-0.33642857440122725,-0.9575662563669859,-1.4673324079921584,0.0,1.0,5
0.22197213788227302,-0.13703703663234995,0.3548259885992209,-0.8592890782146816,-0.2264240561246842,-0.4710660852023011,1.2349912564766414,-0.23784365827033685,-0.8320606978340915,-0.6936540268482748,-1.0487125931632115,0.0,1.0,5
-0.838199357083868,0.40332043323879313,-1.8932453999471122,-0.8367317496266786,-0.5425321236254129,-0.41347212631267927,0.11638089078517329,-0.7558108608107318,0.09724953360253041,0.49395100598592556,-0.5463688153684757,0.0,1.0,6
0.7520578853653429,0.0430821199913643,0.5591961148307059,0.29113467977347296,-0.46350510675023066,0.2776553803627828,0.8443654144891446,-0.3059972375519618,-0.4603366052594433,-1.2874565432653748,1.1281104439473115,0.0,1.0,7
-0.913925892438592,0.2832409954896504,-1.2801350212526574,-0.8592890782146816,-0.38447808987504845,1.717504352603329,1.0219226153925522,-1.1442862627160468,-1.0179227441214143,-0.09985151043117445,0.03969892539204922,0.0,1.0,5
-0.38384014495552155,-0.43723563100520724,-0.05391426386374872,2.4115235670457578,-0.5425321236254129,0.7960010103693794,1.1462126560249377,1.1593047170031259,0.22115756446074375,0.164060719087537,-0.7975407042658443,0.0,1.0,5
-0.913925892438592,-0.37719591213063575,0.15045586236773625,-0.7690597638626695,1.6438820099212932,0.16246746258353914,-0.1854663507506197,-0.8171490821642245,-0.21252054354301114,-1.0235443137466638,-0.2951969264711085,0.0,1.0,6
1.5093232389125861,1.1838367786082227,-0.05391426386374872,-0.6111584637466483,1.459485637212535,-1.1045996329881413,-1.35734387671311,0.8492059312717096,0.09724953360253041,0.164060719087537,0.29087081428941786,1.0,0.0,5
-0.9896524277933161,-0.7974739442526363,-0.5989012671477081,0.6520519371815215,-0.6215591405005949,-0.4710660852023011,0.27618237159824016,-0.03338292042546203,0.9646057496100402,0.3619948912265698,0.29087081428941786,0.0,1.0,6
-0.913925892438592,-0.8575136631272077,2.6710207525560485,-0.7690597638626695,2.4604945176315085,-1.1621935918777633,-1.0732523552676578,-0.6126883443193119,-0.646198651546766,-0.42974179732956375,-0.6300927783342647,0.0,1.0,5
-0.3081136096007975,-0.9175533820017792,0.28670261318872586,-0.7013877780986604,-0.5688744625838068,-0.010314414085326379,-0.3275121114733458,-0.9534562407274744,-0.4603366052594433,0.03210460432818127,0.2071468513236288,0.0,1.0,7
2.1151355217503816,0.7035190276116507,0.8316896164726855,-0.4758144922186301,0.2213957061680147,-1.5077573452154942,-1.890015479423333,0.7640139571696406,0.6548356724645014,0.5599290633656034,1.3792823328446786,1.0,0.0,6
-1.6711912459858353,2.384631156099652,-2.1657389015890915,-0.8592890782146816,-0.4108204288334425,-0.8166298385400321,-1.215298115990384,-0.6535804918882944,4.867708721643843,0.3619948912265698,1.6304542217420472,1.0,0.0,6
-1.6711912459858353,0.22320127661507888,-2.0976155261785965,-0.7690597638626695,-0.2264240561246842,-0.24069024964381375,-0.9667180347256134,-1.2465166316384844,2.9471342433414973,1.4176438093014148,2.8863136662288875,1.0,0.0,6
-0.15666053889134865,-0.7974739442526363,0.15045586236773625,0.7873959087095397,-0.6215591405005949,0.04727954480429546,2.460135942710154,0.273308186341888,-0.026658497255685663,0.164060719087537,-0.044025037573739836,0.0,1.0,6
2.2665885924598297,-0.6173547876289218,1.1723064935251601,-0.5886011351586452,0.4848190957519551,-1.1621935918777633,-1.5349010776165177,1.1252279273623134,-0.5222906206885499,0.49395100598592556,-0.1277490005395289,1.0,0.0,5
-0.3081136096007975,1.3039162163573657,-1.9613687753576068,-0.7465024352746664,0.7219001463775018,-0.7014419207607885,-1.4106110369841325,0.7844600309541507,1.3363298421846885,0.6259071207452813,-0.4626448524026866,1.0,0.0,6
0.4491517439464459,1.4840353729810796,0.08233248695724127,-0.6788304495106573,0.458476756793561,-0.35587816742305745,0.09862517069483252,0.7844600309541507,0.15920354903163708,0.03210460432818127,-0.9649886301974224,1.0,0.0,5
0.22197213788227302,-1.2177519763746365,0.15045586236773625,-0.8367317496266786,-0.04202768341592585,1.1415647637071105,0.6845639336760777,0.0006938692153882753,0.40701961074806925,1.747534096199804,-0.7975407042658443,0.0,1.0,6
-0.08093400353662458,-0.8575136631272077,0.6273194902412005,-0.6562731209226543,-0.06837002237431992,-0.35587816742305745,0.9153882948505077,0.10292423813782568,1.5841459039011205,0.5599290633656034,-0.044025037573739836,0.0,1.0,6
1.282143632848414,0.8235984653607935,1.44479999516714,-0.22768387775059673,1.1697199086702006,-1.5653513041051161,-1.8545040392426515,0.4641382083304606,-0.08861251268479507,0.3619948912265698,1.2955583698788895,1.0,0.0,7
-0.7624728217291432,-0.13703703663234995,-1.0757648950211727,0.44903597988949423,-0.3054510729998664,-0.010314414085326379,0.38271669214028475,0.13700102777863815,-0.2744745589721178,-0.42974179732956375,-0.7975407042658443,0.0,1.0,6
-0.5352932156649703,-0.9175533820017792,0.15045586236773625,-0.7690597638626695,-0.7269284963341711,0.5080312159212702,0.027602290333469462,-1.689514896969122,-0.08861251268479507,0.9557974076436706,1.6304542217420472,0.0,1.0,6
-0.38384014495552155,0.16316155774050736,-0.46265451632671833,-0.5660438065706422,-0.7532708352925652,-0.35587816742305745,-0.540580752557435,-1.226070557854012,-0.5222906206885499,-1.1555004285060195,0.9606625180157319,0.0,1.0,6
-0.3081136096007975,-0.7974739442526363,0.3548259885992209,0.44903597988949423,-0.4898474457086247,-0.1830962907541919,-0.1321991904795974,-0.8307797980205268,-1.5135548675542785,1.8794902109591591,0.7932145920841537,0.0,1.0,6
-0.3081136096007975,-0.43723563100520724,-0.1901610146847387,-0.09233990622257862,-0.27910873404147235,-1.3925694274362506,-0.4695578721960719,0.027955300928030686,0.7167896878936081,-0.36376373994988587,0.03969892539204922,0.0,1.0,4
-0.6110197510196944,-0.13703703663234995,-0.46265451632671833,-0.0021105918705664113,-0.04202768341592585,-0.12550233186457005,0.4182281323209663,-0.9500485617634082,0.28311157988985314,-0.23180762519053016,1.5467302587762581,0.0,1.0,8
-0.9896524277933161,-0.9175533820017792,-0.7351480179686981,-0.7465024352746664,-0.3054510729998664,1.5447224759344633,0.364960972049944,-0.3707431378695206,0.592881657035392,-0.6276759694685969,-0.8812646672316334,1.0,0.0,5
2.2665885924598297,0.5834395898625077,0.6954428656516954,-0.6788304495106573,0.37944973991837877,-1.3349754685466286,-1.6769468383392439,0.39598462904883563,-0.5222906206885499,1.6815560388201263,0.458318740220996,1.0,0.0,7
0.14624560252754895,-0.9775931008763507,0.15045586236773625,-0.5209291493946361,-0.7005861573757771,-0.010314414085326379,-0.1321991904795974,-0.851225871805037,-1.5755088829833852,-0.03387345305149659,0.37459477725520696,0.0,1.0,6
0.07051906717282422,0.2832409954896504,0.3548259885992209,-0.8818464068026846,-0.35813575091665456,0.3352493392524047,-0.02566486993755283,-1.1919937682131996,1.0265597650391496,-0.36376373994988587,1.7979021476736254,0.0,1.0,8
-0.9896524277933161,-0.5573150687543503,-0.3264077655057283,-0.7916170924506725,-0.7269284963341711,0.3928432981420265,-0.5938479128284573,-1.8053759817478996,-0.15056652811390175,-0.49571985470924124,1.3792823328446786,0.0,1.0,6
-0.38384014495552155,-0.37719591213063575,-1.2120116458421626,-0.8141744210386755,-0.35813575091665456,1.9478801881618162,0.7910982542181223,-0.851225871805037,-0.33642857440122725,-0.9575662563669859,-0.4626448524026866,0.0,1.0,5
-0.4595666803102463,-0.5573150687543503,-0.46265451632671833,-0.8367317496266786,-0.4371627677918366,-0.12550233186457005,-0.5228250324670942,-1.587284528046647,-2.1950490372744658,-0.36376373994988587,0.542042703186785,0.0,1.0,6
-0.5352932156649703,0.9436779031099366,-0.6670246425582032,-0.20512654916259376,-0.5425321236254129,0.2776553803627828,0.2939380916885809,-1.4646080853397372,0.22115756446074375,0.09808266170785913,2.049074036570994,0.0,1.0,7
-0.23238707424607272,4.486021316709654,-1.756998649126122,-0.6562731209226543,0.11602635033443841,-1.0470056740985194,-1.4816339173454955,0.10292423813782568,1.7700079501884434,-0.6936540268482748,0.7094906291183647,1.0,0.0,4
-1.0653789631480408,0.10312183886593582,-0.3945311409162233,-0.385585177866618,-0.4898474457086247,0.565625174810892,0.6845639336760777,-1.157916978572387,0.7167896878936081,0.09808266170785913,0.6257666661525756,0.0,1.0,6
1.6607763096220358,-0.6773945065034932,1.649170121398625,2.5807035314557805,0.16871102825122655,1.285549660931165,2.975051825330036,2.208869837940256,-0.7701066824049821,-0.1658295678108523,-1.0487125931632115,0.0,1.0,5
0.4491517439464459,-0.7374342253780647,-0.3945311409162233,0.9001825516495549,-0.25276639508307824,0.45043725703164833,0.3116938117789217,0.8526136102357758,0.15920354903163708,-0.03387345305149659,-0.2951969264711085,0.0,1.0,6
-0.6867462863744191,2.504710593848795,-2.1657389015890915,-0.4758144922186301,0.4057920788767728,-0.24069024964381375,-1.1087637954483394,-0.2412513372344408,1.7700079501884434,0.4279729486062477,0.7932145920841537,1.0,0.0,6
0.2976986732369971,-0.43723563100520724,-0.5307778917372133,-0.27279853492660283,0.03699933345925637,-0.6438479618711667,0.0098465702431287,0.4436921345459882,-0.4603366052594433,-0.5616979120889191,-1.3836084450263693,0.0,1.0,5
-0.913925892438592,-0.4972753498797788,0.6954428656516954,0.04300406530543969,-0.7796131742509592,2.293443941499547,1.1284569359345968,-1.0556866096499498,1.0885137804682563,-0.891588198987308,1.4630062958104693,0.0,1.0,8
-0.4595666803102463,-0.8575136631272077,-1.2120116458421626,-0.13745456339858453,3.356134042216906,0.2776553803627828,0.9508997350311892,-0.18332079484505204,-1.8233249446998174,-0.5616979120889191,-0.9649886301974224,0.0,1.0,6
0.8277844207200683,1.5440750918556512,-1.2801350212526574,-0.5434864779826392,0.7482424853358958,-1.3925694274362506,-1.6059239579778808,1.3296886652071882,0.5309276416062852,0.3619948912265698,-1.132436556129002,1.0,0.0,6
-0.5352932156649703,-0.8575136631272077,0.21857923777823088,-0.25024120633859975,-0.4371627677918366,-0.1830962907541919,0.4537395725016478,-1.1851784102850296,-1.5135548675542785,-0.03387345305149659,1.0443864809815224,0.0,1.0,6
-0.5352932156649703,-1.1577122575000651,0.014209111546746275,-0.8367317496266786,-0.5425321236254129,-0.6438479618711667,-0.6826265132801611,-1.6554381073283098,-0.2744745589721178,-0.8256101416076306,1.4630062958104693,0.0,1.0,6
0.07051906717282422,1.4840353729810796,-0.3945311409162233,0.49415063706550033,0.35310740095998505,0.2776553803627828,0.11638089078517329,1.2274582962847507,0.9026517341809336,-0.29778568257020804,-0.9649886301974224,1.0,0.0,5
1.282143632848414,-1.3378314141237795,0.8998129918831804,-0.7239451066866635,0.4848190957519551,-1.1621935918777633,-1.6591911182489032,0.34827712355168305,1.1504677958973657,1.4836218666810927,1.1281104439473115,1.0,0.0,7
-0.3081136096007975,1.6041148107302228,-0.803271393379193,-0.7239451066866635,0.5375037736687432,-1.1045996329881413,-0.8779394342739095,0.8866903998765882,1.9558699964757689,0.296016833846892,-1.0487125931632115,1.0,0.0,5
-0.3081136096007975,-1.3378314141237795,-0.12203763927424371,1.7799183665816731,-0.2000817171662901,0.1048735036939173,-0.4695578721960719,0.6958603778880157,-0.15056652811390175,-1.2214784858856973,-0.5463688153684757,0.0,1.0,6
-1.4440116399216625,-0.13703703663234995,-1.3482583966631525,0.35880666553748203,-0.35813575091665456,-0.4710660852023011,0.4714952925919886,-0.27192044791114933,0.8406977187518241,0.4279729486062477,-0.1277490005395289,0.0,1.0,6
0.07051906717282422,-0.4972753498797788,-0.5307778917372133,-0.7465024352746664,-0.17373937820789603,-1.1621935918777633,-0.04342059002789359,-0.5581654808940271,-0.7081526669758754,-0.6936540268482748,-0.5463688153684757,0.0,1.0,5
-0.4595666803102463,-0.6773945065034932,-0.5307778917372133,-0.25024120633859975,-0.3054510729998664,0.3352493392524047,0.4182281323209663,-0.783072292523412,-0.4603366052594433,0.6918851781249591,0.6257666661525756,0.0,1.0,7
0.14624560252754895,-0.37719591213063575,-0.46265451632671833,1.5543450807016428,-0.09471236133271399,-0.29828420853343557,0.5957853332243739,1.0570743480806883,-0.7701066824049821,0.5599290633656034,-1.132436556129002,0.0,1.0,5
-0.838199357083868,-0.257116474381493,-0.12203763927424371,-0.6562731209226543,-0.674243818417383,1.1415647637071105,0.8621211345794854,-1.7031456128254243,1.0265597650391496,-0.6936540268482748,1.7979021476736254,0.0,1.0,7
2.493768198524003,-0.6173547876289218,1.03605974270417,-0.6562731209226543,0.24773804512640876,-1.3925694274362506,-1.6059239579778808,1.1252279273623134,-0.4603366052594433,2.407314669996582,0.37459477725520696,1.0,0.0,7
-0.08093400353662458,0.16316155774050736,-0.12203763927424371,0.26857735118547,-0.4371627677918366,1.0839708048174885,0.43598385241130705,-1.4612004063756332,-0.33642857440122725,-1.7493029449231194,2.55141781436573,0.0,1.0,6
-0.38384014495552155,-0.5573150687543503,0.08233248695724127,-0.4758144922186301,0.010656994500862296,1.256752681486354,1.0396783354828931,-0.37415081683362456,-1.2657388058378465,-0.36376373994988587,-0.8812646672316334,0.0,1.0,7
-1.8983708520500082,1.5440750918556512,-1.0076415196106776,-0.6111584637466483,0.03699933345925637,-0.7590358796504103,-0.14995491056993818,-0.4423043961152495,3.8764444747781166,0.4279729486062477,1.965350073605205,1.0,0.0,6
-0.4595666803102463,-0.43723563100520724,1.1723064935251601,0.6294946085935185,-0.2000817171662901,1.8326922703825725,1.8209300194578866,0.4777689241868007,-0.33642857440122725,-0.5616979120889191,-0.9649886301974224,0.0,1.0,6
-0.6867462863744191,-0.37719591213063575,-0.12203763927424371,-0.430699835042624,-0.46350510675023066,-0.35587816742305745,0.0098465702431287,-0.10153649970708697,-1.0798767595505236,-0.6936540268482748,-1.634780333923738,0.0,1.0,5
-0.6110197510196944,-0.5573150687543503,0.014209111546746275,0.11067605106944875,-0.2000817171662901,0.6232191337005138,1.0929454957539153,0.17107781741945063,-0.21252054354301114,0.9557974076436706,-1.132436556129002,0.0,1.0,6
-1.4440116399216625,-0.257116474381493,-0.12203763927424371,-0.8592890782146816,-0.7269284963341711,-0.29828420853343557,-0.3807792717443681,-2.4119428373544296,0.5309276416062852,-0.891588198987308,2.55141781436573,0.0,1.0,7
-1.2168320338574896,-0.9775931008763507,-0.05391426386374872,-0.7916170924506725,-0.4898474457086247,-0.8166298385400321,-0.540580752557435,-0.7149187132417871,0.7167896878936081,0.296016833846892,-0.37892088943689756,0.0,1.0,6
-0.0052074681818998474,-0.6173547876289218,-0.25828439009523335,-0.7013877780986604,-0.647901479458989,-0.010314414085326379,-0.39853499183470886,-1.0556866096499498,-0.7701066824049821,-0.9575662563669859,0.29087081428941786,0.0,1.0,6
-0.838199357083868,1.123797059733651,-1.620751898305132,-0.7013877780986604,0.5375037736687432,-0.35587816742305745,-1.2330538360807248,0.2664928284137558,2.327594089050417,0.9557974076436706,-0.21147296350531794,1.0,0.0,6
1.433596703557862,-0.7974739442526363,0.3548259885992209,-0.7690597638626695,0.27408038408480284,-1.3925694274362506,-1.8545040392426515,0.34827712355168305,0.035295518173421,0.296016833846892,0.458318740220996,1.0,0.0,7
-1.0653789631480408,-0.16705689606963572,-0.8713947687896879,3.2461447248018698,-0.674243818417383,-0.12550233186457005,-0.14995491056993818,0.8662443260921159,-1.5755088829833852,-0.891588198987308,-0.0021630560908445645,0.0,1.0,6
-1.1411054985027649,-0.4972753498797788,-0.12203763927424371,-0.7239451066866635,-0.46350510675023066,-0.010314414085326379,-0.16771063066027894,-1.5498000594417682,1.5841459039011205,-0.09985151043117445,1.6304542217420472,0.0,1.0,7
0.14624560252754895,-1.2177519763746365,-0.12203763927424371,-0.8367317496266786,-0.6215591405005949,-0.29828420853343557,-0.41629071192504963,-0.619503702247482,1.8939159810466595,-0.9575662563669859,0.03969892539204922,0.0,1.0,6
-0.6110197510196944,-0.13703703663234995,1.240429868935655,1.2836571376456063,-0.25276639508307824,1.5447224759344633,1.6256170984641383,0.7844600309541507,-0.8940147132631981,0.4279729486062477,-0.9649886301974224,0.0,1.0,5
-0.913925892438592,-0.0169575988832069,-0.5307778917372133,0.0881187224814458,0.08968401137604433,-0.41347212631267927,0.2051594912368771,0.2051546070602631,0.15920354903163708,-0.6276759694685969,-1.2998844820605802,0.0,1.0,7
-0.913925892438592,-0.31715619325606453,-0.7351480179686981,2.3776875741637538,-0.35813575091665456,-0.5862540029815447,0.48925101268232934,0.7094910937443558,-0.7081526669758754,0.03210460432818127,-0.37892088943689756,0.0,1.0,6
-0.6110197510196944,1.5140552324183654,-1.2120116458421626,0.04300406530543969,0.03699933345925637,-0.874223797429654,-0.30975639138300504,0.2051546070602631,0.9646057496100402,-1.1555004285060195,-1.2998844820605802,0.0,1.0,4
-1.0653789631480408,-0.7374342253780647,-0.1901610146847387,-0.8367317496266786,-0.5425321236254129,-0.29828420853343557,-0.8246722740028872,-1.9927983247723682,0.09724953360253041,-1.2214784858856973,1.7141781847078363,0.0,1.0,6
-0.838199357083868,-1.0376328197509221,-0.1901610146847387,-0.8818464068026846,-0.4108204288334425,0.1048735036939173,-0.39853499183470886,-1.4100852219144144,0.22115756446074375,0.2300387764672141,0.542042703186785,0.0,1.0,6
-0.838199357083868,2.2345318589132233,-1.4845051474841422,-0.5434864779826392,-0.09471236133271399,-0.9894117152088977,-1.5526567977068586,-0.2991818796238296,2.1417320427630915,-0.23180762519053016,1.1281104439473115,1.0,0.0,5
1.1306905621389645,-0.257116474381493,0.15045586236773625,-0.047225249046572514,-1.0166942248765056,-0.41347212631267927,0.22291521132721787,0.08247816435331551,-0.646198651546766,-0.29778568257020804,0.542042703186785,0.0,1.0,7
1.433596703557862,-0.43723563100520724,0.014209111546746275,-0.8818464068026846,-0.674243818417383,-0.874223797429654,0.6490524934953962,-0.3059972375519618,-1.2037847904087398,-0.8256101416076306,0.03969892539204922,0.0,1.0,5
-0.38384014495552155,-0.8575136631272077,0.3548259885992209,-0.757781099568668,-0.8322978521677473,0.6808130925901357,-0.20322207084096047,-1.4577927274115672,-0.7081526669758754,-0.5616979120889191,0.7094906291183647,0.0,1.0,5
-0.0052074681818998474,2.0544127022895093,-0.7351480179686981,1.01296919458957,0.35310740095998505,0.16246746258353914,1.0219226153925522,0.8866903998765882,-1.3896468366960626,0.09808266170785913,-1.216160519094791,0.0,1.0,6
1.357870168203138,-0.6173547876289218,1.240429868935655,-0.8592890782146816,-0.2264240561246842,-0.24069024964381375,-0.1321991904795974,-0.919379451086662,-0.08861251268479507,-1.2874565432653748,1.5467302587762581,0.0,1.0,6
-0.15666053889134865,-0.7974739442526363,0.3548259885992209,0.49415063706550033,-0.38447808987504845,0.3352493392524047,0.9331440149408484,0.4436921345459882,0.22115756446074375,0.164060719087537,-0.6300927783342647,0.0,1.0,6
1.433596703557862,-0.0169575988832069,0.6954428656516954,-0.7239451066866635,0.03699933345925637,-1.219787550767385,-1.7124582785199254,-0.19695151070135433,-0.2744745589721178,0.09808266170785913,0.7094906291183647,1.0,0.0,5
-0.6110197510196944,-0.19707675550692147,0.49107273942021085,0.5618226228295093,-0.4371627677918366,1.5447224759344633,1.7499071390965235,0.08588584331741946,0.592881657035392,-0.6936540268482748,-0.4626448524026866,0.0,1.0,5
1.433596703557862,2.714849609909795,-2.1657389015890915,-0.5434864779826392,1.0380082138782303,-1.1045996329881413,-1.5704125177971993,1.6704565616153506,0.7787437033227175,1.945468268338837,-0.9649886301974224,1.0,0.0,6
-0.6867462863744191,-1.3378314141237795,0.28670261318872586,-0.6562731209226543,-0.33179341195826045,0.9687828870382449,0.5602738930436924,-1.0556866096499498,0.28311157988985314,1.351665751921737,0.7094906291183647,0.0,1.0,7
-0.7624728217291432,-0.31715619325606453,-0.5989012671477081,1.667131723641658,-0.2264240561246842,0.16246746258353914,1.5368384980124343,0.5527378613965958,-0.7081526669758754,0.164060719087537,-0.5463688153684757,0.0,1.0,6
0.7520578853653429,3.255207079780938,-0.803271393379193,-0.8141744210386755,0.7745848242942895,-1.3349754685466286,-1.4816339173454955,0.034770658856200745,-0.7081526669758754,-0.49571985470924124,-0.4626448524026866,1.0,0.0,5
0.6006048146558948,-0.8575136631272077,0.5591961148307059,0.04300406530543969,-0.04202768341592585,0.6232191337005138,0.9331440149408484,0.273308186341888,-0.2744745589721178,-0.891588198987308,0.03969892539204922,0.0,1.0,7
0.2976986732369971,-0.6773945065034932,0.15045586236773625,-0.7690597638626695,-0.35813575091665456,-0.35587816742305745,0.2584266515078994,-0.49341958057646823,-0.646198651546766,1.0877535224030255,-0.1277490005395289,0.0,1.0,5
-0.6867462863744191,1.2438764974827943,-1.1438882704316677,-0.7239451066866635,0.5375037736687432,-0.24069024964381375,-1.4106110369841325,-0.46275046989972185,0.592881657035392,1.8794902109591591,0.8769385550499428,1.0,0.0,6
-0.6110197510196944,-0.7374342253780647,0.15045586236773625,-0.7239451066866635,0.010656994500862296,-0.06790837297494821,-0.1854663507506197,0.4777689241868007,3.6286284130616844,0.2300387764672141,-0.21147296350531794,0.0,1.0,6
0.9792374914295164,-0.9175533820017792,1.104183118114665,-0.8818464068026846,-0.8059555132093533,-0.41347212631267927,-1.0022294749062948,-0.9057487352303218,-2.0091869909871427,-0.23180762519053016,-0.044025037573739836,0.0,1.0,6
-0.5731564833423324,-1.2177519763746365,0.6954428656516954,-0.8592890782146816,-0.17373937820789603,1.1991587225967322,0.2584266515078994,-1.1374709047878768,0.28311157988985314,1.0217754650233477,0.458318740220996,0.0,1.0,7
0.8277844207200683,-0.9175533820017792,1.1723064935251601,-0.8592890782146816,-0.14739703924950215,-1.1045996329881413,0.4004724122306255,-0.919379451086662,-1.0179227441214143,-0.49571985470924124,0.37459477725520696,0.0,1.0,6
-0.7624728217291432,1.9043134051030803,1.104183118114665,-0.8592890782146816,-0.7269284963341711,-0.06790837297494821,-0.7003822333705019,-1.8053759817478996,0.6548356724645014,-0.9575662563669859,1.8816261106394159,0.0,1.0,8
-0.15666053889134865,-1.1577122575000651,-0.1901610146847387,2.569424867161779,0.03699933345925637,0.8535949692590012,-0.07893203020857512,1.1252279273623134,-0.4603366052594433,-1.0895223711263415,-0.7138167413000552,0.0,1.0,6
-0.23238707424607272,1.7542141079166516,-1.0076415196106776,-0.5886011351586452,4.857647362845367,-1.3925694274362506,-1.7124582785199254,0.5459225034684256,1.0885137804682563,0.3619948912265698,-0.21147296350531794,1.0,0.0,6
1.0549640267842404,-0.16705689606963572,0.5591961148307059,-0.6337157923346513,0.5901884515855313,-1.5653513041051161,-1.9255269196040146,0.21196996498843315,0.28311157988985314,0.8898193502639927,1.1281104439473115,1.0,0.0,6
-0.838199357083868,-0.9175533820017792,-0.46265451632671833,-0.22768387775059673,-0.8849825300845354,-0.41347212631267927,-0.04342059002789359,-0.7489955028825995,0.9026517341809336,-0.1658295678108523,0.8769385550499428,0.0,1.0,6
0.4491517439464459,-0.8575136631272077,0.014209111546746275,-0.0021105918705664113,-1.0693789027932938,0.04727954480429546,-0.238733511021642,-0.8989333773021896,-1.451600852125169,-0.9575662563669859,0.37459477725520696,0.0,1.0,6
0.14624560252754895,1.5440750918556512,-0.3945311409162233,-0.6562731209226543,0.6955578074191077,-0.7590358796504103,-0.41629071192504963,0.5663685772529358,0.40701961074806925,0.164060719087537,-0.6300927783342647,1.0,0.0,6
1.812229380331484,-0.6773945065034932,0.5591961148307059,-0.7916170924506725,-0.33179341195826045,-0.6438479618711667,0.364960972049944,-0.27192044791114933,-1.6374628984124946,-0.29778568257020804,0.29087081428941786,0.0,1.0,5
-0.3081136096007975,0.8235984653607935,-1.620751898305132,-0.7239451066866635,0.458476756793561,0.565625174810892,-0.8956951543642503,0.26990050737782195,-0.646198651546766,-0.29778568257020804,-0.7975407042658443,1.0,0.0,5
-0.7624728217291432,-0.6173547876289218,0.21857923777823088,-0.8592890782146816,-0.4898474457086247,-0.4710660852023011,0.9331440149408484,-1.1238401889315746,-0.7701066824049821,-0.36376373994988587,0.03969892539204922,0.0,1.0,6
-0.3081136096007975,-0.4972753498797788,-0.1901610146847387,1.5543450807016428,-0.12105470029110807,1.3719405992655977,0.8088539743084631,0.32783104976721067,-1.2037847904087398,0.296016833846892,-0.1277490005395289,0.0,1.0,6
-0.15666053889134865,-1.2777916952492079,0.3548259885992209,1.7686397022876714,-0.38447808987504845,0.3352493392524047,-0.16771063066027894,0.44709981351005434,-1.0798767595505236,0.09808266170785913,0.12342288835783828,0.0,1.0,6
-0.3081136096007975,-0.7374342253780647,0.3548259885992209,-0.7465024352746664,-0.5425321236254129,0.45043725703164833,1.4303041774703897,-1.2601473474948244,0.7787437033227175,1.2197096371623812,1.6304542217420472,0.0,1.0,6
-1.1411054985027649,-0.9775931008763507,-0.3945311409162233,-0.6337157923346513,-0.8849825300845354,-0.5286600440919229,-0.34526783156368657,-1.7712991921070873,-0.9559687286923076,0.03210460432818127,1.4630062958104693,0.0,1.0,6
-0.23238707424607272,-0.9175533820017792,0.49107273942021085,0.6746092657695245,-0.7532708352925652,-0.4710660852023011,-0.540580752557435,-0.1696900789887119,-0.7081526669758754,0.8238412928843148,0.2071468513236288,0.0,1.0,6
0.8277844207200683,-0.07699731775777843,0.6954428656516954,-0.8705677425086832,-0.6215591405005949,-0.7014419207607885,-0.3275121114733458,-1.157916978572387,-0.15056652811390175,-1.4194126580247306,1.5467302587762581,0.0,1.0,3
-1.0653789631480408,-0.257116474381493,-0.5989012671477081,-0.7916170924506725,-0.5952168015422008,0.3928432981420265,0.11638089078517329,-1.972352250987896,-1.6374628984124946,-1.2874565432653748,1.2955583698788895,0.0,1.0,6
0.37342520859172185,1.9043134051030803,-1.8932453999471122,-0.7690597638626695,-0.46350510675023066,-1.5077573452154942,-1.8722597593329924,0.5799992931092381,1.0885137804682563,-0.42974179732956375,-0.9649886301974224,1.0,0.0,5
-0.6110197510196944,0.9436779031099366,-1.0757648950211727,1.7799183665816731,-0.38447808987504845,-0.24069024964381375,0.4182281323209663,0.9889207687990256,0.3450655953189598,-1.3534346006450526,-1.2998844820605802,0.0,1.0,5
-0.3081136096007975,1.964353123977652,-1.1438882704316677,-0.7239451066866635,1.617539670962899,-0.9894117152088977,-1.6769468383392439,0.30738497598270054,1.2124218113264724,0.8898193502639927,0.6257666661525756,1.0,0.0,6
-0.23238707424607272,-1.0376328197509221,-0.12203763927424371,-0.6788304495106573,-0.25276639508307824,-0.9894117152088977,0.04535801042381023,-1.014794462080967,-0.39838258983033387,-0.1658295678108523,0.8769385550499428,0.0,1.0,6
0.6763313500106188,-0.07699731775777843,0.8316896164726855,-0.7916170924506725,-0.38447808987504845,-1.3925694274362506,-1.81899259906197,0.3142003339108706,0.7787437033227175,0.49395100598592556,0.12342288835783828,1.0,0.0,5
-0.0052074681818998474,-0.0169575988832069,-0.5307778917372133,-0.6788304495106573,0.37944973991837877,-0.010314414085326379,-1.1087637954483394,0.4300614186896481,1.3363298421846885,0.296016833846892,-0.37892088943689756,1.0,0.0,5
0.22197213788227302,1.3639559352319366,-2.029492150768102,-0.5434864779826392,0.5375037736687432,-1.1045996329881413,-1.4106110369841325,0.36531551837208925,0.8406977187518241,0.5599290633656034,0.2071468513236288,1.0,0.0,6
-0.838199357083868,-0.7374342253780647,1.1723064935251601,-0.7916170924506725,-0.14739703924950215,-0.7014419207607885,-0.4873135922864127,-0.5786115546784993,0.4689736261771759,-0.49571985470924124,-0.7975407042658443,0.0,1.0,5
-0.08093400353662458,0.16316155774050736,0.014209111546746275,-0.8141744210386755,-0.5161897846670188,-0.1830962907541919,0.2051594912368771,-0.919379451086662,-0.21252054354301114,0.5599290633656034,1.2118344069131004,0.0,1.0,5
0.5248782793011707,-0.13703703663234995,1.30855324434615,-0.7239451066866635,7.4918812586847725,-0.7590358796504103,-1.0377409150869763,0.8185368205949632,-1.1418307749796304,3.594919702830783,-1.132436556129002,1.0,0.0,6
-0.838199357083868,-0.13703703663234995,-0.46265451632671833,-0.6111584637466483,0.37944973991837877,-0.41347212631267927,-1.0022294749062948,0.6242991196423245,1.2124218113264724,2.869161071654326,0.03969892539204922,1.0,0.0,5
0.6763313500106188,-0.257116474381493,1.1723064935251601,0.6971665943575275,-0.5161897846670188,-0.24069024964381375,1.0574340555732338,-0.0674597100662745,-0.7701066824049821,-1.5513687727840861,0.542042703186785,0.0,1.0,7
-0.38384014495552155,4.185822722336796,-1.620751898305132,-0.6111584637466483,0.27408038408480284,-0.6438479618711667,-1.4638781972551547,0.6754143041035433,1.8319619656175528,0.2300387764672141,0.37459477725520696,1.0,0.0,4
-0.3081136096007975,-0.31715619325606453,1.649170121398625,1.5543450807016428,-0.35813575091665456,2.06306810594106,2.0517543806323166,0.9207671895174007,-1.2657388058378465,0.6259071207452813,-1.0487125931632115,0.0,1.0,5
-0.7624728217291432,1.7241942484793658,-0.05391426386374872,-0.7465024352746664,0.8272695022110776,-0.874223797429654,-0.8956951543642503,0.8185368205949632,1.4602378730429044,1.6815560388201263,-1.0487125931632115,1.0,0.0,5
-0.913925892438592,0.3432807143642219,-0.12203763927424371,-0.7690597638626695,-0.25276639508307824,-0.010314414085326379,0.04535801042381023,-0.476381185756062,-0.33642857440122725,-0.36376373994988587,-0.37892088943689756,0.0,1.0,6
-0.0052074681818998474,-0.4972753498797788,0.014209111546746275,1.2159851518815974,0.14236868929283247,-0.41347212631267927,-0.007909149847212065,0.7163064516725258,0.035295518173421,-0.29778568257020804,-0.044025037573739836,0.0,1.0,5
0.07051906717282422,-0.6773945065034932,0.6273194902412005,2.1633929525777247,-0.2264240561246842,2.4662258181684127,1.9274643399999312,1.408065281381087,-0.39838258983033387,1.1537315797827035,-0.9649886301974224,0.0,1.0,6
0.37342520859172185,0.5233998709879362,4.646598639460402,3.3702100320358865,-0.647901479458989,0.6808130925901357,0.8798768546698261,0.9957361267271957,0.40701961074806925,-0.23180762519053016,1.2118344069131004,0.0,1.0,6
-0.913925892438592,-1.0376328197509221,0.08233248695724127,0.2234626940094639,-0.5425321236254129,-0.010314414085326379,-0.06117631011823436,-0.2991818796238296,0.592881657035392,0.296016833846892,-0.3370589079540023,0.0,1.0,7
3.553939693490144,0.22320127661507888,1.1723064935251601,-0.5209291493946361,1.0906928917950183,-1.0470056740985194,-1.286320996351747,2.0112244580235132,-0.39838258983033387,0.49395100598592556,-0.21147296350531794,1.0,0.0,5
-0.5352932156649703,1.6041148107302228,-2.1657389015890915,-0.6337157923346513,1.0116658749198362,1.0263768459278668,-0.9844737548159541,0.31079265494680447,2.3895481044795237,1.0877535224030255,0.7932145920841537,1.0,0.0,6
0.37342520859172185,-0.13703703663234995,1.9897869984510992,1.5317877521136398,-0.4108204288334425,2.06306810594106,1.3060141368380045,1.1729354328594659,-1.3896468366960626,0.03210460432818127,-1.0487125931632115,0.0,1.0,5
0.07051906717282422,-0.7374342253780647,-0.05391426386374872,-0.6111584637466483,-1.0166942248765056,0.8535949692590012,-0.611603632918798,-1.750853118322577,-1.0179227441214143,-1.2874565432653748,1.965350073605205,0.0,1.0,7
-1.2925585692122137,0.8536183247980793,-2.1657389015890915,-0.7916170924506725,0.2213957061680147,-1.277381509657007,-0.20322207084096047,-0.1696900789887119,2.51345613533774,-0.891588198987308,-0.7138167413000552,0.0,1.0,4
-0.5352932156649703,-0.31715619325606453,-0.3945311409162233,0.44903597988949423,-0.4371627677918366,-0.7014419207607885,-0.02566486993755283,-0.28555116376748946,-0.33642857440122725,-1.0235443137466638,-0.2951969264711085,0.0,1.0,6
0.07051906717282422,0.10312183886593582,0.15045586236773625,2.2085076097537306,0.010656994500862296,0.9111889281486231,1.0396783354828931,1.026405237403942,-0.5222906206885499,0.2300387764672141,-0.2951969264711085,0.0,1.0,5
-0.0052074681818998474,-0.9175533820017792,0.9679363672936755,-0.27279853492660283,-0.4108204288334425,2.9845714481750094,1.2882584167476636,-0.4423043961152495,-0.21252054354301114,0.4279729486062477,0.542042703186785,0.0,1.0,7
-2.1255504581141813,1.1838367786082227,-1.5526285228946373,0.02044673671743654,-0.4898474457086247,1.256752681486354,-0.30975639138300504,-1.4577927274115672,1.1504677958973657,-0.891588198987308,1.3792823328446786,0.0,1.0,7
-0.15666053889134865,3.795564549652082,-1.8932453999471122,-0.6788304495106573,0.8009271632526835,-1.0470056740985194,-0.842427994093228,0.3925769500847695,0.7787437033227175,0.4279729486062477,-0.9649886301974224,1.0,0.0,4
-0.38384014495552155,-0.07699731775777843,0.6954428656516954,0.3136920083614761,0.03699933345925637,-0.1830962907541919,0.6490524934953962,0.30738497598270054,-0.39838258983033387,-0.6276759694685969,-0.7975407042658443,0.0,1.0,5
0.6763313500106188,-0.6173547876289218,0.4229493640097159,-0.16001189198658766,-0.33179341195826045,1.0839708048174885,1.0219226153925522,0.5118457138276131,0.9026517341809336,1.351665751921737,0.2071468513236288,0.0,1.0,6
-0.08093400353662458,0.8235984653607935,-0.25828439009523335,-0.4983718208066331,0.3004227230431969,-1.3925694274362506,-1.747969718700607,0.7912753888823209,0.09724953360253041,-0.03387345305149659,-0.21147296350531794,1.0,0.0,5
1.2064170974936899,-0.19707675550692147,0.5591961148307059,-0.4983718208066331,1.3804586203373528,-1.3349754685466286,-1.747969718700607,0.5595532193247658,0.5309276416062852,1.6815560388201263,1.0443864809815224,1.0,0.0,7
0.9792374914295164,0.883638184235365,-1.4163817720736476,-0.6111584637466483,0.7219001463775018,-1.219787550767385,-0.842427994093228,0.7844600309541507,-0.33642857440122725,-0.03387345305149659,-0.9649886301974224,1.0,0.0,5
0.37342520859172185,-0.4972753498797788,0.15045586236773625,0.3136920083614761,-0.17373937820789603,0.3352493392524047,0.8621211345794854,-0.27192044791114933,-0.21252054354301114,1.0877535224030255,0.7932145920841537,0.0,1.0,6
-0.23238707424607272,-0.7374342253780647,-0.25828439009523335,0.6294946085935185,-0.17373937820789603,0.7384070514797575,0.027602290333469462,-0.42185832233073933,-0.026658497255685663,0.4279729486062477,0.7932145920841537,0.0,1.0,8
-0.6867462863744191,0.10312183886593582,-0.8713947687896879,-0.4081425064546209,0.4848190957519551,-0.874223797429654,-1.3395881566227694,0.3755385552643633,2.079778027333985,-0.09985151043117445,1.7979021476736254,1.0,0.0,6
0.4491517439464459,-1.2777916952492079,-0.12203763927424371,-0.7239451066866635,-0.4371627677918366,0.7384070514797575,1.1462126560249377,0.3414617656235508,1.2743758267555818,-0.8256101416076306,-1.2998844820605802,0.0,1.0,5
0.7520578853653429,0.16316155774050736,2.1941571246825844,2.0054916524617035,-0.35813575091665456,-0.4710660852023011,1.0041668953022116,1.4421420710218995,-1.451600852125169,1.747534096199804,-1.0487125931632115,0.0,1.0,5
-0.3081136096007975,-0.19707675550692147,-1.5526285228946373,-0.8141744210386755,-0.4371627677918366,1.4871285170448414,0.5425181729533516,-0.783072292523412,-0.21252054354301114,-0.49571985470924124,-0.4626448524026866,0.0,1.0,5
-1.0653789631480408,-0.43723563100520724,-0.3945311409162233,-0.3404705206906119,0.37944973991837877,-0.24069024964381375,-0.8069165539125465,-1.5532077384058345,-0.7701066824049821,-1.0235443137466638,0.7932145920841537,0.0,1.0,6
-0.913925892438592,-0.4972753498797788,-1.1438882704316677,-0.8592890782146816,-0.09471236133271399,0.2776553803627828,0.16964805105619557,-0.3502970640850483,-0.8940147132631981,-0.49571985470924124,-1.4673324079921584,0.0,1.0,5
-0.4595666803102463,0.9436779031099366,-2.0976155261785965,-0.7916170924506725,0.08968401137604433,-0.7590358796504103,-1.5704125177971993,0.23923139670107557,1.0885137804682563,0.296016833846892,-0.6300927783342647,1.0,0.0,6
-0.6867462863744191,0.3432807143642219,-0.5307778917372133,0.02044673671743654,-0.5425321236254129,0.7384070514797575,0.2939380916885809,-0.8989333773021896,0.09724953360253041,-0.6276759694685969,0.6257666661525756,0.0,1.0,6
3.0995804813617984,-0.0169575988832069,0.8998129918831804,-0.6788304495106573,0.6692154684607136,-1.3925694274362506,-1.7657254387909478,1.4659958237704758,-1.7613709292707107,0.8238412928843148,-1.132436556129002,1.0,0.0,6
-0.913925892438592,1.6341346701675084,-1.8932453999471122,-0.9495183925666938,-0.647901479458989,-1.277381509657007,-1.144275235629021,-1.4100852219144144,-0.5222906206885499,-0.891588198987308,0.37459477725520696,0.0,1.0,4
-0.08093400353662458,-0.31715619325606453,-0.12203763927424371,2.479195552809767,-0.5425321236254129,1.6023164348240853,1.5368384980124343,1.7181640671125034,0.4689736261771759,0.8898193502639927,-1.2998844820605802,0.0,1.0,5
-1.2168320338574896,3.4353262364046526,-2.1657389015890915,-0.6562731209226543,-0.4108204288334425,-0.7590358796504103,-0.6471150730994796,-0.35370474304911437,2.823226212483281,1.2856876945420592,0.7094906291183647,1.0,0.0,5
1.357870168203138,-0.8575136631272077,0.08233248695724127,-0.3404705206906119,-0.2000817171662901,-1.1621935918777633,-1.3218324365324285,-0.03338292042546203,-0.5222906206885499,-1.1555004285060195,-0.6300927783342647,0.0,1.0,6
-0.08093400353662458,2.084432561726794,-1.8932453999471122,-0.6562731209226543,0.3004227230431969,-0.6438479618711667,-1.5526567977068586,0.8935057578047583,1.3363298421846885,0.8898193502639927,-0.6300927783342647,1.0,0.0,5
-0.7624728217291432,-0.5573150687543503,1.104183118114665,1.125755837529585,-0.33179341195826045,2.754195612616522,2.229311581535724,0.6992680568521196,0.15920354903163708,-0.42974179732956375,-0.8812646672316334,0.0,1.0,6
-0.7624728217291432,-0.07699731775777843,-0.3264077655057283,-0.024667920458569362,-0.5425321236254129,-0.010314414085326379,0.3472052519596032,-0.6126883443193119,-0.15056652811390175,-0.7596320842279527,-0.1277490005395289,0.0,1.0,7
-0.913925892438592,-0.9175533820017792,-0.3945311409162233,-0.8141744210386755,-0.46350510675023066,-0.010314414085326379,-0.1854663507506197,-1.5395770225495322,0.592881657035392,-0.8256101416076306,1.5467302587762581,0.0,1.0,6
0.6763313500106188,1.2138566380455085,-0.9395181442001829,-0.7013877780986604,0.6165307905439255,-0.9894117152088977,-1.4106110369841325,0.9207671895174007,0.4689736261771759,0.3619948912265698,-1.2998844820605802,1.0,0.0,6
0.4491517439464459,-0.31715619325606453,0.08233248695724127,0.8437892301795472,-0.5688744625838068,0.16246746258353914,1.1817240962056192,0.5799992931092381,-0.7081526669758754,-0.49571985470924124,0.12342288835783828,0.0,1.0,5
-0.0052074681818998474,1.9043134051030803,-1.9613687753576068,-0.6111584637466483,0.5638461126271372,-0.8166298385400321,-0.5050693123767535,0.9991438056912996,1.8939159810466595,0.2300387764672141,-0.7138167413000552,1.0,0.0,5
-0.0052074681818998474,-0.30214626353742163,0.08233248695724127,-0.5660438065706422,0.3004227230431969,0.220061421473161,-0.22097779093130124,-0.12198257349155932,0.28311157988985314,1.6155779814404485,1.8816261106394159,1.0,0.0,6
-0.15666053889134865,-0.37719591213063575,0.014209111546746275,0.618215944299517,-0.647901479458989,-0.010314414085326379,-0.007909149847212065,-0.9943483882964569,-0.646198651546766,0.6918851781249591,1.8816261106394159,0.0,1.0,7
-0.5352932156649703,-0.7974739442526363,-0.25828439009523335,-0.8141744210386755,-0.27910873404147235,-0.24069024964381375,-0.8601837141835688,-0.8546335507691031,1.2743758267555818,-0.36376373994988587,0.458318740220996,0.0,1.0,6
-0.6110197510196944,-0.31715619325606453,0.014209111546746275,-0.5886011351586452,-1.1220635807100818,0.220061421473161,-0.45180215210573116,-1.5055002329087197,0.09724953360253041,0.8238412928843148,1.6304542217420472,0.0,1.0,7
0.7520578853653429,-0.6773945065034932,-0.1901610146847387,-0.7239451066866635,-0.25276639508307824,0.9687828870382449,1.2882584167476636,-0.40822760647443707,-0.5842446361176594,-0.23180762519053016,-0.2951969264711085,0.0,1.0,6
-0.15666053889134865,-0.13703703663234995,0.21857923777823088,-0.7916170924506725,-0.46350510675023066,-0.35587816742305745,0.18740377114653634,-0.919379451086662,-0.33642857440122725,0.6918851781249591,1.3792823328446786,0.0,1.0,6
0.37342520859172185,-0.37719591213063575,-0.1901610146847387,-0.16001189198658766,-0.14739703924950215,-0.29828420853343557,0.48925101268232934,-0.2037668686295244,-0.39838258983033387,-0.9575662563669859,-0.2951969264711085,0.0,1.0,5
-0.7624728217291432,0.763558746486222,-0.8713947687896879,0.7422812515335337,-0.7269284963341711,-0.35587816742305745,0.48925101268232934,-0.851225871805037,-0.026658497255685663,-0.5616979120889191,1.4630062958104693,0.0,1.0,6
-1.3682851045669377,-0.947573241439065,-0.8713947687896879,0.47159330847749714,-0.2264240561246842,0.3352493392524047,-0.07893203020857512,-0.040198278353594255,0.22115756446074375,-0.8256101416076306,-0.8812646672316334,0.0,1.0,6
0.5248782793011707,-0.9175533820017792,0.8998129918831804,-0.7916170924506725,-0.3054510729998664,-0.7590358796504103,-0.3275121114733458,-0.9534562407274744,-0.5842446361176594,-0.9575662563669859,0.37459477725520696,0.0,1.0,6
-0.23238707424607272,-1.1577122575000651,-0.25828439009523335,-0.13745456339858453,-0.7269284963341711,-0.9318177563192758,-0.1321991904795974,-0.3502970640850483,0.09724953360253041,-0.49571985470924124,-0.1277490005395289,0.0,1.0,8
0.6006048146558948,-0.31715619325606453,1.1723064935251601,1.5092304235256366,-0.5688744625838068,0.565625174810892,0.2939380916885809,0.4436921345459882,-0.5222906206885499,-1.2874565432653748,0.2071468513236288,0.0,1.0,5
-0.7624728217291432,-0.37719591213063575,-0.25828439009523335,-0.16001189198658766,-0.8059555132093533,-0.4710660852023011,-0.16771063066027894,-1.8735295610295246,-1.5135548675542785,0.6918851781249591,2.132797999536783,0.0,1.0,8
-0.838199357083868,-0.43723563100520724,-0.12203763927424371,2.637096852925788,-0.46350510675023066,1.0839708048174885,1.0219226153925522,1.8238021149990447,1.0885137804682563,-0.5616979120889191,-0.9649886301974224,0.0,1.0,5
-0.0052074681818998474,-0.8575136631272077,-0.05391426386374872,1.125755837529585,-0.06837002237431992,1.0839708048174885,0.8976325747601669,0.8526136102357758,1.0885137804682563,-0.7596320842279527,-0.5463688153684757,0.0,1.0,6
-1.1411054985027649,-1.3378314141237795,-0.3945311409162233,0.11067605106944875,-0.5952168015422008,-0.5286600440919229,-0.2742449512023235,-0.4286736802589094,-0.8320606978340915,0.2300387764672141,-0.5463688153684757,0.0,1.0,6
0.6006048146558948,-0.6173547876289218,0.08233248695724127,-0.8592890782146816,-0.33179341195826045,-0.12550233186457005,-0.238733511021642,-1.4134929008785184,-1.2037847904087398,-0.6936540268482748,1.6304542217420472,0.0,1.0,6
2.493768198524003,0.4633601521133647,2.330403875503574,-0.4645358279246285,1.5648549930461113,-1.0470056740985194,-1.517145357526177,0.8526136102357758,0.09724953360253041,1.4176438093014148,0.9606625180157319,1.0,0.0,7
0.07051906717282422,-0.6773945065034932,0.3548259885992209,-0.7013877780986604,-0.4108204288334425,1.1991587225967322,0.8976325747601669,-1.2601473474948244,0.22115756446074375,-0.891588198987308,1.3792823328446786,0.0,1.0,8
-0.7624728217291432,-0.6173547876289218,-0.6670246425582032,0.6520519371815215,-0.09471236133271399,0.8535949692590012,0.6135410533147146,0.32442337080310674,0.035295518173421,-0.09985151043117445,-1.0487125931632115,0.0,1.0,5
-0.7624728217291432,-0.7974739442526363,-0.3264077655057283,-0.7465024352746664,-0.4898474457086247,0.6232191337005138,0.6312967734050554,-0.40822760647443707,1.64609991933023,1.1537315797827035,-0.044025037573739836,0.0,1.0,7
-0.4595666803102463,0.22320127661507888,-0.1901610146847387,-0.4758144922186301,-0.5688744625838068,-0.874223797429654,-0.238733511021642,-1.8190066976042019,-1.1418307749796304,-1.0895223711263415,1.6304542217420472,0.0,1.0,6
-1.974097387404733,0.6134594492997935,-2.1657389015890915,-0.8141744210386755,-0.09471236133271399,-1.1045996329881413,1.1284569359345968,-0.08109042592257679,3.5047203822034683,0.09808266170785913,-0.2951969264711085,0.0,1.0,5
0.8277844207200683,-0.37719591213063575,0.5591961148307059,0.6294946085935185,-0.4108204288334425,0.45043725703164833,1.412548457380049,1.0570743480806883,0.7167896878936081,-0.1658295678108523,-0.7975407042658443,0.0,1.0,6
-0.38384014495552155,-0.7374342253780647,-0.6670246425582032,-0.8592890782146816,-0.4898474457086247,-1.4501633863258725,0.16964805105619557,-1.1988091261413696,-0.7701066824049821,-1.0895223711263415,0.542042703186785,0.0,1.0,4
-0.4595666803102463,0.10312183886593582,-0.5307778917372133,-0.9269610639786906,-0.4898474457086247,-0.874223797429654,-0.7536493936415242,-1.3078548529919771,0.035295518173421,-0.9575662563669859,0.37459477725520696,0.0,1.0,5
1.6607763096220358,2.0544127022895093,-1.4163817720736476,-0.5209291493946361,0.5375037736687432,-1.3925694274362506,-1.4816339173454955,1.3296886652071882,-0.21252054354301114,1.0877535224030255,-0.37892088943689756,1.0,0.0,6
0.6006048146558948,-0.6773945065034932,0.3548259885992209,1.035526523177573,-0.06837002237431992,-0.41347212631267927,0.7910982542181223,1.176343111823532,0.592881657035392,-0.42974179732956375,-0.6300927783342647,0.0,1.0,4
1.6607763096220358,0.40332043323879313,1.104183118114665,-0.09233990622257862,0.4057920788767728,-1.1621935918777633,-1.6769468383392439,0.9548439791582132,0.7167896878936081,1.6815560388201263,1.3792823328446786,1.0,0.0,7
3.6296662288448682,0.6434793087370793,1.58104674598813,-0.6788304495106573,0.43213441783516693,-0.29828420853343557,-1.1620309557193618,1.7726869305378259,-0.7701066824049821,1.4836218666810927,-0.21147296350531794,1.0,0.0,6
-0.6110197510196944,0.16316155774050736,-1.3482583966631525,0.20090536542146095,-0.015685344457531777,-1.3925694274362506,-0.41629071192504963,0.2937542601263982,-1.0179227441214143,-0.49571985470924124,-1.802228259855316,0.0,1.0,4
-0.7624728217291432,-0.5573150687543503,-0.7351480179686981,2.3776875741637538,-0.46350510675023066,-0.12550233186457005,0.7910982542181223,1.2615350859255632,1.5841459039011205,0.6918851781249591,-0.7975407042658443,0.0,1.0,6
-0.15666053889134865,0.10312183886593582,-0.46265451632671833,0.15579070824545485,-1.095721241751688,-0.9318177563192758,-0.7358936735511834,-1.6588457862923758,-2.504819114420007,0.3619948912265698,2.216521962502572,0.0,1.0,6
2.493768198524003,0.5233998709879362,0.21857923777823088,-0.385585177866618,0.932638858044654,-0.35587816742305745,-0.7891608338222057,1.1865661487157682,-0.08861251268479507,1.0217754650233477,-0.044025037573739836,1.0,0.0,6
0.4491517439464459,-0.43723563100520724,-0.25828439009523335,-0.7239451066866635,-0.17373937820789603,-0.5286600440919229,0.22291521132721787,-0.37415081683362456,-0.4603366052594433,-0.6276759694685969,-0.5463688153684757,0.0,1.0,5
0.2976986732369971,0.10312183886593582,1.1723064935251601,1.4190011091736248,-0.27910873404147235,3.2725412426231184,1.8919528998192496,1.3296886652071882,-1.3276928212669559,-0.6936540268482748,-1.132436556129002,0.0,1.0,5
-0.0052074681818998474,-0.6773945065034932,0.08233248695724127,1.7348037094056667,-0.2000817171662901,1.1415647637071105,1.2172355363863006,1.4319190341296635,1.1504677958973657,-0.891588198987308,-0.6300927783342647,0.0,1.0,5
-0.6110197510196944,-0.31715619325606453,-0.12203763927424371,0.33624933694947906,4.0146925161767575,1.8326922703825725,0.7378310939471,0.09610888020965562,-0.7701066824049821,-0.891588198987308,-0.9649886301974224,0.0,1.0,5
-0.4595666803102463,-0.9775931008763507,-0.25828439009523335,-0.385585177866618,-0.33179341195826045,-0.7014419207607885,-0.41629071192504963,-0.5104579753968744,1.2124218113264724,0.6918851781249591,0.2071468513236288,0.0,1.0,6
2.1908620571051056,0.6434793087370793,-0.5989012671477081,-0.7013877780986604,0.6692154684607136,-1.1621935918777633,-1.7124582785199254,1.1047818535778031,-0.026658497255685663,0.757863235504637,-1.0487125931632115,1.0,0.0,6
-1.5197381752763865,-0.0169575988832069,-2.1657389015890915,-0.7239451066866635,-0.17373937820789603,-0.1830962907541919,-0.913450874454591,-0.9875330303682869,2.823226212483281,1.6815560388201263,2.8863136662288875,1.0,0.0,6
-0.23238707424607272,-0.13703703663234995,-0.3264077655057283,2.479195552809767,-0.5952168015422008,1.6023164348240853,1.252746976566982,1.6636412036872184,0.7167896878936081,0.4279729486062477,-1.2998844820605802,0.0,1.0,6
-0.38384014495552155,-0.9175533820017792,-0.5989012671477081,0.26857735118547,-0.25276639508307824,0.3352493392524047,0.04535801042381023,0.0006938692153882753,0.7167896878936081,-0.6936540268482748,-0.7975407042658443,0.0,1.0,6
-0.4595666803102463,1.3039162163573657,-1.2120116458421626,-0.5886011351586452,0.19505336720962063,-0.9894117152088977,-1.517145357526177,-0.17991311588094808,1.2124218113264724,0.5599290633656034,0.9606625180157319,1.0,0.0,7
-1.6711912459858353,-0.31715619325606453,1.512923370577635,0.15579070824545485,-0.5688744625838068,1.3719405992655977,0.7200753738567592,-1.6145459597593272,0.28311157988985314,-1.2874565432653748,1.965350073605205,0.0,1.0,8
-1.1411054985027649,-0.8575136631272077,-0.5307778917372133,1.9829343238737005,-0.25276639508307824,0.7960010103693794,-0.04342059002789359,1.319465628314952,-1.5755088829833852,0.8238412928843148,-1.4673324079921584,0.0,1.0,6
-0.3081136096007975,-0.19707675550692147,0.014209111546746275,0.5843799514175123,-0.12105470029110807,0.2776553803627828,0.50700673277267,0.4777689241868007,-0.5222906206885499,-1.0235443137466638,-1.2998844820605802,0.0,1.0,5
-0.23238707424607272,0.4633601521133647,-0.803271393379193,2.343851581281749,-0.35813575091665456,1.5447224759344633,1.5368384980124343,1.3569500969198685,-0.8940147132631981,0.03210460432818127,-0.9649886301974224,0.0,1.0,5
-2.1255504581141813,0.7035190276116507,-1.4845051474841422,-0.4983718208066331,-0.8586401911261414,0.04727954480429546,-0.06117631011823436,-2.1597745940123647,1.5841459039011205,-1.2874565432653748,2.132797999536783,0.0,1.0,6
0.9035109560747924,-0.6773945065034932,1.1723064935251601,0.6294946085935185,-0.5688744625838068,-0.4710660852023011,-0.34526783156368657,-0.34007402719277424,-1.1418307749796304,-1.2874565432653748,1.2118344069131004,0.0,1.0,6
1.5850497742673118,0.16316155774050736,0.8316896164726855,-0.7690597638626695,-0.4898474457086247,-0.5286600440919229,-1.286320996351747,0.25967747048558576,0.09724953360253041,1.813512153579482,0.2071468513236288,1.0,0.0,7
0.6006048146558948,0.6434793087370793,-0.25828439009523335,1.3062144662336095,-0.14739703924950215,-0.29828420853343557,0.7555868140374408,0.40961534490517576,-1.0179227441214143,-0.42974179732956375,0.7094906291183647,0.0,1.0,7
-1.1411054985027649,0.2832409954896504,-0.46265451632671833,-0.024667920458569362,-0.6215591405005949,1.0839708048174885,-0.02566486993755283,-1.6486227494001395,0.22115756446074375,0.296016833846892,2.132797999536783,0.0,1.0,7
-0.15666053889134865,-0.8575136631272077,0.5591961148307059,-0.8818464068026846,0.03699933345925637,-0.010314414085326379,-0.3807792717443681,-0.43548903818707946,-1.2037847904087398,-1.0235443137466638,-1.132436556129002,0.0,1.0,6
0.37342520859172185,1.1838367786082227,-0.3945311409162233,-0.7013877780986604,0.8536118411694718,-0.41347212631267927,0.5780296131340331,0.6345221565345608,0.22115756446074375,0.3619948912265698,-0.7138167413000552,1.0,0.0,5
-1.1411054985027649,-0.5573150687543503,0.014209111546746275,1.6220170664656517,-0.4108204288334425,0.7384070514797575,0.22291521132721787,0.2528621125574157,0.035295518173421,-0.03387345305149659,-0.1277490005395289,0.0,1.0,7
-1.0653789631480408,-0.13703703663234995,-0.5989012671477081,-0.7916170924506725,-0.6215591405005949,0.5080312159212702,0.11638089078517329,-1.975759929951962,-1.6374628984124946,-1.2214784858856973,1.2118344069131004,0.0,1.0,5
-0.15666053889134865,-0.43723563100520724,-0.1901610146847387,-0.25024120633859975,0.06334167241765026,-0.12550233186457005,1.5013270578317528,0.5459225034684256,1.9558699964757689,0.3619948912265698,-0.21147296350531794,0.0,1.0,5
-0.0052074681818998474,-0.6773945065034932,-0.8713947687896879,1.960376995285697,-0.12105470029110807,0.9687828870382449,1.4658156176510713,1.4148806393092572,-0.646198651546766,-0.03387345305149659,-1.2998844820605802,0.0,1.0,5
0.8277844207200683,-0.37719591213063575,1.104183118114665,-0.6562731209226543,0.958981197003048,-1.3925694274362506,-1.81899259906197,-0.1424286472760695,0.22115756446074375,0.5599290633656034,1.5467302587762581,1.0,0.0,7
-0.5352932156649703,1.003717621984508,-0.46265451632671833,-0.7465024352746664,-0.2264240561246842,0.5080312159212702,1.1107012158442562,-0.8103337242360544,0.3450655953189598,0.2300387764672141,0.011790940527585198,0.0,1.0,5
2.1151355217503816,1.4840353729810796,-0.05391426386374872,-0.6337157923346513,0.8799541801278657,-0.24069024964381375,-0.9312065945449318,1.6704565616153506,-0.2744745589721178,0.6259071207452813,-0.2951969264711085,1.0,0.0,6
-0.3081136096007975,1.4840353729810796,-1.756998649126122,0.2234626940094639,0.08968401137604433,-1.1045996329881413,-1.7124582785199254,0.5799992931092381,1.1504677958973657,0.3619948912265698,0.2071468513236288,1.0,0.0,7
0.07051906717282422,-0.5573150687543503,0.28670261318872586,-0.6562731209226543,-0.5952168015422008,-0.010314414085326379,1.1107012158442562,-1.2431089526744183,0.15920354903163708,-0.891588198987308,1.1281104439473115,0.0,1.0,8
-0.3081136096007975,-0.7974739442526363,1.1723064935251601,2.1408356239897217,0.08968401137604433,1.1415647637071105,0.9864111752118707,1.5682261926929133,2.0178240119048754,-0.6276759694685969,-0.6300927783342647,0.0,1.0,6
-0.15666053889134865,1.5440750918556512,-0.12203763927424371,-0.11489723481058156,0.3004227230431969,-0.5862540029815447,-0.07893203020857512,1.5818569085492533,0.4689736261771759,4.188722219247882,-0.2951969264711085,1.0,0.0,5
-0.38384014495552155,-1.2777916952492079,0.8998129918831804,-0.18256922057459063,-0.35813575091665456,1.256752681486354,0.2939380916885809,-0.9807176724401546,-1.0179227441214143,0.03210460432818127,0.6257666661525756,0.0,1.0,6
-0.15666053889134865,2.354611296662366,-1.825122024536617,-0.6788304495106573,0.6428731295023195,-0.9894117152088977,-1.0732523552676578,0.7163064516725258,1.0265597650391496,0.2300387764672141,-0.6300927783342647,1.0,0.0,5
0.6763313500106188,-0.37719591213063575,1.1723064935251601,-0.9044037353906876,-0.4371627677918366,0.1048735036939173,0.5957853332243739,-0.3059972375519618,-0.5842446361176594,-0.8256101416076306,-0.4626448524026866,0.0,1.0,6
-1.1411054985027649,-0.6773945065034932,-0.25828439009523335,1.0468051874715747,-0.8322978521677473,-0.24069024964381375,0.11638089078517329,-0.6808419236009368,0.3450655953189598,-1.0235443137466638,0.6257666661525756,0.0,1.0,6
-0.5352932156649703,-0.07699731775777843,-0.5307778917372133,2.1408356239897217,-0.2264240561246842,-0.5862540029815447,-0.3275121114733458,0.021139942999860623,-1.0179227441214143,-1.5513687727840861,0.7932145920841537,0.0,1.0,8
-0.0052074681818998474,-0.8575136631272077,-0.25828439009523335,-0.7690597638626695,-0.7532708352925652,-0.9894117152088977,0.9508997350311892,-0.8410028349128008,-0.33642857440122725,3.462963588071427,0.7932145920841537,0.0,1.0,6
-0.3081136096007975,-0.6773945065034932,-0.1901610146847387,2.343851581281749,0.43213441783516693,1.4871285170448414,1.0396783354828931,1.3296886652071882,-1.0179227441214143,-0.8256101416076306,-1.5510563709579488,0.0,1.0,6
0.2976986732369971,-0.8575136631272077,-0.3945311409162233,-0.11489723481058156,0.7745848242942895,0.3928432981420265,0.32944953186926246,0.6140760827500505,-0.4603366052594433,-0.7596320842279527,-1.132436556129002,0.0,1.0,5
0.14624560252754895,0.763558746486222,0.9679363672936755,-0.6337157923346513,1.512170315129323,-1.3349754685466286,-1.6769468383392439,0.6720066251394393,0.592881657035392,0.6259071207452813,-0.044025037573739836,1.0,0.0,5
-0.7624728217291432,1.0637573408590797,-1.620751898305132,-0.13745456339858453,0.37944973991837877,-1.1045996329881413,-1.4638781972551547,0.6685989461753732,2.079778027333985,0.6259071207452813,0.8769385550499428,1.0,0.0,6
-0.4595666803102463,1.1838367786082227,-0.7351480179686981,2.5468675385737765,-0.04202768341592585,0.6232191337005138,1.19947981629596,1.397842244488851,0.7787437033227175,0.03210460432818127,-0.1277490005395289,0.0,1.0,6
-0.38384014495552155,0.8235984653607935,-2.029492150768102,-0.6337157923346513,0.6165307905439255,0.3352493392524047,-0.06117631011823436,0.2528621125574157,-0.7701066824049821,-0.03387345305149659,-0.7138167413000552,1.0,0.0,5
-0.0052074681818998474,0.22320127661507888,-0.12203763927424371,-0.7239451066866635,0.43213441783516693,0.04727954480429546,-0.7891608338222057,0.801498425774557,1.2124218113264724,0.3619948912265698,-0.8812646672316334,1.0,0.0,6
-0.6110197510196944,-0.6773945065034932,0.014209111546746275,-0.7013877780986604,-0.4898474457086247,0.565625174810892,0.06311373051415099,-1.2805934212793346,0.592881657035392,-0.03387345305149659,1.0443864809815224,0.0,1.0,7
-0.7624728217291432,-0.6173547876289218,-0.46265451632671833,1.689689052229661,-0.04202768341592585,0.9687828870382449,0.3472052519596032,1.0502589901525183,0.4689736261771759,-0.1658295678108523,-1.2998844820605802,0.0,1.0,5
0.2976986732369971,-1.1577122575000651,0.5591961148307059,-0.8367317496266786,-0.5425321236254129,-0.35587816742305745,-0.04342059002789359,-0.4423043961152495,-0.5222906206885499,1.4836218666810927,-0.4626448524026866,0.0,1.0,5
-0.4595666803102463,-1.0976725386254935,0.21857923777823088,-0.7239451066866635,-0.38447808987504845,-0.24069024964381375,-0.16771063066027894,-1.6622534652564418,-0.21252054354301114,1.4176438093014148,1.5467302587762581,0.0,1.0,7
-0.4595666803102463,-0.9175533820017792,0.08233248695724127,-0.7239451066866635,-0.5688744625838068,0.6808130925901357,0.5957853332243739,-0.8648565876613771,-0.4603366052594433,-1.1555004285060195,-0.2951969264711085,0.0,1.0,5
-0.3081136096007975,-0.07699731775777843,-0.05391426386374872,0.5392652942415064,-0.3054510729998664,0.220061421473161,0.50700673277267,-0.7626262187389019,-1.0179227441214143,0.09808266170785913,1.3792823328446786,0.0,1.0,6
-0.4595666803102463,-0.7974739442526363,0.15045586236773625,0.1332333796574517,-0.27910873404147235,-0.010314414085326379,0.4537395725016478,-0.5138656543609406,-0.026658497255685663,-1.0235443137466638,0.37459477725520696,0.0,1.0,5
-0.3081136096007975,-0.7974739442526363,-0.3264077655057283,2.964178117451832,-0.38447808987504845,0.6232191337005138,0.5602738930436924,1.9089940891010757,0.4689736261771759,-1.1555004285060195,-1.5510563709579488,0.0,1.0,5
0.6006048146558948,1.9043134051030803,2.7391441279665436,2.828834145923814,-0.38447808987504845,1.8326922703825725,2.105021540903339,1.840840509819451,-1.8852789601289268,0.9557974076436706,-0.9649886301974224,0.0,1.0,4
1.6607763096220358,2.0544127022895093,-0.3945311409162233,-0.5886011351586452,0.6692154684607136,-0.41347212631267927,0.50700673277267,1.1252279273623134,0.3450655953189598,0.09808266170785913,-0.9649886301974224,1.0,0.0,5
-0.6110197510196944,-0.5573150687543503,1.7172934968091194,-0.9044037353906876,0.14236868929283247,-0.5286600440919229,0.13413661087551404,-0.7217340711699194,-1.3896468366960626,-0.891588198987308,-0.8812646672316334,0.0,1.0,5
0.14624560252754895,-0.257116474381493,-0.6670246425582032,0.054282729599441165,-0.09471236133271399,0.16246746258353914,1.1639683761152784,-0.6467651339601244,-0.5842446361176594,-0.5616979120889191,0.8769385550499428,0.0,1.0,6
0.9035109560747924,-0.37719591213063575,0.5591961148307059,0.8776252230615519,-0.2264240561246842,0.16246746258353914,0.5602738930436924,1.4659958237704758,1.0885137804682563,-0.49571985470924124,-1.0487125931632115,0.0,1.0,5
2.948127410652349,0.0430821199913643,1.104183118114665,-0.430699835042624,0.8799541801278657,-1.4501633863258725,-1.6591911182489032,1.397842244488851,-0.33642857440122725,-0.03387345305149659,-0.044025037573739836,1.0,0.0,5
0.2976986732369971,1.814253826791223,-1.9613687753576068,-0.7013877780986604,0.7745848242942895,-0.9318177563192758,-1.0199851949966356,0.8185368205949632,0.9026517341809336,-0.49571985470924124,-0.21147296350531794,1.0,0.0,5
-0.838199357083868,-1.2177519763746365,-0.46265451632671833,-0.8367317496266786,-0.25276639508307824,0.3928432981420265,1.0396783354828931,-0.6808419236009368,0.7787437033227175,-0.49571985470924124,-0.4626448524026866,0.0,1.0,6
-0.4595666803102463,-0.4972753498797788,0.9679363672936755,0.6294946085935185,-0.25276639508307824,1.0263768459278668,1.270502696657323,0.4436921345459882,-0.15056652811390175,0.03210460432818127,-1.216160519094791,0.0,1.0,5
0.2976986732369971,0.2832409954896504,-0.6670246425582032,-0.4983718208066331,-0.5425321236254129,-0.6438479618711667,-0.02566486993755283,-0.6467651339601244,-1.2037847904087398,-1.6173468301637641,-0.2951969264711085,0.0,1.0,5
-0.838199357083868,-0.0169575988832069,-0.05391426386374872,1.5769024092896458,-0.09471236133271399,0.9111889281486231,2.1938001413550428,1.0911511377215009,-0.39838258983033387,-0.36376373994988587,-1.634780333923738,0.0,1.0,5
0.37342520859172185,2.444670874974223,-0.3264077655057283,-0.27279853492660283,1.4068009592957469,0.220061421473161,-0.45180215210573116,0.7299371675288281,0.09724953360253041,-0.5616979120889191,-1.0487125931632115,1.0,0.0,5
-0.3081136096007975,-0.6173547876289218,0.15045586236773625,-0.5209291493946361,-0.25276639508307824,1.976677167606627,1.8475635995933979,-0.37415081683362456,0.4689736261771759,0.296016833846892,-0.7138167413000552,0.0,1.0,6
3.553939693490144,1.4239956541065082,1.7854168722196142,-0.7013877780986604,0.37944973991837877,-1.4501633863258725,-1.7124582785199254,1.1933815066439382,-0.8320606978340915,0.6259071207452813,-0.4626448524026866,1.0,0.0,6
-0.3081136096007975,-0.0169575988832069,2.8753908787875333,-0.4983718208066331,0.8272695022110776,-0.41347212631267927,1.252746976566982,-0.5786115546784993,1.7700079501884434,1.0877535224030255,1.2118344069131004,0.0,1.0,6
0.37342520859172185,2.9550084854080807,-2.1657389015890915,-0.5434864779826392,0.6428731295023195,-1.3925694274362506,-1.7834811588812884,1.0229975584398758,0.4689736261771759,-0.09985151043117445,-1.0487125931632115,1.0,0.0,5
-0.6110197510196944,0.6434793087370793,-1.6888752737156272,-0.8818464068026846,-0.7005861573757771,-1.1621935918777633,0.2939380916885809,-1.362377716417262,-1.5755088829833852,-1.6833248875434417,0.2071468513236288,0.0,1.0,5
-0.6867462863744191,-0.7974739442526363,0.5591961148307059,-0.7465024352746664,-0.674243818417383,1.0263768459278668,0.3472052519596032,-0.9534562407274744,1.2124218113264724,-0.29778568257020804,0.7932145920841537,0.0,1.0,6
-0.7624728217291432,0.0430821199913643,-0.46265451632671833,3.0205714389218397,-0.14739703924950215,-0.12550233186457005,1.19947981629596,1.6909026353998609,-0.5842446361176594,0.5599290633656034,-1.0487125931632115,0.0,1.0,6
-0.6110197510196944,-1.1577122575000651,-0.1901610146847387,-0.7239451066866635,-0.33179341195826045,-0.5286600440919229,0.0098465702431287,-0.9670869565838145,-0.7701066824049821,-1.0235443137466638,-0.2951969264711085,0.0,1.0,5
0.4491517439464459,1.4239956541065082,-1.2801350212526574,-0.6562731209226543,1.1960622476285943,-0.7590358796504103,-1.3928553168937916,-0.03338292042546203,0.09724953360253041,-0.03387345305149659,0.542042703186785,1.0,0.0,6
2.1151355217503816,3.4053063769673675,0.6954428656516954,-0.7690597638626695,-0.015685344457531777,0.220061421473161,1.1817240962056192,0.7844600309541507,-0.7081526669758754,-0.49571985470924124,-0.4626448524026866,0.0,1.0,4
-0.9896524277933161,-0.9175533820017792,-0.7351480179686981,-0.7465024352746664,-0.3054510729998664,1.5447224759344633,0.364960972049944,-0.3707431378695206,0.592881657035392,-0.6276759694685969,-0.8812646672316334,0.0,1.0,5
0.22197213788227302,-0.31715619325606453,0.28670261318872586,2.4115235670457578,-0.17373937820789603,-0.06790837297494821,0.16964805105619557,0.7844600309541507,-1.0179227441214143,0.03210460432818127,-0.1277490005395289,0.0,1.0,5
-0.3081136096007975,2.1744921400386517,-0.46265451632671833,-0.4081425064546209,-0.2264240561246842,-1.1621935918777633,-1.0199851949966356,0.5118457138276131,0.8406977187518241,-0.09985151043117445,-0.8812646672316334,0.0,1.0,4
-1.0653789631480408,-0.19707675550692147,-0.05391426386374872,0.5618226228295093,-0.12105470029110807,1.4295345581552197,2.0517543806323166,0.13700102777863815,-0.21252054354301114,-0.49571985470924124,-0.6300927783342647,0.0,1.0,5
-0.38384014495552155,-0.8575136631272077,-0.12203763927424371,-0.8141744210386755,-0.8322978521677473,-0.7590358796504103,-0.6826265132801611,-1.1783630523568593,-0.7081526669758754,-0.6276759694685969,0.37459477725520696,0.0,1.0,6
1.357870168203138,1.9043134051030803,-1.0076415196106776,-0.453257163630627,0.5375037736687432,-1.4501633863258725,-1.8012368789716293,1.0570743480806883,0.40701961074806925,0.09808266170785913,-0.1277490005395289,1.0,0.0,5
-0.0052074681818998474,-0.37719591213063575,0.4229493640097159,-0.6788304495106573,-0.12105470029110807,-0.41347212631267927,0.7378310939471,-1.1238401889315746,-0.5842446361176594,-0.09985151043117445,0.458318740220996,0.0,1.0,5
2.2665885924598297,-0.31715619325606453,2.2622805000930795,-0.5886011351586452,0.4848190957519551,-1.3925694274362506,-1.7302139986102663,0.3925769500847695,-0.026658497255685663,0.6259071207452813,1.0443864809815224,1.0,0.0,6
-0.3081136096007975,1.0637573408590797,0.014209111546746275,1.847590352345682,-0.33179341195826045,1.3719405992655977,1.8919528998192496,0.9207671895174007,0.28311157988985314,-0.23180762519053016,-0.7975407042658443,0.0,1.0,6
0.8277844207200683,-0.9775931008763507,-0.12203763927424371,-0.8818464068026846,-0.6215591405005949,-0.5862540029815447,-1.0199851949966356,-1.161324657536453,-1.2657388058378465,-0.1658295678108523,0.37459477725520696,0.0,1.0,6
-0.08093400353662458,0.5233998709879362,-0.12203763927424371,0.35880666553748203,-0.8322978521677473,-0.874223797429654,0.4182281323209663,-1.1033941151470643,-0.2744745589721178,-0.49571985470924124,1.7141781847078363,0.0,1.0,6
-0.7624728217291432,-0.7374342253780647,-0.25828439009523335,-0.6337157923346513,-0.4371627677918366,-0.35587816742305745,0.18740377114653634,-0.9534562407274744,-0.21252054354301114,-0.36376373994988587,-0.044025037573739836,0.0,1.0,6
3.4024866227806947,0.883638184235365,1.1723064935251601,-0.6337157923346513,0.6955578074191077,-1.4501633863258725,-1.7657254387909478,1.8749172994602634,-0.21252054354301114,-0.6936540268482748,-1.132436556129002,1.0,0.0,5
1.2064170974936899,1.5440750918556512,-0.1901610146847387,-0.6337157923346513,1.0906928917950183,-1.4501633863258725,-1.7657254387909478,1.4659958237704758,0.8406977187518241,-0.29778568257020804,-1.216160519094791,1.0,0.0,5
-0.6867462863744191,-0.7974739442526363,1.7854168722196142,1.125755837529585,0.6428731295023195,0.220061421473161,0.2051594912368771,0.5799992931092381,-1.6994169138416013,-0.49571985470924124,-1.3836084450263693,0.0,1.0,5
1.812229380331484,-0.7974739442526363,-0.25828439009523335,-0.8592890782146816,-0.4898474457086247,-1.0470056740985194,-1.0910080753579987,-0.6467651339601244,-2.6287271452782233,-0.49571985470924124,0.03969892539204922,0.0,1.0,5
-0.5352932156649703,0.8235984653607935,-2.029492150768102,-0.9269610639786906,-0.35813575091665456,0.1048735036939173,-0.2742449512023235,-0.7626262187389019,-0.5222906206885499,-0.42974179732956375,-0.6300927783342647,0.0,1.0,4
0.6763313500106188,-0.0169575988832069,-0.25828439009523335,0.5618226228295093,-0.4371627677918366,2.293443941499547,2.0517543806323166,0.36872319733619324,-0.5222906206885499,0.09808266170785913,-0.6300927783342647,0.0,1.0,6
-0.38384014495552155,-0.7974739442526363,0.3548259885992209,-0.5660438065706422,-0.5952168015422008,0.2776553803627828,-0.45180215210573116,-1.089763399290762,0.15920354903163708,-0.23180762519053016,0.37459477725520696,0.0,1.0,7
-0.913925892438592,-0.43723563100520724,-0.25828439009523335,-0.047225249046572514,0.16871102825122655,0.04727954480429546,1.5368384980124343,0.648152872390863,2.885180227912388,1.1537315797827035,-0.4626448524026866,0.0,1.0,5
-0.913925892438592,0.0430821199913643,0.9679363672936755,-0.9269610639786906,-0.6215591405005949,-1.219787550767385,-0.8779394342739095,-1.757668476250747,0.09724953360253041,-1.2214784858856973,1.2955583698788895,0.0,1.0,4
0.2976986732369971,-0.5573150687543503,0.15045586236773625,-0.8367317496266786,-0.015685344457531777,0.220061421473161,1.0929454957539153,-0.05382899420993438,-0.7701066824049821,-0.1658295678108523,-0.8812646672316334,0.0,1.0,5
0.07051906717282422,-0.257116474381493,-0.6670246425582032,0.3136920083614761,-0.015685344457531777,0.7960010103693794,0.9508997350311892,0.06884744849701321,-0.5842446361176594,-1.2214784858856973,-0.37892088943689756,0.0,1.0,6
-0.838199357083868,-0.8575136631272077,-0.46265451632671833,-0.8592890782146816,-0.4898474457086247,0.220061421473161,0.24067093141755863,-0.8171490821642245,0.09724953360253041,-0.6276759694685969,-0.37892088943689756,0.0,1.0,5
-0.6110197510196944,0.2832409954896504,0.08233248695724127,-0.385585177866618,-0.27910873404147235,-1.0470056740985194,-1.0910080753579987,-0.5309040491813468,0.8406977187518241,0.5599290633656034,1.3792823328446786,1.0,0.0,6
-0.6867462863744191,0.2832409954896504,-1.0757648950211727,-0.8141744210386755,0.6165307905439255,-1.1045996329881413,-1.6236796780682217,0.3414617656235508,0.7167896878936081,0.164060719087537,-1.0487125931632115,1.0,0.0,5
1.0549640267842404,0.16316155774050736,2.2622805000930795,0.3136920083614761,0.6165307905439255,-1.5653513041051161,-1.890015479423333,1.251312049033327,0.28311157988985314,0.296016833846892,0.37459477725520696,1.0,0.0,5
1.812229380331484,-0.31715619325606453,0.9679363672936755,-0.802895756744674,-0.46350510675023066,2.725398633171711,1.9274643399999312,-0.03338292042546203,-1.8852789601289268,-0.49571985470924124,-0.8812646672316334,0.0,1.0,6
-0.08093400353662458,-0.257116474381493,0.28670261318872586,0.40392132271348813,-0.04202768341592585,0.8247979898141903,2.1227772609936797,0.9207671895174007,1.64609991933023,0.6918851781249591,-0.2951969264711085,0.0,1.0,6
0.7520578853653429,-0.37719591213063575,0.6954428656516954,-0.7239451066866635,-0.674243818417383,-0.010314414085326379,-0.3807792717443681,-0.9534562407274744,-0.8320606978340915,-0.9575662563669859,0.7094906291183647,0.0,1.0,5
-0.23238707424607272,-0.5573150687543503,-0.3945311409162233,0.04300406530543969,-0.8586401911261414,0.3352493392524047,0.364960972049944,0.10292423813782568,-0.39838258983033387,1.2197096371623812,0.12342288835783828,0.0,1.0,7
0.8277844207200683,-0.8575136631272077,1.1723064935251601,-0.7465024352746664,-0.4371627677918366,0.220061421473161,0.96865545512153,-0.23784365827033685,-1.0798767595505236,-1.0895223711263415,-0.37892088943689756,0.0,1.0,5
-0.3081136096007975,-0.257116474381493,0.08233248695724127,1.7573610379936702,-0.4108204288334425,1.717504352603329,0.9508997350311892,0.7128987727084218,-0.7701066824049821,0.164060719087537,-0.6300927783342647,0.0,1.0,5
0.7520578853653429,2.3245914372250804,-0.7351480179686981,-0.7465024352746664,0.458476756793561,-1.4501633863258725,-1.8012368789716293,0.7844600309541507,-0.15056652811390175,-0.09985151043117445,-0.8812646672316334,1.0,0.0,5
-0.6867462863744191,-0.0169575988832069,-0.05391426386374872,0.2234626940094639,-0.9640095469597175,-0.7014419207607885,-0.8246722740028872,-1.597507564938921,-0.026658497255685663,-1.6173468301637641,2.3839698884341516,0.0,1.0,7
1.433596703557862,-0.257116474381493,0.6273194902412005,-0.6788304495106573,0.3004227230431969,-1.1621935918777633,-1.6059239579778808,0.24945443359331174,0.28311157988985314,2.077424383098193,0.9606625180157319,1.0,0.0,7
-0.838199357083868,0.6434793087370793,-0.3264077655057283,-0.9495183925666938,-0.46350510675023066,-0.9894117152088977,-0.5760921927381165,-0.6126883443193119,0.035295518173421,-1.4194126580247306,-0.8812646672316334,0.0,1.0,5
-0.15666053889134865,-0.7374342253780647,-0.1901610146847387,0.8776252230615519,-0.17373937820789603,-0.35587816742305745,-0.4340464320153904,0.3619078394080232,0.40701961074806925,-0.49571985470924124,-0.6300927783342647,0.0,1.0,6
0.14624560252754895,1.2438764974827943,-0.6670246425582032,-0.6337157923346513,1.3014316034621707,-1.0470056740985194,-0.7536493936415242,0.4777689241868007,-1.0798767595505236,0.6259071207452813,-1.132436556129002,1.0,0.0,5
-0.38384014495552155,-0.6173547876289218,0.6273194902412005,0.990411866001567,-0.4371627677918366,1.0839708048174885,0.9153882948505077,0.30738497598270054,-0.646198651546766,0.49395100598592556,-0.5463688153684757,0.0,1.0,6
2.418041663169279,-0.4972753498797788,1.104183118114665,-0.7013877780986604,0.24773804512640876,-1.3925694274362506,-1.8545040392426515,0.9343979053737408,0.6548356724645014,2.2093804978575484,0.29087081428941786,1.0,0.0,6
0.07051906717282422,-0.7974739442526363,-0.12203763927424371,1.3287717948216125,-0.5161897846670188,-0.7014419207607885,-0.04342059002789359,0.8526136102357758,1.0885137804682563,-0.23180762519053016,-0.7975407042658443,0.0,1.0,6
-1.2925585692122137,-1.0976725386254935,-0.3945311409162233,-0.7916170924506725,-0.647901479458989,0.2776553803627828,-0.25648923111198274,-1.2737780633511646,1.2743758267555818,1.5495999240607705,1.2118344069131004,0.0,1.0,6
-1.2168320338574896,1.6641545296047942,-1.9613687753576068,-0.7916170924506725,0.6165307905439255,-1.3925694274362506,-1.8012368789716293,0.16426245949128057,2.699318181625065,0.5599290633656034,-0.37892088943689756,1.0,0.0,4
0.4491517439464459,-0.7974739442526363,0.15045586236773625,1.5543450807016428,-0.46350510675023066,1.4295345581552197,0.4537395725016478,0.4777689241868007,-1.2657388058378465,-1.4853907154044084,-0.21147296350531794,0.0,1.0,6
-1.2168320338574896,-0.9775931008763507,-0.1901610146847387,-0.6111584637466483,-0.4371627677918366,-1.4501633863258725,-1.1975423959000433,-1.1033941151470643,-0.9559687286923076,-0.5616979120889191,-0.37892088943689756,0.0,1.0,4
0.14624560252754895,-0.5573150687543503,0.3548259885992209,0.42647865130149126,-0.9640095469597175,-0.9318177563192758,-0.3807792717443681,-0.2037668686295244,-1.3896468366960626,-0.36376373994988587,0.12342288835783828,0.0,1.0,7
0.14624560252754895,-0.43723563100520724,-0.05391426386374872,-0.5886011351586452,-1.1220635807100818,-0.874223797429654,0.50700673277267,-1.2124398419976719,-1.2037847904087398,0.757863235504637,1.2118344069131004,0.0,1.0,4
-0.838199357083868,-0.13703703663234995,-0.25828439009523335,0.35880666553748203,-0.9376672080013234,-0.06790837297494821,0.3116938117789217,-0.8921180193740196,-0.4603366052594433,-1.1555004285060195,0.7513526106012585,0.0,1.0,7
-1.0653789631480408,-0.07699731775777843,-0.803271393379193,2.4904742171037686,-0.25276639508307824,-0.24069024964381375,0.9153882948505077,1.0570743480806883,-0.8320606978340915,-0.49571985470924124,-1.3836084450263693,0.0,1.0,5
0.5248782793011707,-0.19707675550692147,-0.6670246425582032,1.8701476809336854,-0.2264240561246842,0.9111889281486231,1.7321514190061829,1.6772719195435208,1.5221918884720138,0.3619948912265698,-0.4626448524026866,0.0,1.0,5
-0.08093400353662458,-0.37719591213063575,-0.05391426386374872,-0.7916170924506725,-0.09471236133271399,-0.5862540029815447,-0.29200067129266427,-1.2976318160997409,-0.4603366052594433,-0.23180762519053016,0.7094906291183647,0.0,1.0,5
0.07051906717282422,-0.6173547876289218,0.49107273942021085,2.919063460275826,0.010656994500862296,0.8535949692590012,0.6135410533147146,1.840840509819451,-0.08861251268479507,-1.1555004285060195,-1.634780333923738,0.0,1.0,5
-0.6110197510196944,0.3432807143642219,-0.5989012671477081,-0.7690597638626695,0.24773804512640876,-1.4501633863258725,-1.81899259906197,0.4436921345459882,0.7167896878936081,0.164060719087537,-1.132436556129002,1.0,0.0,5
0.37342520859172185,-0.257116474381493,0.014209111546746275,-0.7690597638626695,-0.5161897846670188,-0.41347212631267927,0.16964805105619557,-0.8853026614458495,-1.8233249446998174,-1.3534346006450526,0.37459477725520696,0.0,1.0,6
-0.15666053889134865,-0.4972753498797788,0.15045586236773625,1.3287717948216125,-0.4898474457086247,-0.29828420853343557,-0.540580752557435,-0.060644352138104436,-0.7081526669758754,-1.2874565432653748,0.29087081428941786,0.0,1.0,6
0.9035109560747924,-0.31715619325606453,-0.1901610146847387,-0.8931250710966862,-0.647901479458989,-1.5077573452154942,-1.0554966351773172,-1.2601473474948244,-1.9472329755580335,-1.4194126580247306,0.7094906291183647,0.0,1.0,4
-1.0653789631480408,-0.9175533820017792,1.1723064935251601,-0.024667920458569362,-0.4371627677918366,0.7960010103693794,0.06311373051415099,-0.34007402719277424,0.7167896878936081,-1.0235443137466638,-0.8812646672316334,0.0,1.0,7
-0.23238707424607272,0.10312183886593582,0.21857923777823088,0.8099532372975426,-0.4898474457086247,0.3928432981420265,0.18740377114653634,-0.9875330303682869,-1.3896468366960626,-1.4194126580247306,1.5467302587762581,0.0,1.0,8
-0.3081136096007975,-1.0376328197509221,0.014209111546746275,-0.8141744210386755,-0.4371627677918366,0.2776553803627828,-0.14995491056993818,-1.444162011555227,-0.39838258983033387,0.8238412928843148,1.2118344069131004,0.0,1.0,5
-0.4595666803102463,-0.0169575988832069,0.15045586236773625,-0.5434864779826392,-0.14739703924950215,0.594422154255703,1.6966399788255013,-0.46275046989972185,-0.4603366052594433,0.49395100598592556,-0.4626448524026866,0.0,1.0,5
-0.3081136096007975,0.5834395898625077,0.3548259885992209,0.02044673671743654,-0.25276639508307824,0.9111889281486231,1.5368384980124343,-0.23784365827033685,-0.8940147132631981,0.757863235504637,-0.044025037573739836,0.0,1.0,4
-0.3081136096007975,-0.0169575988832069,-1.4845051474841422,-0.8141744210386755,-0.2000817171662901,-0.06790837297494821,0.06311373051415099,-0.3059972375519618,-0.08861251268479507,-0.8256101416076306,-0.8812646672316334,0.0,1.0,5
-1.2168320338574896,-0.9775931008763507,1.7854168722196142,-0.8480104139206801,-0.5952168015422008,-0.06790837297494821,0.2584266515078994,-1.587284528046647,1.7700079501884434,0.4279729486062477,1.2118344069131004,0.0,1.0,7
-0.7624728217291432,-0.19707675550692147,-0.7351480179686981,0.29113467977347296,-0.4108204288334425,1.1415647637071105,1.8386857395482274,-0.13561328934789943,-0.4603366052594433,0.4279729486062477,-0.4626448524026866,0.0,1.0,5
-1.5954647106311113,-0.31715619325606453,-0.25828439009523335,0.7422812515335337,-0.8059555132093533,-0.1830962907541919,-0.1321991904795974,-0.48319654368423204,0.8406977187518241,-1.0895223711263415,0.37459477725520696,0.0,1.0,6
-0.23238707424607272,-0.07699731775777843,2.0579103738615943,0.5618226228295093,-0.4898474457086247,0.9111889281486231,0.3116938117789217,-1.0454635727576755,0.035295518173421,-0.6936540268482748,2.3839698884341516,0.0,1.0,7
-0.08093400353662458,-1.2177519763746365,0.5591961148307059,-0.8592890782146816,-0.14739703924950215,1.4295345581552197,0.38271669214028475,-0.4423043961152495,0.4689736261771759,2.8031830142746483,-0.6300927783342647,0.0,1.0,7
-1.3682851045669377,0.1931814171777931,0.5591961148307059,-0.385585177866618,-0.06837002237431992,-0.06790837297494821,0.5780296131340331,0.10973959606599575,1.2124218113264724,-0.09985151043117445,-1.216160519094791,0.0,1.0,5
-1.1411054985027649,-0.6173547876289218,1.03605974270417,0.29113467977347296,0.326765062001591,0.2776553803627828,1.19947981629596,-0.20035918966545826,-0.7081526669758754,-0.49571985470924124,-0.6859087539238722,0.0,1.0,5
-0.6110197510196944,-0.8575136631272077,-1.1438882704316677,0.35880666553748203,-0.27910873404147235,-0.24069024964381375,-0.02566486993755283,-0.1424286472760695,-1.451600852125169,0.296016833846892,-0.5463688153684757,0.0,1.0,6
-0.23238707424607272,-0.5573150687543503,-0.3264077655057283,0.9114612159435566,-0.46350510675023066,0.3928432981420265,0.24067093141755863,-0.3059972375519618,0.28311157988985314,-1.2874565432653748,0.6257666661525756,0.0,1.0,8
0.6006048146558948,-0.0169575988832069,1.1723064935251601,0.9001825516495549,-0.6215591405005949,0.5080312159212702,1.1639683761152784,-0.3059972375519618,-0.5842446361176594,-1.0235443137466638,1.4630062958104693,0.0,1.0,8
0.14624560252754895,-0.07699731775777843,-0.3945311409162233,2.388966238457755,-0.2000817171662901,2.1206620648306815,1.6966399788255013,1.558003155800677,-1.0179227441214143,0.9557974076436706,-0.8812646672316334,0.0,1.0,5
1.1306905621389645,0.7035190276116507,-0.05391426386374872,-0.5660438065706422,1.8282783826300517,-0.35587816742305745,-0.8956951543642503,1.0093668425835358,-0.7701066824049821,1.351665751921737,-0.7975407042658443,1.0,0.0,5
0.07051906717282422,0.40332043323879313,-0.1901610146847387,-0.7239451066866635,-0.647901479458989,-0.24069024964381375,-0.7181379534608426,-1.9110140296344031,-1.6374628984124946,-1.2214784858856973,2.049074036570994,0.0,1.0,8
-0.08093400353662458,-1.0376328197509221,-0.05391426386374872,-0.7690597638626695,-0.5161897846670188,-0.874223797429654,-0.20322207084096047,-1.1919937682131996,-0.5222906206885499,-0.23180762519053016,1.2118344069131004,0.0,1.0,6
0.22197213788227302,-0.6773945065034932,0.28670261318872586,0.44903597988949423,-0.5425321236254129,0.7384070514797575,0.8266096943988038,-0.23784365827033685,-1.1418307749796304,-1.4194126580247306,0.37459477725520696,0.0,1.0,5
-0.6867462863744191,-0.6173547876289218,0.3548259885992209,-0.7239451066866635,-0.674243818417383,-1.3925694274362506,-0.9489623146352726,-1.6349920335437995,0.4689736261771759,-1.2874565432653748,1.3792823328446786,0.0,1.0,4
0.9792374914295164,-1.0976725386254935,0.08233248695724127,-0.9044037353906876,0.5111614347103491,-0.7590358796504103,-1.0199851949966356,-0.8171490821642245,-0.5222906206885499,-0.49571985470924124,0.03969892539204922,0.0,1.0,6
-0.0052074681818998474,-0.43723563100520724,-0.25828439009523335,2.2987369241057425,-0.27910873404147235,-1.3925694274362506,-1.304076716442088,0.7333448464929321,-0.33642857440122725,-0.9575662563669859,0.29087081428941786,0.0,1.0,6
0.07051906717282422,-0.9175533820017792,-0.3264077655057283,-0.7690597638626695,-0.7796131742509592,0.2776553803627828,0.38271669214028475,-0.6876572815291069,0.9646057496100402,0.03210460432818127,0.37459477725520696,0.0,1.0,7
0.2976986732369971,-0.7974739442526363,1.1723064935251601,-0.5660438065706422,-0.25276639508307824,-0.5862540029815447,0.27618237159824016,-0.926194809014832,-0.4603366052594433,-0.36376373994988587,0.458318740220996,0.0,1.0,5
0.9035109560747924,0.0430821199913643,1.649170121398625,1.9829343238737005,-0.2264240561246842,1.4295345581552197,1.341525577018686,1.636379771974538,-0.9559687286923076,0.296016833846892,-0.9649886301974224,0.0,1.0,6
0.37342520859172185,-0.0169575988832069,-0.3264077655057283,0.8550678944735489,0.16871102825122655,0.5080312159212702,1.2349912564766414,0.8185368205949632,-0.8320606978340915,0.6259071207452813,-1.132436556129002,0.0,1.0,6
-0.0052074681818998474,-0.43723563100520724,-0.05391426386374872,-0.8592890782146816,-0.674243818417383,-0.1830962907541919,-0.611603632918798,-1.9007909927421671,-1.2037847904087398,-1.3534346006450526,1.7979021476736254,0.0,1.0,6
0.5248782793011707,-0.19707675550692147,0.014209111546746275,-0.7013877780986604,0.24773804512640876,-0.9318177563192758,-1.3928553168937916,-0.2923665216956595,1.1504677958973657,0.164060719087537,1.7141781847078363,1.0,0.0,6
-0.3081136096007975,1.7842339673539374,-1.4845051474841422,-0.6562731209226543,0.7482424853358958,-0.7014419207607885,-0.238733511021642,0.3755385552643633,0.7167896878936081,-0.09985151043117445,-0.2951969264711085,1.0,0.0,5
0.2976986732369971,-0.43723563100520724,0.014209111546746275,-0.8592890782146816,-0.35813575091665456,-0.41347212631267927,-0.7536493936415242,-0.7285494290980894,-1.0179227441214143,0.9557974076436706,-0.044025037573739836,0.0,1.0,5
1.0549640267842404,2.744869469347081,-1.4163817720736476,-0.6111584637466483,0.7219001463775018,-1.0470056740985194,-1.4816339173454955,1.1593047170031259,1.0885137804682563,-0.36376373994988587,-0.5463688153684757,1.0,0.0,5
-0.4595666803102463,0.4633601521133647,0.08233248695724127,-0.4983718208066331,-0.5952168015422008,-0.874223797429654,-0.5228250324670942,-1.532761664621362,0.3450655953189598,-0.1658295678108523,2.3839698884341516,0.0,1.0,6
-1.2925585692122137,0.883638184235365,-1.9613687753576068,-0.7239451066866635,-0.33179341195826045,-0.12550233186457005,-0.4873135922864127,-1.2601473474948244,1.7080539347593366,1.8794902109591591,2.8863136662288875,1.0,0.0,8
-0.7624728217291432,1.3039162163573657,-1.5526285228946373,-0.7465024352746664,-0.09471236133271399,-0.35587816742305745,-1.4638781972551547,-0.16287472106054185,1.9558699964757689,0.4279729486062477,0.6257666661525756,1.0,0.0,5
-0.3081136096007975,-0.4972753498797788,0.9679363672936755,0.7422812515335337,-0.5161897846670188,1.0839708048174885,1.0396783354828931,0.5152533927916793,-0.33642857440122725,-0.42974179732956375,-1.0487125931632115,0.0,1.0,5
-1.5197381752763865,-0.3471760526933503,-0.1901610146847387,0.03172540101143822,-0.5688744625838068,1.9478801881618162,0.4182281323209663,-1.7031456128254243,-0.21252054354301114,-1.2874565432653748,1.5467302587762581,0.0,1.0,8
-0.7624728217291432,-0.07699731775777843,-0.8713947687896879,0.1332333796574517,-0.38447808987504845,-0.4710660852023011,0.50700673277267,-0.08449810488668073,-0.4603366052594433,0.6259071207452813,-0.5463688153684757,0.0,1.0,5
0.14624560252754895,-0.4972753498797788,-0.05391426386374872,-0.5886011351586452,-0.35813575091665456,1.6023164348240853,1.1284569359345968,-0.13561328934789943,1.2124218113264724,0.9557974076436706,0.03969892539204922,0.0,1.0,6
0.5248782793011707,-0.7374342253780647,0.4229493640097159,0.6746092657695245,-0.35813575091665456,0.9111889281486231,0.6668082135857369,-0.37415081683362456,-0.646198651546766,-1.4194126580247306,0.7932145920841537,0.0,1.0,7
-0.15666053889134865,0.8235984653607935,-1.3482583966631525,-0.11489723481058156,-0.17373937820789603,-0.41347212631267927,-0.5050693123767535,-0.17650543691688197,-2.257003052703575,-1.2214784858856973,-1.2998844820605802,0.0,1.0,5
-1.6711912459858353,0.6734991681743651,-0.9395181442001829,-0.7013877780986604,-0.5425321236254129,0.16246746258353914,-0.14995491056993818,-2.3983121214980896,-0.08861251268479507,1.945468268338837,2.8863136662288875,0.0,1.0,7
-0.913925892438592,-0.07699731775777843,-0.3945311409162233,0.02044673671743654,-0.14739703924950215,-0.8166298385400321,0.08086945060449176,-0.11516721556338926,-0.4603366052594433,-0.8256101416076306,-1.132436556129002,0.0,1.0,5
1.5850497742673118,0.3432807143642219,1.1723064935251601,-0.5660438065706422,0.7482424853358958,0.45043725703164833,0.48925101268232934,1.1252279273623134,-0.026658497255685663,0.09808266170785913,-0.9649886301974224,1.0,0.0,5
1.5093232389125861,-0.5573150687543503,0.15045586236773625,-0.8592890782146816,-0.8059555132093533,0.04727954480429546,-0.3807792717443681,-0.9875330303682869,-1.8233249446998174,-1.0895223711263415,0.6257666661525756,0.0,1.0,7
-0.6867462863744191,-0.13703703663234995,-0.3945311409162233,1.5769024092896458,-0.2000817171662901,1.8902862292721943,0.9864111752118707,0.5459225034684256,-0.5222906206885499,0.09808266170785913,-0.5463688153684757,0.0,1.0,6
0.07051906717282422,-1.0376328197509221,0.28670261318872586,0.7197239229455304,-0.7532708352925652,0.7960010103693794,-0.06117631011823436,-0.6058729863911418,-0.5222906206885499,-0.8256101416076306,1.5467302587762581,0.0,1.0,6
-0.0052074681818998474,0.16316155774050736,0.014209111546746275,-0.6788304495106573,0.14236868929283247,-0.874223797429654,-1.5349010776165177,0.06884744849701321,0.035295518173421,1.2856876945420592,0.6257666661525756,1.0,0.0,7
-0.0052074681818998474,1.4239956541065082,1.512923370577635,-0.6562731209226543,1.512170315129323,-1.5653513041051161,-1.8722597593329924,0.9173595105533345,0.6548356724645014,0.2300387764672141,-0.21147296350531794,1.0,0.0,4
0.8277844207200683,-1.0976725386254935,1.104183118114665,-0.7465024352746664,0.010656994500862296,0.04727954480429546,-0.29200067129266427,-0.0674597100662745,-0.4603366052594433,-0.8256101416076306,-0.21147296350531794,0.0,1.0,6
